JSON_PATH,FIELD,VALUE_TYPE,VALUE
[],$,object,
"[""artifact_type""]",artifact_type,string,AI-FILLABLE DATA TEMPLATE
"[""source_report""]",source_report,string,example_04_agriculture.pdf
"[""source_sha256""]",source_sha256,string,0fecbc45c712ed4d38ab69a2560148bd401a96f50c8a37812a2b80fdcfe6630f
"[""principles_file""]",principles_file,string,07_AI_FILLABLE_DATA_TEMPLATE.txt
"[""principles_sha256""]",principles_sha256,string,3a509323649b36f6b30b01403a9fd91c3d0de9f8e89165ff13a9e862fb01752b
"[""retrieved_chunk_ids""]",retrieved_chunk_ids,array,
"[""retrieved_chunk_ids"",0]",0,integer,1
"[""retrieved_chunk_ids"",1]",1,integer,2
"[""retrieved_chunk_ids"",2]",2,integer,3
"[""retrieved_chunk_ids"",3]",3,integer,4
"[""standard_references""]",standard_references,array,
"[""standard_references"",0]",0,object,
"[""standard_references"",0,""agency""]",agency,string,SDMX
"[""standard_references"",0,""artifact_type""]",artifact_type,string,Registry codelist catalogue
"[""standard_references"",0,""artifact_id""]",artifact_id,string,SDMX Global Registry codelists
"[""standard_references"",0,""version""]",version,string,not stated
"[""standard_references"",0,""url""]",url,string,https://registry.sdmx.org/items/codelist.html
"[""standard_references"",0,""evidence""]",evidence,string,"The fetched official SDMX Global Registry page confirms that codelists are an SDMX registry artifact type with search, details, references, changelog and export functions. The excerpt does not confirm individual codelist versions or code-level contents for this template."
"[""standard_references"",0,""verification_status""]",verification_status,string,CONFIRMED
"[""standard_references"",1]",1,object,
"[""standard_references"",1,""agency""]",agency,string,SDMX
"[""standard_references"",1,""artifact_type""]",artifact_type,string,Glossary / cross-domain concepts
"[""standard_references"",1,""artifact_id""]",artifact_id,string,SDMX Glossary
"[""standard_references"",1,""version""]",version,string,2.1
"[""standard_references"",1,""url""]",url,string,https://sdmx.org/wp-content/uploads/SDMX_Glossary_Version_2_1_December_2020.htm
"[""standard_references"",1,""evidence""]",evidence,string,"The fetched glossary excerpt describes cross-domain concepts and codelist conventions, including that Observation Status has concept ID OBS_STATUS and codelist ID CL_OBS_STATUS, and includes examples where Reference area is a DSD dimension. It does not confirm all codelist versions or report-label mappings needed for production use."
"[""standard_references"",1,""verification_status""]",verification_status,string,CONFIRMED
"[""standard_references"",2]",2,object,
"[""standard_references"",2,""agency""]",agency,string,SDMX
"[""standard_references"",2,""artifact_type""]",artifact_type,string,Codelist
"[""standard_references"",2,""artifact_id""]",artifact_id,string,CL_FREQ
"[""standard_references"",2,""version""]",version,string,not confirmed in supplied external evidence
"[""standard_references"",2,""url""]",url,string,https://registry.sdmx.org/items/codelist.html
"[""standard_references"",2,""evidence""]",evidence,string,"CL_FREQ is used as candidate frequency-code reuse according to the supplied SDMX common-concepts guidance. The fetched registry excerpt confirms the registry codelist catalogue but does not show the CL_FREQ entry, version, or its code contents."
"[""standard_references"",2,""verification_status""]",verification_status,string,CANDIDATE
"[""standard_references"",3]",3,object,
"[""standard_references"",3,""agency""]",agency,string,SDMX
"[""standard_references"",3,""artifact_type""]",artifact_type,string,Codelist
"[""standard_references"",3,""artifact_id""]",artifact_id,string,CL_OBS_STATUS
"[""standard_references"",3,""version""]",version,string,not confirmed in supplied external evidence
"[""standard_references"",3,""url""]",url,string,https://sdmx.org/wp-content/uploads/SDMX_Glossary_Version_2_1_December_2020.htm
"[""standard_references"",3,""evidence""]",evidence,string,"The fetched glossary excerpt states that Observation Status uses concept ID OBS_STATUS and codelist ID CL_OBS_STATUS. The supplied evidence does not confirm mappings for the report labels Final, Forecast, and Observed."
"[""standard_references"",3,""verification_status""]",verification_status,string,CANDIDATE
"[""standard_references"",4]",4,object,
"[""standard_references"",4,""agency""]",agency,string,UNSD
"[""standard_references"",4,""artifact_type""]",artifact_type,string,Geographic classification
"[""standard_references"",4,""artifact_id""]",artifact_id,string,UN M49
"[""standard_references"",4,""version""]",version,string,not stated
"[""standard_references"",4,""url""]",url,string,https://unstats.un.org/unsd/methodology/m49/
"[""standard_references"",4,""evidence""]",evidence,string,"The fetched UN M49 excerpt confirms that UN M49 lists countries and areas with numeric and alpha identifiers. The report's regions Northland, Centralia, and South Coast are not confirmed in the supplied excerpt, so UN M49 is only a checked candidate source for geographic reuse."
"[""standard_references"",4,""verification_status""]",verification_status,string,CANDIDATE
"[""limitations""]",limitations,array,
"[""limitations"",0]",0,string,Exact SDMX codelist versions for FREQ and OBS_STATUS are not confirmed in the supplied external evidence.
"[""limitations"",1]",1,string,Crop values are preserved as local/common-label codes because the report states that crop names require classification review.
"[""limitations"",2]",2,string,Fertilizer product values are preserved as local market category codes because the report states they are not verified CPC codes.
"[""limitations"",3]",3,string,The fertilizer price unit cannot be mapped to an ISO 4217 currency code because the report states the local currency is deliberately unnamed.
"[""limitations"",4]",4,string,"The report-specific regions Northland, Centralia, and South Coast have no confirmed authoritative geographic code in the supplied evidence."
"[""limitations"",5]",5,string,"Report status labels Final, Forecast, and Observed are preserved in local status codelists pending confirmed mapping to SDMX CL_OBS_STATUS."
"[""limitations"",6]",6,string,"No decimals, unit multiplier, confidentiality status, or explicit reporting agency columns are present in the accepted DSD components for these observation templates."
"[""limitations"",7]",7,string,"Template codelist identifiers are derived directly from the accepted DSD / Key Family components: CL_CROP_LOCAL, CL_AGR_REGION_LOCAL, CL_AGR_CROP_INDICATOR, CL_AGR_UNIT_MEASURE_LOCAL, CL_AGR_OBS_STATUS_LOCAL, CL_FERTILIZER_PRODUCT_LOCAL, CL_FERTILIZER_UNIT_LOCAL, and CL_PRICE_OBS_STATUS_LOCAL."
"[""templates""]",templates,array,
"[""templates"",0]",0,object,
"[""templates"",0,""template_id""]",template_id,string,TPL_AGR_CROP_AREA_PRODUCTION_LONG
"[""templates"",0,""dsd_id""]",dsd_id,string,KF_AGR_CROP_AREA_PRODUCTION
"[""templates"",0,""columns""]",columns,array,
"[""templates"",0,""columns"",0]",0,object,
"[""templates"",0,""columns"",0,""column_id""]",column_id,string,FREQ
"[""templates"",0,""columns"",0,""role""]",role,string,DIMENSION
"[""templates"",0,""columns"",0,""required""]",required,boolean,true
"[""templates"",0,""columns"",0,""data_type""]",data_type,string,String (coded)
"[""templates"",0,""columns"",0,""codelist_id""]",codelist_id,string,CL_FREQ
"[""templates"",0,""columns"",0,""description""]",description,string,Observation frequency. Use A for annual crop area and production observations; CL_FREQ version not confirmed from supplied evidence.
"[""templates"",0,""columns"",1]",1,object,
"[""templates"",0,""columns"",1,""column_id""]",column_id,string,CROP
"[""templates"",0,""columns"",1,""role""]",role,string,DIMENSION
"[""templates"",0,""columns"",1,""required""]",required,boolean,true
"[""templates"",0,""columns"",1,""data_type""]",data_type,string,String (coded)
"[""templates"",0,""columns"",1,""codelist_id""]",codelist_id,string,CL_CROP_LOCAL
"[""templates"",0,""columns"",1,""description""]",description,string,"Crop common-label code from the DSD local crop codelist, pending classification review."
"[""templates"",0,""columns"",2]",2,object,
"[""templates"",0,""columns"",2,""column_id""]",column_id,string,REF_AREA
"[""templates"",0,""columns"",2,""role""]",role,string,DIMENSION
"[""templates"",0,""columns"",2,""required""]",required,boolean,true
"[""templates"",0,""columns"",2,""data_type""]",data_type,string,String (coded)
"[""templates"",0,""columns"",2,""codelist_id""]",codelist_id,string,CL_AGR_REGION_LOCAL
"[""templates"",0,""columns"",2,""description""]",description,string,"Local report region code for the crop observation, using the DSD region codelist."
"[""templates"",0,""columns"",3]",3,object,
"[""templates"",0,""columns"",3,""column_id""]",column_id,string,INDICATOR
"[""templates"",0,""columns"",3,""role""]",role,string,DIMENSION
"[""templates"",0,""columns"",3,""required""]",required,boolean,true
"[""templates"",0,""columns"",3,""data_type""]",data_type,string,String (coded)
"[""templates"",0,""columns"",3,""codelist_id""]",codelist_id,string,CL_AGR_CROP_INDICATOR
"[""templates"",0,""columns"",3,""description""]",description,string,Crop indicator code from the DSD codelist. Use HARVESTED_AREA for area and PRODUCTION for crop output.
"[""templates"",0,""columns"",4]",4,object,
"[""templates"",0,""columns"",4,""column_id""]",column_id,string,TIME_PERIOD
"[""templates"",0,""columns"",4,""role""]",role,string,TIME
"[""templates"",0,""columns"",4,""required""]",required,boolean,true
"[""templates"",0,""columns"",4,""data_type""]",data_type,string,Gregorian year
"[""templates"",0,""columns"",4,""codelist_id""]",codelist_id,null,
"[""templates"",0,""columns"",4,""description""]",description,string,Annual reference period from the report Year column.
"[""templates"",0,""columns"",5]",5,object,
"[""templates"",0,""columns"",5,""column_id""]",column_id,string,OBS_VALUE
"[""templates"",0,""columns"",5,""role""]",role,string,MEASURE
"[""templates"",0,""columns"",5,""required""]",required,boolean,true
"[""templates"",0,""columns"",5,""data_type""]",data_type,string,Decimal
"[""templates"",0,""columns"",5,""codelist_id""]",codelist_id,null,
"[""templates"",0,""columns"",5,""description""]",description,string,Numeric observation value only; units are stored separately in UNIT_MEASURE.
"[""templates"",0,""columns"",6]",6,object,
"[""templates"",0,""columns"",6,""column_id""]",column_id,string,UNIT_MEASURE
"[""templates"",0,""columns"",6,""role""]",role,string,ATTRIBUTE
"[""templates"",0,""columns"",6,""required""]",required,boolean,true
"[""templates"",0,""columns"",6,""data_type""]",data_type,string,String (coded)
"[""templates"",0,""columns"",6,""codelist_id""]",codelist_id,string,CL_AGR_UNIT_MEASURE_LOCAL
"[""templates"",0,""columns"",6,""description""]",description,string,"Unit code for the crop observation: HECTARES for harvested area or TONNES for production, using the DSD crop unit codelist."
"[""templates"",0,""columns"",7]",7,object,
"[""templates"",0,""columns"",7,""column_id""]",column_id,string,OBS_STATUS
"[""templates"",0,""columns"",7,""role""]",role,string,ATTRIBUTE
"[""templates"",0,""columns"",7,""required""]",required,boolean,true
"[""templates"",0,""columns"",7,""data_type""]",data_type,string,String (coded)
"[""templates"",0,""columns"",7,""codelist_id""]",codelist_id,string,CL_AGR_OBS_STATUS_LOCAL
"[""templates"",0,""columns"",7,""description""]",description,string,"Crop observation status code preserved from the report, pending confirmed mapping to SDMX CL_OBS_STATUS."
"[""templates"",0,""observations""]",observations,array,
"[""templates"",0,""observations"",0]",0,object,
"[""templates"",0,""observations"",0,""dsd_id""]",dsd_id,string,KF_AGR_CROP_AREA_PRODUCTION
"[""templates"",0,""observations"",0,""values""]",values,array,
"[""templates"",0,""observations"",0,""values"",0]",0,object,
"[""templates"",0,""observations"",0,""values"",0,""column_id""]",column_id,string,FREQ
"[""templates"",0,""observations"",0,""values"",0,""value""]",value,string,A
"[""templates"",0,""observations"",0,""values"",1]",1,object,
"[""templates"",0,""observations"",0,""values"",1,""column_id""]",column_id,string,CROP
"[""templates"",0,""observations"",0,""values"",1,""value""]",value,string,RICE
"[""templates"",0,""observations"",0,""values"",2]",2,object,
"[""templates"",0,""observations"",0,""values"",2,""column_id""]",column_id,string,REF_AREA
"[""templates"",0,""observations"",0,""values"",2,""value""]",value,string,NORTHLAND
"[""templates"",0,""observations"",0,""values"",3]",3,object,
"[""templates"",0,""observations"",0,""values"",3,""column_id""]",column_id,string,INDICATOR
"[""templates"",0,""observations"",0,""values"",3,""value""]",value,string,HARVESTED_AREA
"[""templates"",0,""observations"",0,""values"",4]",4,object,
"[""templates"",0,""observations"",0,""values"",4,""column_id""]",column_id,string,TIME_PERIOD
"[""templates"",0,""observations"",0,""values"",4,""value""]",value,string,2024
"[""templates"",0,""observations"",0,""values"",5]",5,object,
"[""templates"",0,""observations"",0,""values"",5,""column_id""]",column_id,string,OBS_VALUE
"[""templates"",0,""observations"",0,""values"",5,""value""]",value,integer,60388
"[""templates"",0,""observations"",0,""values"",6]",6,object,
"[""templates"",0,""observations"",0,""values"",6,""column_id""]",column_id,string,UNIT_MEASURE
"[""templates"",0,""observations"",0,""values"",6,""value""]",value,string,HECTARES
"[""templates"",0,""observations"",0,""values"",7]",7,object,
"[""templates"",0,""observations"",0,""values"",7,""column_id""]",column_id,string,OBS_STATUS
"[""templates"",0,""observations"",0,""values"",7,""value""]",value,string,FINAL
"[""templates"",0,""observations"",0,""evidence_quote""]",evidence_quote,string,Rice                         Northland                  2024                     60388                       Hectares                  315315                   Tonnes                         Final
"[""templates"",0,""observations"",1]",1,object,
"[""templates"",0,""observations"",1,""dsd_id""]",dsd_id,string,KF_AGR_CROP_AREA_PRODUCTION
"[""templates"",0,""observations"",1,""values""]",values,array,
"[""templates"",0,""observations"",1,""values"",0]",0,object,
"[""templates"",0,""observations"",1,""values"",0,""column_id""]",column_id,string,FREQ
"[""templates"",0,""observations"",1,""values"",0,""value""]",value,string,A
"[""templates"",0,""observations"",1,""values"",1]",1,object,
"[""templates"",0,""observations"",1,""values"",1,""column_id""]",column_id,string,CROP
"[""templates"",0,""observations"",1,""values"",1,""value""]",value,string,RICE
"[""templates"",0,""observations"",1,""values"",2]",2,object,
"[""templates"",0,""observations"",1,""values"",2,""column_id""]",column_id,string,REF_AREA
"[""templates"",0,""observations"",1,""values"",2,""value""]",value,string,NORTHLAND
"[""templates"",0,""observations"",1,""values"",3]",3,object,
"[""templates"",0,""observations"",1,""values"",3,""column_id""]",column_id,string,INDICATOR
"[""templates"",0,""observations"",1,""values"",3,""value""]",value,string,PRODUCTION
"[""templates"",0,""observations"",1,""values"",4]",4,object,
"[""templates"",0,""observations"",1,""values"",4,""column_id""]",column_id,string,TIME_PERIOD
"[""templates"",0,""observations"",1,""values"",4,""value""]",value,string,2024
"[""templates"",0,""observations"",1,""values"",5]",5,object,
"[""templates"",0,""observations"",1,""values"",5,""column_id""]",column_id,string,OBS_VALUE
"[""templates"",0,""observations"",1,""values"",5,""value""]",value,integer,315315
"[""templates"",0,""observations"",1,""values"",6]",6,object,
"[""templates"",0,""observations"",1,""values"",6,""column_id""]",column_id,string,UNIT_MEASURE
"[""templates"",0,""observations"",1,""values"",6,""value""]",value,string,TONNES
"[""templates"",0,""observations"",1,""values"",7]",7,object,
"[""templates"",0,""observations"",1,""values"",7,""column_id""]",column_id,string,OBS_STATUS
"[""templates"",0,""observations"",1,""values"",7,""value""]",value,string,FINAL
"[""templates"",0,""observations"",1,""evidence_quote""]",evidence_quote,string,Rice                         Northland                  2024                     60388                       Hectares                  315315                   Tonnes                         Final
"[""templates"",0,""observations"",2]",2,object,
"[""templates"",0,""observations"",2,""dsd_id""]",dsd_id,string,KF_AGR_CROP_AREA_PRODUCTION
"[""templates"",0,""observations"",2,""values""]",values,array,
"[""templates"",0,""observations"",2,""values"",0]",0,object,
"[""templates"",0,""observations"",2,""values"",0,""column_id""]",column_id,string,FREQ
"[""templates"",0,""observations"",2,""values"",0,""value""]",value,string,A
"[""templates"",0,""observations"",2,""values"",1]",1,object,
"[""templates"",0,""observations"",2,""values"",1,""column_id""]",column_id,string,CROP
"[""templates"",0,""observations"",2,""values"",1,""value""]",value,string,RICE
"[""templates"",0,""observations"",2,""values"",2]",2,object,
"[""templates"",0,""observations"",2,""values"",2,""column_id""]",column_id,string,REF_AREA
"[""templates"",0,""observations"",2,""values"",2,""value""]",value,string,NORTHLAND
"[""templates"",0,""observations"",2,""values"",3]",3,object,
"[""templates"",0,""observations"",2,""values"",3,""column_id""]",column_id,string,INDICATOR
"[""templates"",0,""observations"",2,""values"",3,""value""]",value,string,HARVESTED_AREA
"[""templates"",0,""observations"",2,""values"",4]",4,object,
"[""templates"",0,""observations"",2,""values"",4,""column_id""]",column_id,string,TIME_PERIOD
"[""templates"",0,""observations"",2,""values"",4,""value""]",value,string,2025
"[""templates"",0,""observations"",2,""values"",5]",5,object,
"[""templates"",0,""observations"",2,""values"",5,""column_id""]",column_id,string,OBS_VALUE
"[""templates"",0,""observations"",2,""values"",5,""value""]",value,integer,70674
"[""templates"",0,""observations"",2,""values"",6]",6,object,
"[""templates"",0,""observations"",2,""values"",6,""column_id""]",column_id,string,UNIT_MEASURE
"[""templates"",0,""observations"",2,""values"",6,""value""]",value,string,HECTARES
"[""templates"",0,""observations"",2,""values"",7]",7,object,
"[""templates"",0,""observations"",2,""values"",7,""column_id""]",column_id,string,OBS_STATUS
"[""templates"",0,""observations"",2,""values"",7,""value""]",value,string,FORECAST
"[""templates"",0,""observations"",2,""evidence_quote""]",evidence_quote,string,Rice                         Northland                  2025                     70674                       Hectares                  259222                   Tonnes                      Forecast
"[""templates"",0,""observations"",3]",3,object,
"[""templates"",0,""observations"",3,""dsd_id""]",dsd_id,string,KF_AGR_CROP_AREA_PRODUCTION
"[""templates"",0,""observations"",3,""values""]",values,array,
"[""templates"",0,""observations"",3,""values"",0]",0,object,
"[""templates"",0,""observations"",3,""values"",0,""column_id""]",column_id,string,FREQ
"[""templates"",0,""observations"",3,""values"",0,""value""]",value,string,A
"[""templates"",0,""observations"",3,""values"",1]",1,object,
"[""templates"",0,""observations"",3,""values"",1,""column_id""]",column_id,string,CROP
"[""templates"",0,""observations"",3,""values"",1,""value""]",value,string,RICE
"[""templates"",0,""observations"",3,""values"",2]",2,object,
"[""templates"",0,""observations"",3,""values"",2,""column_id""]",column_id,string,REF_AREA
"[""templates"",0,""observations"",3,""values"",2,""value""]",value,string,NORTHLAND
"[""templates"",0,""observations"",3,""values"",3]",3,object,
"[""templates"",0,""observations"",3,""values"",3,""column_id""]",column_id,string,INDICATOR
"[""templates"",0,""observations"",3,""values"",3,""value""]",value,string,PRODUCTION
"[""templates"",0,""observations"",3,""values"",4]",4,object,
"[""templates"",0,""observations"",3,""values"",4,""column_id""]",column_id,string,TIME_PERIOD
"[""templates"",0,""observations"",3,""values"",4,""value""]",value,string,2025
"[""templates"",0,""observations"",3,""values"",5]",5,object,
"[""templates"",0,""observations"",3,""values"",5,""column_id""]",column_id,string,OBS_VALUE
"[""templates"",0,""observations"",3,""values"",5,""value""]",value,integer,259222
"[""templates"",0,""observations"",3,""values"",6]",6,object,
"[""templates"",0,""observations"",3,""values"",6,""column_id""]",column_id,string,UNIT_MEASURE
"[""templates"",0,""observations"",3,""values"",6,""value""]",value,string,TONNES
"[""templates"",0,""observations"",3,""values"",7]",7,object,
"[""templates"",0,""observations"",3,""values"",7,""column_id""]",column_id,string,OBS_STATUS
"[""templates"",0,""observations"",3,""values"",7,""value""]",value,string,FORECAST
"[""templates"",0,""observations"",3,""evidence_quote""]",evidence_quote,string,Rice                         Northland                  2025                     70674                       Hectares                  259222                   Tonnes                      Forecast
"[""templates"",0,""observations"",4]",4,object,
"[""templates"",0,""observations"",4,""dsd_id""]",dsd_id,string,KF_AGR_CROP_AREA_PRODUCTION
"[""templates"",0,""observations"",4,""values""]",values,array,
"[""templates"",0,""observations"",4,""values"",0]",0,object,
"[""templates"",0,""observations"",4,""values"",0,""column_id""]",column_id,string,FREQ
"[""templates"",0,""observations"",4,""values"",0,""value""]",value,string,A
"[""templates"",0,""observations"",4,""values"",1]",1,object,
"[""templates"",0,""observations"",4,""values"",1,""column_id""]",column_id,string,CROP
"[""templates"",0,""observations"",4,""values"",1,""value""]",value,string,RICE
"[""templates"",0,""observations"",4,""values"",2]",2,object,
"[""templates"",0,""observations"",4,""values"",2,""column_id""]",column_id,string,REF_AREA
"[""templates"",0,""observations"",4,""values"",2,""value""]",value,string,CENTRALIA
"[""templates"",0,""observations"",4,""values"",3]",3,object,
"[""templates"",0,""observations"",4,""values"",3,""column_id""]",column_id,string,INDICATOR
"[""templates"",0,""observations"",4,""values"",3,""value""]",value,string,HARVESTED_AREA
"[""templates"",0,""observations"",4,""values"",4]",4,object,
"[""templates"",0,""observations"",4,""values"",4,""column_id""]",column_id,string,TIME_PERIOD
"[""templates"",0,""observations"",4,""values"",4,""value""]",value,string,2024
"[""templates"",0,""observations"",4,""values"",5]",5,object,
"[""templates"",0,""observations"",4,""values"",5,""column_id""]",column_id,string,OBS_VALUE
"[""templates"",0,""observations"",4,""values"",5,""value""]",value,integer,37859
"[""templates"",0,""observations"",4,""values"",6]",6,object,
"[""templates"",0,""observations"",4,""values"",6,""column_id""]",column_id,string,UNIT_MEASURE
"[""templates"",0,""observations"",4,""values"",6,""value""]",value,string,HECTARES
"[""templates"",0,""observations"",4,""values"",7]",7,object,
"[""templates"",0,""observations"",4,""values"",7,""column_id""]",column_id,string,OBS_STATUS
"[""templates"",0,""observations"",4,""values"",7,""value""]",value,string,FINAL
"[""templates"",0,""observations"",4,""evidence_quote""]",evidence_quote,string,Rice                           Centralia                  2024                     37859                       Hectares                  260371                   Tonnes                         Final
"[""templates"",0,""observations"",5]",5,object,
"[""templates"",0,""observations"",5,""dsd_id""]",dsd_id,string,KF_AGR_CROP_AREA_PRODUCTION
"[""templates"",0,""observations"",5,""values""]",values,array,
"[""templates"",0,""observations"",5,""values"",0]",0,object,
"[""templates"",0,""observations"",5,""values"",0,""column_id""]",column_id,string,FREQ
"[""templates"",0,""observations"",5,""values"",0,""value""]",value,string,A
"[""templates"",0,""observations"",5,""values"",1]",1,object,
"[""templates"",0,""observations"",5,""values"",1,""column_id""]",column_id,string,CROP
"[""templates"",0,""observations"",5,""values"",1,""value""]",value,string,RICE
"[""templates"",0,""observations"",5,""values"",2]",2,object,
"[""templates"",0,""observations"",5,""values"",2,""column_id""]",column_id,string,REF_AREA
"[""templates"",0,""observations"",5,""values"",2,""value""]",value,string,CENTRALIA
"[""templates"",0,""observations"",5,""values"",3]",3,object,
"[""templates"",0,""observations"",5,""values"",3,""column_id""]",column_id,string,INDICATOR
"[""templates"",0,""observations"",5,""values"",3,""value""]",value,string,PRODUCTION
"[""templates"",0,""observations"",5,""values"",4]",4,object,
"[""templates"",0,""observations"",5,""values"",4,""column_id""]",column_id,string,TIME_PERIOD
"[""templates"",0,""observations"",5,""values"",4,""value""]",value,string,2024
"[""templates"",0,""observations"",5,""values"",5]",5,object,
"[""templates"",0,""observations"",5,""values"",5,""column_id""]",column_id,string,OBS_VALUE
"[""templates"",0,""observations"",5,""values"",5,""value""]",value,integer,260371
"[""templates"",0,""observations"",5,""values"",6]",6,object,
"[""templates"",0,""observations"",5,""values"",6,""column_id""]",column_id,string,UNIT_MEASURE
"[""templates"",0,""observations"",5,""values"",6,""value""]",value,string,TONNES
"[""templates"",0,""observations"",5,""values"",7]",7,object,
"[""templates"",0,""observations"",5,""values"",7,""column_id""]",column_id,string,OBS_STATUS
"[""templates"",0,""observations"",5,""values"",7,""value""]",value,string,FINAL
"[""templates"",0,""observations"",5,""evidence_quote""]",evidence_quote,string,Rice                           Centralia                  2024                     37859                       Hectares                  260371                   Tonnes                         Final
"[""templates"",0,""observations"",6]",6,object,
"[""templates"",0,""observations"",6,""dsd_id""]",dsd_id,string,KF_AGR_CROP_AREA_PRODUCTION
"[""templates"",0,""observations"",6,""values""]",values,array,
"[""templates"",0,""observations"",6,""values"",0]",0,object,
"[""templates"",0,""observations"",6,""values"",0,""column_id""]",column_id,string,FREQ
"[""templates"",0,""observations"",6,""values"",0,""value""]",value,string,A
"[""templates"",0,""observations"",6,""values"",1]",1,object,
"[""templates"",0,""observations"",6,""values"",1,""column_id""]",column_id,string,CROP
"[""templates"",0,""observations"",6,""values"",1,""value""]",value,string,RICE
"[""templates"",0,""observations"",6,""values"",2]",2,object,
"[""templates"",0,""observations"",6,""values"",2,""column_id""]",column_id,string,REF_AREA
"[""templates"",0,""observations"",6,""values"",2,""value""]",value,string,CENTRALIA
"[""templates"",0,""observations"",6,""values"",3]",3,object,
"[""templates"",0,""observations"",6,""values"",3,""column_id""]",column_id,string,INDICATOR
"[""templates"",0,""observations"",6,""values"",3,""value""]",value,string,HARVESTED_AREA
"[""templates"",0,""observations"",6,""values"",4]",4,object,
"[""templates"",0,""observations"",6,""values"",4,""column_id""]",column_id,string,TIME_PERIOD
"[""templates"",0,""observations"",6,""values"",4,""value""]",value,string,2025
"[""templates"",0,""observations"",6,""values"",5]",5,object,
"[""templates"",0,""observations"",6,""values"",5,""column_id""]",column_id,string,OBS_VALUE
"[""templates"",0,""observations"",6,""values"",5,""value""]",value,integer,62419
"[""templates"",0,""observations"",6,""values"",6]",6,object,
"[""templates"",0,""observations"",6,""values"",6,""column_id""]",column_id,string,UNIT_MEASURE
"[""templates"",0,""observations"",6,""values"",6,""value""]",value,string,HECTARES
"[""templates"",0,""observations"",6,""values"",7]",7,object,
"[""templates"",0,""observations"",6,""values"",7,""column_id""]",column_id,string,OBS_STATUS
"[""templates"",0,""observations"",6,""values"",7,""value""]",value,string,FORECAST
"[""templates"",0,""observations"",6,""evidence_quote""]",evidence_quote,string,Rice                           Centralia                  2025                     62419                       Hectares                  108774                   Tonnes                      Forecast
"[""templates"",0,""observations"",7]",7,object,
"[""templates"",0,""observations"",7,""dsd_id""]",dsd_id,string,KF_AGR_CROP_AREA_PRODUCTION
"[""templates"",0,""observations"",7,""values""]",values,array,
"[""templates"",0,""observations"",7,""values"",0]",0,object,
"[""templates"",0,""observations"",7,""values"",0,""column_id""]",column_id,string,FREQ
"[""templates"",0,""observations"",7,""values"",0,""value""]",value,string,A
"[""templates"",0,""observations"",7,""values"",1]",1,object,
"[""templates"",0,""observations"",7,""values"",1,""column_id""]",column_id,string,CROP
"[""templates"",0,""observations"",7,""values"",1,""value""]",value,string,RICE
"[""templates"",0,""observations"",7,""values"",2]",2,object,
"[""templates"",0,""observations"",7,""values"",2,""column_id""]",column_id,string,REF_AREA
"[""templates"",0,""observations"",7,""values"",2,""value""]",value,string,CENTRALIA
"[""templates"",0,""observations"",7,""values"",3]",3,object,
"[""templates"",0,""observations"",7,""values"",3,""column_id""]",column_id,string,INDICATOR
"[""templates"",0,""observations"",7,""values"",3,""value""]",value,string,PRODUCTION
"[""templates"",0,""observations"",7,""values"",4]",4,object,
"[""templates"",0,""observations"",7,""values"",4,""column_id""]",column_id,string,TIME_PERIOD
"[""templates"",0,""observations"",7,""values"",4,""value""]",value,string,2025
"[""templates"",0,""observations"",7,""values"",5]",5,object,
"[""templates"",0,""observations"",7,""values"",5,""column_id""]",column_id,string,OBS_VALUE
"[""templates"",0,""observations"",7,""values"",5,""value""]",value,integer,108774
"[""templates"",0,""observations"",7,""values"",6]",6,object,
"[""templates"",0,""observations"",7,""values"",6,""column_id""]",column_id,string,UNIT_MEASURE
"[""templates"",0,""observations"",7,""values"",6,""value""]",value,string,TONNES
"[""templates"",0,""observations"",7,""values"",7]",7,object,
"[""templates"",0,""observations"",7,""values"",7,""column_id""]",column_id,string,OBS_STATUS
"[""templates"",0,""observations"",7,""values"",7,""value""]",value,string,FORECAST
"[""templates"",0,""observations"",7,""evidence_quote""]",evidence_quote,string,Rice                           Centralia                  2025                     62419                       Hectares                  108774                   Tonnes                      Forecast
"[""templates"",0,""observations"",8]",8,object,
"[""templates"",0,""observations"",8,""dsd_id""]",dsd_id,string,KF_AGR_CROP_AREA_PRODUCTION
"[""templates"",0,""observations"",8,""values""]",values,array,
"[""templates"",0,""observations"",8,""values"",0]",0,object,
"[""templates"",0,""observations"",8,""values"",0,""column_id""]",column_id,string,FREQ
"[""templates"",0,""observations"",8,""values"",0,""value""]",value,string,A
"[""templates"",0,""observations"",8,""values"",1]",1,object,
"[""templates"",0,""observations"",8,""values"",1,""column_id""]",column_id,string,CROP
"[""templates"",0,""observations"",8,""values"",1,""value""]",value,string,RICE
"[""templates"",0,""observations"",8,""values"",2]",2,object,
"[""templates"",0,""observations"",8,""values"",2,""column_id""]",column_id,string,REF_AREA
"[""templates"",0,""observations"",8,""values"",2,""value""]",value,string,SOUTH_COAST
"[""templates"",0,""observations"",8,""values"",3]",3,object,
"[""templates"",0,""observations"",8,""values"",3,""column_id""]",column_id,string,INDICATOR
"[""templates"",0,""observations"",8,""values"",3,""value""]",value,string,HARVESTED_AREA
"[""templates"",0,""observations"",8,""values"",4]",4,object,
"[""templates"",0,""observations"",8,""values"",4,""column_id""]",column_id,string,TIME_PERIOD
"[""templates"",0,""observations"",8,""values"",4,""value""]",value,string,2024
"[""templates"",0,""observations"",8,""values"",5]",5,object,
"[""templates"",0,""observations"",8,""values"",5,""column_id""]",column_id,string,OBS_VALUE
"[""templates"",0,""observations"",8,""values"",5,""value""]",value,integer,97629
"[""templates"",0,""observations"",8,""values"",6]",6,object,
"[""templates"",0,""observations"",8,""values"",6,""column_id""]",column_id,string,UNIT_MEASURE
"[""templates"",0,""observations"",8,""values"",6,""value""]",value,string,HECTARES
"[""templates"",0,""observations"",8,""values"",7]",7,object,
"[""templates"",0,""observations"",8,""values"",7,""column_id""]",column_id,string,OBS_STATUS
"[""templates"",0,""observations"",8,""values"",7,""value""]",value,string,FINAL
"[""templates"",0,""observations"",8,""evidence_quote""]",evidence_quote,string,Rice                       South Coast                2024                     97629                       Hectares                  413952                   Tonnes                         Final
"[""templates"",0,""observations"",9]",9,object,
"[""templates"",0,""observations"",9,""dsd_id""]",dsd_id,string,KF_AGR_CROP_AREA_PRODUCTION
"[""templates"",0,""observations"",9,""values""]",values,array,
"[""templates"",0,""observations"",9,""values"",0]",0,object,
"[""templates"",0,""observations"",9,""values"",0,""column_id""]",column_id,string,FREQ
"[""templates"",0,""observations"",9,""values"",0,""value""]",value,string,A
"[""templates"",0,""observations"",9,""values"",1]",1,object,
"[""templates"",0,""observations"",9,""values"",1,""column_id""]",column_id,string,CROP
"[""templates"",0,""observations"",9,""values"",1,""value""]",value,string,RICE
"[""templates"",0,""observations"",9,""values"",2]",2,object,
"[""templates"",0,""observations"",9,""values"",2,""column_id""]",column_id,string,REF_AREA
"[""templates"",0,""observations"",9,""values"",2,""value""]",value,string,SOUTH_COAST
"[""templates"",0,""observations"",9,""values"",3]",3,object,
"[""templates"",0,""observations"",9,""values"",3,""column_id""]",column_id,string,INDICATOR
"[""templates"",0,""observations"",9,""values"",3,""value""]",value,string,PRODUCTION
"[""templates"",0,""observations"",9,""values"",4]",4,object,
"[""templates"",0,""observations"",9,""values"",4,""column_id""]",column_id,string,TIME_PERIOD
"[""templates"",0,""observations"",9,""values"",4,""value""]",value,string,2024
"[""templates"",0,""observations"",9,""values"",5]",5,object,
"[""templates"",0,""observations"",9,""values"",5,""column_id""]",column_id,string,OBS_VALUE
"[""templates"",0,""observations"",9,""values"",5,""value""]",value,integer,413952
"[""templates"",0,""observations"",9,""values"",6]",6,object,
"[""templates"",0,""observations"",9,""values"",6,""column_id""]",column_id,string,UNIT_MEASURE
"[""templates"",0,""observations"",9,""values"",6,""value""]",value,string,TONNES
"[""templates"",0,""observations"",9,""values"",7]",7,object,
"[""templates"",0,""observations"",9,""values"",7,""column_id""]",column_id,string,OBS_STATUS
"[""templates"",0,""observations"",9,""values"",7,""value""]",value,string,FINAL
"[""templates"",0,""observations"",9,""evidence_quote""]",evidence_quote,string,Rice                       South Coast                2024                     97629                       Hectares                  413952                   Tonnes                         Final
"[""templates"",0,""observations"",10]",10,object,
"[""templates"",0,""observations"",10,""dsd_id""]",dsd_id,string,KF_AGR_CROP_AREA_PRODUCTION
"[""templates"",0,""observations"",10,""values""]",values,array,
"[""templates"",0,""observations"",10,""values"",0]",0,object,
"[""templates"",0,""observations"",10,""values"",0,""column_id""]",column_id,string,FREQ
"[""templates"",0,""observations"",10,""values"",0,""value""]",value,string,A
"[""templates"",0,""observations"",10,""values"",1]",1,object,
"[""templates"",0,""observations"",10,""values"",1,""column_id""]",column_id,string,CROP
"[""templates"",0,""observations"",10,""values"",1,""value""]",value,string,RICE
"[""templates"",0,""observations"",10,""values"",2]",2,object,
"[""templates"",0,""observations"",10,""values"",2,""column_id""]",column_id,string,REF_AREA
"[""templates"",0,""observations"",10,""values"",2,""value""]",value,string,SOUTH_COAST
"[""templates"",0,""observations"",10,""values"",3]",3,object,
"[""templates"",0,""observations"",10,""values"",3,""column_id""]",column_id,string,INDICATOR
"[""templates"",0,""observations"",10,""values"",3,""value""]",value,string,HARVESTED_AREA
"[""templates"",0,""observations"",10,""values"",4]",4,object,
"[""templates"",0,""observations"",10,""values"",4,""column_id""]",column_id,string,TIME_PERIOD
"[""templates"",0,""observations"",10,""values"",4,""value""]",value,string,2025
"[""templates"",0,""observations"",10,""values"",5]",5,object,
"[""templates"",0,""observations"",10,""values"",5,""column_id""]",column_id,string,OBS_VALUE
"[""templates"",0,""observations"",10,""values"",5,""value""]",value,integer,94510
"[""templates"",0,""observations"",10,""values"",6]",6,object,
"[""templates"",0,""observations"",10,""values"",6,""column_id""]",column_id,string,UNIT_MEASURE
"[""templates"",0,""observations"",10,""values"",6,""value""]",value,string,HECTARES
"[""templates"",0,""observations"",10,""values"",7]",7,object,
"[""templates"",0,""observations"",10,""values"",7,""column_id""]",column_id,string,OBS_STATUS
"[""templates"",0,""observations"",10,""values"",7,""value""]",value,string,FORECAST
"[""templates"",0,""observations"",10,""evidence_quote""]",evidence_quote,string,Rice                       South Coast                2025                     94510                       Hectares                  271457                   Tonnes                      Forecast
"[""templates"",0,""observations"",11]",11,object,
"[""templates"",0,""observations"",11,""dsd_id""]",dsd_id,string,KF_AGR_CROP_AREA_PRODUCTION
"[""templates"",0,""observations"",11,""values""]",values,array,
"[""templates"",0,""observations"",11,""values"",0]",0,object,
"[""templates"",0,""observations"",11,""values"",0,""column_id""]",column_id,string,FREQ
"[""templates"",0,""observations"",11,""values"",0,""value""]",value,string,A
"[""templates"",0,""observations"",11,""values"",1]",1,object,
"[""templates"",0,""observations"",11,""values"",1,""column_id""]",column_id,string,CROP
"[""templates"",0,""observations"",11,""values"",1,""value""]",value,string,RICE
"[""templates"",0,""observations"",11,""values"",2]",2,object,
"[""templates"",0,""observations"",11,""values"",2,""column_id""]",column_id,string,REF_AREA
"[""templates"",0,""observations"",11,""values"",2,""value""]",value,string,SOUTH_COAST
"[""templates"",0,""observations"",11,""values"",3]",3,object,
"[""templates"",0,""observations"",11,""values"",3,""column_id""]",column_id,string,INDICATOR
"[""templates"",0,""observations"",11,""values"",3,""value""]",value,string,PRODUCTION
"[""templates"",0,""observations"",11,""values"",4]",4,object,
"[""templates"",0,""observations"",11,""values"",4,""column_id""]",column_id,string,TIME_PERIOD
"[""templates"",0,""observations"",11,""values"",4,""value""]",value,string,2025
"[""templates"",0,""observations"",11,""values"",5]",5,object,
"[""templates"",0,""observations"",11,""values"",5,""column_id""]",column_id,string,OBS_VALUE
"[""templates"",0,""observations"",11,""values"",5,""value""]",value,integer,271457
"[""templates"",0,""observations"",11,""values"",6]",6,object,
"[""templates"",0,""observations"",11,""values"",6,""column_id""]",column_id,string,UNIT_MEASURE
"[""templates"",0,""observations"",11,""values"",6,""value""]",value,string,TONNES
"[""templates"",0,""observations"",11,""values"",7]",7,object,
"[""templates"",0,""observations"",11,""values"",7,""column_id""]",column_id,string,OBS_STATUS
"[""templates"",0,""observations"",11,""values"",7,""value""]",value,string,FORECAST
"[""templates"",0,""observations"",11,""evidence_quote""]",evidence_quote,string,Rice                       South Coast                2025                     94510                       Hectares                  271457                   Tonnes                      Forecast
"[""templates"",0,""observations"",12]",12,object,
"[""templates"",0,""observations"",12,""dsd_id""]",dsd_id,string,KF_AGR_CROP_AREA_PRODUCTION
"[""templates"",0,""observations"",12,""values""]",values,array,
"[""templates"",0,""observations"",12,""values"",0]",0,object,
"[""templates"",0,""observations"",12,""values"",0,""column_id""]",column_id,string,FREQ
"[""templates"",0,""observations"",12,""values"",0,""value""]",value,string,A
"[""templates"",0,""observations"",12,""values"",1]",1,object,
"[""templates"",0,""observations"",12,""values"",1,""column_id""]",column_id,string,CROP
"[""templates"",0,""observations"",12,""values"",1,""value""]",value,string,MAIZE
"[""templates"",0,""observations"",12,""values"",2]",2,object,
"[""templates"",0,""observations"",12,""values"",2,""column_id""]",column_id,string,REF_AREA
"[""templates"",0,""observations"",12,""values"",2,""value""]",value,string,NORTHLAND
"[""templates"",0,""observations"",12,""values"",3]",3,object,
"[""templates"",0,""observations"",12,""values"",3,""column_id""]",column_id,string,INDICATOR
"[""templates"",0,""observations"",12,""values"",3,""value""]",value,string,HARVESTED_AREA
"[""templates"",0,""observations"",12,""values"",4]",4,object,
"[""templates"",0,""observations"",12,""values"",4,""column_id""]",column_id,string,TIME_PERIOD
"[""templates"",0,""observations"",12,""values"",4,""value""]",value,string,2024
"[""templates"",0,""observations"",12,""values"",5]",5,object,
"[""templates"",0,""observations"",12,""values"",5,""column_id""]",column_id,string,OBS_VALUE
"[""templates"",0,""observations"",12,""values"",5,""value""]",value,integer,74135
"[""templates"",0,""observations"",12,""values"",6]",6,object,
"[""templates"",0,""observations"",12,""values"",6,""column_id""]",column_id,string,UNIT_MEASURE
"[""templates"",0,""observations"",12,""values"",6,""value""]",value,string,HECTARES
"[""templates"",0,""observations"",12,""values"",7]",7,object,
"[""templates"",0,""observations"",12,""values"",7,""column_id""]",column_id,string,OBS_STATUS
"[""templates"",0,""observations"",12,""values"",7,""value""]",value,string,FINAL
"[""templates"",0,""observations"",12,""evidence_quote""]",evidence_quote,string,Maize                        Northland                  2024                     74135                       Hectares                  246372                   Tonnes                         Final
"[""templates"",0,""observations"",13]",13,object,
"[""templates"",0,""observations"",13,""dsd_id""]",dsd_id,string,KF_AGR_CROP_AREA_PRODUCTION
"[""templates"",0,""observations"",13,""values""]",values,array,
"[""templates"",0,""observations"",13,""values"",0]",0,object,
"[""templates"",0,""observations"",13,""values"",0,""column_id""]",column_id,string,FREQ
"[""templates"",0,""observations"",13,""values"",0,""value""]",value,string,A
"[""templates"",0,""observations"",13,""values"",1]",1,object,
"[""templates"",0,""observations"",13,""values"",1,""column_id""]",column_id,string,CROP
"[""templates"",0,""observations"",13,""values"",1,""value""]",value,string,MAIZE
"[""templates"",0,""observations"",13,""values"",2]",2,object,
"[""templates"",0,""observations"",13,""values"",2,""column_id""]",column_id,string,REF_AREA
"[""templates"",0,""observations"",13,""values"",2,""value""]",value,string,NORTHLAND
"[""templates"",0,""observations"",13,""values"",3]",3,object,
"[""templates"",0,""observations"",13,""values"",3,""column_id""]",column_id,string,INDICATOR
"[""templates"",0,""observations"",13,""values"",3,""value""]",value,string,PRODUCTION
"[""templates"",0,""observations"",13,""values"",4]",4,object,
"[""templates"",0,""observations"",13,""values"",4,""column_id""]",column_id,string,TIME_PERIOD
"[""templates"",0,""observations"",13,""values"",4,""value""]",value,string,2024
"[""templates"",0,""observations"",13,""values"",5]",5,object,
"[""templates"",0,""observations"",13,""values"",5,""column_id""]",column_id,string,OBS_VALUE
"[""templates"",0,""observations"",13,""values"",5,""value""]",value,integer,246372
"[""templates"",0,""observations"",13,""values"",6]",6,object,
"[""templates"",0,""observations"",13,""values"",6,""column_id""]",column_id,string,UNIT_MEASURE
"[""templates"",0,""observations"",13,""values"",6,""value""]",value,string,TONNES
"[""templates"",0,""observations"",13,""values"",7]",7,object,
"[""templates"",0,""observations"",13,""values"",7,""column_id""]",column_id,string,OBS_STATUS
"[""templates"",0,""observations"",13,""values"",7,""value""]",value,string,FINAL
"[""templates"",0,""observations"",13,""evidence_quote""]",evidence_quote,string,Maize                        Northland                  2024                     74135                       Hectares                  246372                   Tonnes                         Final
"[""templates"",0,""observations"",14]",14,object,
"[""templates"",0,""observations"",14,""dsd_id""]",dsd_id,string,KF_AGR_CROP_AREA_PRODUCTION
"[""templates"",0,""observations"",14,""values""]",values,array,
"[""templates"",0,""observations"",14,""values"",0]",0,object,
"[""templates"",0,""observations"",14,""values"",0,""column_id""]",column_id,string,FREQ
"[""templates"",0,""observations"",14,""values"",0,""value""]",value,string,A
"[""templates"",0,""observations"",14,""values"",1]",1,object,
"[""templates"",0,""observations"",14,""values"",1,""column_id""]",column_id,string,CROP
"[""templates"",0,""observations"",14,""values"",1,""value""]",value,string,MAIZE
"[""templates"",0,""observations"",14,""values"",2]",2,object,
"[""templates"",0,""observations"",14,""values"",2,""column_id""]",column_id,string,REF_AREA
"[""templates"",0,""observations"",14,""values"",2,""value""]",value,string,NORTHLAND
"[""templates"",0,""observations"",14,""values"",3]",3,object,
"[""templates"",0,""observations"",14,""values"",3,""column_id""]",column_id,string,INDICATOR
"[""templates"",0,""observations"",14,""values"",3,""value""]",value,string,HARVESTED_AREA
"[""templates"",0,""observations"",14,""values"",4]",4,object,
"[""templates"",0,""observations"",14,""values"",4,""column_id""]",column_id,string,TIME_PERIOD
"[""templates"",0,""observations"",14,""values"",4,""value""]",value,string,2025
"[""templates"",0,""observations"",14,""values"",5]",5,object,
"[""templates"",0,""observations"",14,""values"",5,""column_id""]",column_id,string,OBS_VALUE
"[""templates"",0,""observations"",14,""values"",5,""value""]",value,integer,35504
"[""templates"",0,""observations"",14,""values"",6]",6,object,
"[""templates"",0,""observations"",14,""values"",6,""column_id""]",column_id,string,UNIT_MEASURE
"[""templates"",0,""observations"",14,""values"",6,""value""]",value,string,HECTARES
"[""templates"",0,""observations"",14,""values"",7]",7,object,
"[""templates"",0,""observations"",14,""values"",7,""column_id""]",column_id,string,OBS_STATUS
"[""templates"",0,""observations"",14,""values"",7,""value""]",value,string,FORECAST
"[""templates"",0,""observations"",14,""evidence_quote""]",evidence_quote,string,Maize                        Northland                  2025                     35504                       Hectares                  175954                   Tonnes                      Forecast
"[""templates"",0,""observations"",15]",15,object,
"[""templates"",0,""observations"",15,""dsd_id""]",dsd_id,string,KF_AGR_CROP_AREA_PRODUCTION
"[""templates"",0,""observations"",15,""values""]",values,array,
"[""templates"",0,""observations"",15,""values"",0]",0,object,
"[""templates"",0,""observations"",15,""values"",0,""column_id""]",column_id,string,FREQ
"[""templates"",0,""observations"",15,""values"",0,""value""]",value,string,A
"[""templates"",0,""observations"",15,""values"",1]",1,object,
"[""templates"",0,""observations"",15,""values"",1,""column_id""]",column_id,string,CROP
"[""templates"",0,""observations"",15,""values"",1,""value""]",value,string,MAIZE
"[""templates"",0,""observations"",15,""values"",2]",2,object,
"[""templates"",0,""observations"",15,""values"",2,""column_id""]",column_id,string,REF_AREA
"[""templates"",0,""observations"",15,""values"",2,""value""]",value,string,NORTHLAND
"[""templates"",0,""observations"",15,""values"",3]",3,object,
"[""templates"",0,""observations"",15,""values"",3,""column_id""]",column_id,string,INDICATOR
"[""templates"",0,""observations"",15,""values"",3,""value""]",value,string,PRODUCTION
"[""templates"",0,""observations"",15,""values"",4]",4,object,
"[""templates"",0,""observations"",15,""values"",4,""column_id""]",column_id,string,TIME_PERIOD
"[""templates"",0,""observations"",15,""values"",4,""value""]",value,string,2025
"[""templates"",0,""observations"",15,""values"",5]",5,object,
"[""templates"",0,""observations"",15,""values"",5,""column_id""]",column_id,string,OBS_VALUE
"[""templates"",0,""observations"",15,""values"",5,""value""]",value,integer,175954
"[""templates"",0,""observations"",15,""values"",6]",6,object,
"[""templates"",0,""observations"",15,""values"",6,""column_id""]",column_id,string,UNIT_MEASURE
"[""templates"",0,""observations"",15,""values"",6,""value""]",value,string,TONNES
"[""templates"",0,""observations"",15,""values"",7]",7,object,
"[""templates"",0,""observations"",15,""values"",7,""column_id""]",column_id,string,OBS_STATUS
"[""templates"",0,""observations"",15,""values"",7,""value""]",value,string,FORECAST
"[""templates"",0,""observations"",15,""evidence_quote""]",evidence_quote,string,Maize                        Northland                  2025                     35504                       Hectares                  175954                   Tonnes                      Forecast
"[""templates"",0,""observations"",16]",16,object,
"[""templates"",0,""observations"",16,""dsd_id""]",dsd_id,string,KF_AGR_CROP_AREA_PRODUCTION
"[""templates"",0,""observations"",16,""values""]",values,array,
"[""templates"",0,""observations"",16,""values"",0]",0,object,
"[""templates"",0,""observations"",16,""values"",0,""column_id""]",column_id,string,FREQ
"[""templates"",0,""observations"",16,""values"",0,""value""]",value,string,A
"[""templates"",0,""observations"",16,""values"",1]",1,object,
"[""templates"",0,""observations"",16,""values"",1,""column_id""]",column_id,string,CROP
"[""templates"",0,""observations"",16,""values"",1,""value""]",value,string,MAIZE
"[""templates"",0,""observations"",16,""values"",2]",2,object,
"[""templates"",0,""observations"",16,""values"",2,""column_id""]",column_id,string,REF_AREA
"[""templates"",0,""observations"",16,""values"",2,""value""]",value,string,CENTRALIA
"[""templates"",0,""observations"",16,""values"",3]",3,object,
"[""templates"",0,""observations"",16,""values"",3,""column_id""]",column_id,string,INDICATOR
"[""templates"",0,""observations"",16,""values"",3,""value""]",value,string,HARVESTED_AREA
"[""templates"",0,""observations"",16,""values"",4]",4,object,
"[""templates"",0,""observations"",16,""values"",4,""column_id""]",column_id,string,TIME_PERIOD
"[""templates"",0,""observations"",16,""values"",4,""value""]",value,string,2024
"[""templates"",0,""observations"",16,""values"",5]",5,object,
"[""templates"",0,""observations"",16,""values"",5,""column_id""]",column_id,string,OBS_VALUE
"[""templates"",0,""observations"",16,""values"",5,""value""]",value,integer,24626
"[""templates"",0,""observations"",16,""values"",6]",6,object,
"[""templates"",0,""observations"",16,""values"",6,""column_id""]",column_id,string,UNIT_MEASURE
"[""templates"",0,""observations"",16,""values"",6,""value""]",value,string,HECTARES
"[""templates"",0,""observations"",16,""values"",7]",7,object,
"[""templates"",0,""observations"",16,""values"",7,""column_id""]",column_id,string,OBS_STATUS
"[""templates"",0,""observations"",16,""values"",7,""value""]",value,string,FINAL
"[""templates"",0,""observations"",16,""evidence_quote""]",evidence_quote,string,Maize                          Centralia                  2024                     24626                       Hectares                  399077                   Tonnes                         Final
"[""templates"",0,""observations"",17]",17,object,
"[""templates"",0,""observations"",17,""dsd_id""]",dsd_id,string,KF_AGR_CROP_AREA_PRODUCTION
"[""templates"",0,""observations"",17,""values""]",values,array,
"[""templates"",0,""observations"",17,""values"",0]",0,object,
"[""templates"",0,""observations"",17,""values"",0,""column_id""]",column_id,string,FREQ
"[""templates"",0,""observations"",17,""values"",0,""value""]",value,string,A
"[""templates"",0,""observations"",17,""values"",1]",1,object,
"[""templates"",0,""observations"",17,""values"",1,""column_id""]",column_id,string,CROP
"[""templates"",0,""observations"",17,""values"",1,""value""]",value,string,MAIZE
"[""templates"",0,""observations"",17,""values"",2]",2,object,
"[""templates"",0,""observations"",17,""values"",2,""column_id""]",column_id,string,REF_AREA
"[""templates"",0,""observations"",17,""values"",2,""value""]",value,string,CENTRALIA
"[""templates"",0,""observations"",17,""values"",3]",3,object,
"[""templates"",0,""observations"",17,""values"",3,""column_id""]",column_id,string,INDICATOR
"[""templates"",0,""observations"",17,""values"",3,""value""]",value,string,PRODUCTION
"[""templates"",0,""observations"",17,""values"",4]",4,object,
"[""templates"",0,""observations"",17,""values"",4,""column_id""]",column_id,string,TIME_PERIOD
"[""templates"",0,""observations"",17,""values"",4,""value""]",value,string,2024
"[""templates"",0,""observations"",17,""values"",5]",5,object,
"[""templates"",0,""observations"",17,""values"",5,""column_id""]",column_id,string,OBS_VALUE
"[""templates"",0,""observations"",17,""values"",5,""value""]",value,integer,399077
"[""templates"",0,""observations"",17,""values"",6]",6,object,
"[""templates"",0,""observations"",17,""values"",6,""column_id""]",column_id,string,UNIT_MEASURE
"[""templates"",0,""observations"",17,""values"",6,""value""]",value,string,TONNES
"[""templates"",0,""observations"",17,""values"",7]",7,object,
"[""templates"",0,""observations"",17,""values"",7,""column_id""]",column_id,string,OBS_STATUS
"[""templates"",0,""observations"",17,""values"",7,""value""]",value,string,FINAL
"[""templates"",0,""observations"",17,""evidence_quote""]",evidence_quote,string,Maize                          Centralia                  2024                     24626                       Hectares                  399077                   Tonnes                         Final
"[""templates"",0,""observations"",18]",18,object,
"[""templates"",0,""observations"",18,""dsd_id""]",dsd_id,string,KF_AGR_CROP_AREA_PRODUCTION
"[""templates"",0,""observations"",18,""values""]",values,array,
"[""templates"",0,""observations"",18,""values"",0]",0,object,
"[""templates"",0,""observations"",18,""values"",0,""column_id""]",column_id,string,FREQ
"[""templates"",0,""observations"",18,""values"",0,""value""]",value,string,A
"[""templates"",0,""observations"",18,""values"",1]",1,object,
"[""templates"",0,""observations"",18,""values"",1,""column_id""]",column_id,string,CROP
"[""templates"",0,""observations"",18,""values"",1,""value""]",value,string,MAIZE
"[""templates"",0,""observations"",18,""values"",2]",2,object,
"[""templates"",0,""observations"",18,""values"",2,""column_id""]",column_id,string,REF_AREA
"[""templates"",0,""observations"",18,""values"",2,""value""]",value,string,CENTRALIA
"[""templates"",0,""observations"",18,""values"",3]",3,object,
"[""templates"",0,""observations"",18,""values"",3,""column_id""]",column_id,string,INDICATOR
"[""templates"",0,""observations"",18,""values"",3,""value""]",value,string,HARVESTED_AREA
"[""templates"",0,""observations"",18,""values"",4]",4,object,
"[""templates"",0,""observations"",18,""values"",4,""column_id""]",column_id,string,TIME_PERIOD
"[""templates"",0,""observations"",18,""values"",4,""value""]",value,string,2025
"[""templates"",0,""observations"",18,""values"",5]",5,object,
"[""templates"",0,""observations"",18,""values"",5,""column_id""]",column_id,string,OBS_VALUE
"[""templates"",0,""observations"",18,""values"",5,""value""]",value,integer,35512
"[""templates"",0,""observations"",18,""values"",6]",6,object,
"[""templates"",0,""observations"",18,""values"",6,""column_id""]",column_id,string,UNIT_MEASURE
"[""templates"",0,""observations"",18,""values"",6,""value""]",value,string,HECTARES
"[""templates"",0,""observations"",18,""values"",7]",7,object,
"[""templates"",0,""observations"",18,""values"",7,""column_id""]",column_id,string,OBS_STATUS
"[""templates"",0,""observations"",18,""values"",7,""value""]",value,string,FORECAST
"[""templates"",0,""observations"",18,""evidence_quote""]",evidence_quote,string,Maize                          Centralia                  2025                     35512                       Hectares                  357669                   Tonnes                      Forecast
"[""templates"",0,""observations"",19]",19,object,
"[""templates"",0,""observations"",19,""dsd_id""]",dsd_id,string,KF_AGR_CROP_AREA_PRODUCTION
"[""templates"",0,""observations"",19,""values""]",values,array,
"[""templates"",0,""observations"",19,""values"",0]",0,object,
"[""templates"",0,""observations"",19,""values"",0,""column_id""]",column_id,string,FREQ
"[""templates"",0,""observations"",19,""values"",0,""value""]",value,string,A
"[""templates"",0,""observations"",19,""values"",1]",1,object,
"[""templates"",0,""observations"",19,""values"",1,""column_id""]",column_id,string,CROP
"[""templates"",0,""observations"",19,""values"",1,""value""]",value,string,MAIZE
"[""templates"",0,""observations"",19,""values"",2]",2,object,
"[""templates"",0,""observations"",19,""values"",2,""column_id""]",column_id,string,REF_AREA
"[""templates"",0,""observations"",19,""values"",2,""value""]",value,string,CENTRALIA
"[""templates"",0,""observations"",19,""values"",3]",3,object,
"[""templates"",0,""observations"",19,""values"",3,""column_id""]",column_id,string,INDICATOR
"[""templates"",0,""observations"",19,""values"",3,""value""]",value,string,PRODUCTION
"[""templates"",0,""observations"",19,""values"",4]",4,object,
"[""templates"",0,""observations"",19,""values"",4,""column_id""]",column_id,string,TIME_PERIOD
"[""templates"",0,""observations"",19,""values"",4,""value""]",value,string,2025
"[""templates"",0,""observations"",19,""values"",5]",5,object,
"[""templates"",0,""observations"",19,""values"",5,""column_id""]",column_id,string,OBS_VALUE
"[""templates"",0,""observations"",19,""values"",5,""value""]",value,integer,357669
"[""templates"",0,""observations"",19,""values"",6]",6,object,
"[""templates"",0,""observations"",19,""values"",6,""column_id""]",column_id,string,UNIT_MEASURE
"[""templates"",0,""observations"",19,""values"",6,""value""]",value,string,TONNES
"[""templates"",0,""observations"",19,""values"",7]",7,object,
"[""templates"",0,""observations"",19,""values"",7,""column_id""]",column_id,string,OBS_STATUS
"[""templates"",0,""observations"",19,""values"",7,""value""]",value,string,FORECAST
"[""templates"",0,""observations"",19,""evidence_quote""]",evidence_quote,string,Maize                          Centralia                  2025                     35512                       Hectares                  357669                   Tonnes                      Forecast
"[""templates"",0,""observations"",20]",20,object,
"[""templates"",0,""observations"",20,""dsd_id""]",dsd_id,string,KF_AGR_CROP_AREA_PRODUCTION
"[""templates"",0,""observations"",20,""values""]",values,array,
"[""templates"",0,""observations"",20,""values"",0]",0,object,
"[""templates"",0,""observations"",20,""values"",0,""column_id""]",column_id,string,FREQ
"[""templates"",0,""observations"",20,""values"",0,""value""]",value,string,A
"[""templates"",0,""observations"",20,""values"",1]",1,object,
"[""templates"",0,""observations"",20,""values"",1,""column_id""]",column_id,string,CROP
"[""templates"",0,""observations"",20,""values"",1,""value""]",value,string,MAIZE
"[""templates"",0,""observations"",20,""values"",2]",2,object,
"[""templates"",0,""observations"",20,""values"",2,""column_id""]",column_id,string,REF_AREA
"[""templates"",0,""observations"",20,""values"",2,""value""]",value,string,SOUTH_COAST
"[""templates"",0,""observations"",20,""values"",3]",3,object,
"[""templates"",0,""observations"",20,""values"",3,""column_id""]",column_id,string,INDICATOR
"[""templates"",0,""observations"",20,""values"",3,""value""]",value,string,HARVESTED_AREA
"[""templates"",0,""observations"",20,""values"",4]",4,object,
"[""templates"",0,""observations"",20,""values"",4,""column_id""]",column_id,string,TIME_PERIOD
"[""templates"",0,""observations"",20,""values"",4,""value""]",value,string,2024
"[""templates"",0,""observations"",20,""values"",5]",5,object,
"[""templates"",0,""observations"",20,""values"",5,""column_id""]",column_id,string,OBS_VALUE
"[""templates"",0,""observations"",20,""values"",5,""value""]",value,integer,15325
"[""templates"",0,""observations"",20,""values"",6]",6,object,
"[""templates"",0,""observations"",20,""values"",6,""column_id""]",column_id,string,UNIT_MEASURE
"[""templates"",0,""observations"",20,""values"",6,""value""]",value,string,HECTARES
"[""templates"",0,""observations"",20,""values"",7]",7,object,
"[""templates"",0,""observations"",20,""values"",7,""column_id""]",column_id,string,OBS_STATUS
"[""templates"",0,""observations"",20,""values"",7,""value""]",value,string,FINAL
"[""templates"",0,""observations"",20,""evidence_quote""]",evidence_quote,string,Maize                      South Coast                2024                     15325                       Hectares                  90140                    Tonnes                         Final
"[""templates"",0,""observations"",21]",21,object,
"[""templates"",0,""observations"",21,""dsd_id""]",dsd_id,string,KF_AGR_CROP_AREA_PRODUCTION
"[""templates"",0,""observations"",21,""values""]",values,array,
"[""templates"",0,""observations"",21,""values"",0]",0,object,
"[""templates"",0,""observations"",21,""values"",0,""column_id""]",column_id,string,FREQ
"[""templates"",0,""observations"",21,""values"",0,""value""]",value,string,A
"[""templates"",0,""observations"",21,""values"",1]",1,object,
"[""templates"",0,""observations"",21,""values"",1,""column_id""]",column_id,string,CROP
"[""templates"",0,""observations"",21,""values"",1,""value""]",value,string,MAIZE
"[""templates"",0,""observations"",21,""values"",2]",2,object,
"[""templates"",0,""observations"",21,""values"",2,""column_id""]",column_id,string,REF_AREA
"[""templates"",0,""observations"",21,""values"",2,""value""]",value,string,SOUTH_COAST
"[""templates"",0,""observations"",21,""values"",3]",3,object,
"[""templates"",0,""observations"",21,""values"",3,""column_id""]",column_id,string,INDICATOR
"[""templates"",0,""observations"",21,""values"",3,""value""]",value,string,PRODUCTION
"[""templates"",0,""observations"",21,""values"",4]",4,object,
"[""templates"",0,""observations"",21,""values"",4,""column_id""]",column_id,string,TIME_PERIOD
"[""templates"",0,""observations"",21,""values"",4,""value""]",value,string,2024
"[""templates"",0,""observations"",21,""values"",5]",5,object,
"[""templates"",0,""observations"",21,""values"",5,""column_id""]",column_id,string,OBS_VALUE
"[""templates"",0,""observations"",21,""values"",5,""value""]",value,integer,90140
"[""templates"",0,""observations"",21,""values"",6]",6,object,
"[""templates"",0,""observations"",21,""values"",6,""column_id""]",column_id,string,UNIT_MEASURE
"[""templates"",0,""observations"",21,""values"",6,""value""]",value,string,TONNES
"[""templates"",0,""observations"",21,""values"",7]",7,object,
"[""templates"",0,""observations"",21,""values"",7,""column_id""]",column_id,string,OBS_STATUS
"[""templates"",0,""observations"",21,""values"",7,""value""]",value,string,FINAL
"[""templates"",0,""observations"",21,""evidence_quote""]",evidence_quote,string,Maize                      South Coast                2024                     15325                       Hectares                  90140                    Tonnes                         Final
"[""templates"",0,""observations"",22]",22,object,
"[""templates"",0,""observations"",22,""dsd_id""]",dsd_id,string,KF_AGR_CROP_AREA_PRODUCTION
"[""templates"",0,""observations"",22,""values""]",values,array,
"[""templates"",0,""observations"",22,""values"",0]",0,object,
"[""templates"",0,""observations"",22,""values"",0,""column_id""]",column_id,string,FREQ
"[""templates"",0,""observations"",22,""values"",0,""value""]",value,string,A
"[""templates"",0,""observations"",22,""values"",1]",1,object,
"[""templates"",0,""observations"",22,""values"",1,""column_id""]",column_id,string,CROP
"[""templates"",0,""observations"",22,""values"",1,""value""]",value,string,MAIZE
"[""templates"",0,""observations"",22,""values"",2]",2,object,
"[""templates"",0,""observations"",22,""values"",2,""column_id""]",column_id,string,REF_AREA
"[""templates"",0,""observations"",22,""values"",2,""value""]",value,string,SOUTH_COAST
"[""templates"",0,""observations"",22,""values"",3]",3,object,
"[""templates"",0,""observations"",22,""values"",3,""column_id""]",column_id,string,INDICATOR
"[""templates"",0,""observations"",22,""values"",3,""value""]",value,string,HARVESTED_AREA
"[""templates"",0,""observations"",22,""values"",4]",4,object,
"[""templates"",0,""observations"",22,""values"",4,""column_id""]",column_id,string,TIME_PERIOD
"[""templates"",0,""observations"",22,""values"",4,""value""]",value,string,2025
"[""templates"",0,""observations"",22,""values"",5]",5,object,
"[""templates"",0,""observations"",22,""values"",5,""column_id""]",column_id,string,OBS_VALUE
"[""templates"",0,""observations"",22,""values"",5,""value""]",value,integer,83718
"[""templates"",0,""observations"",22,""values"",6]",6,object,
"[""templates"",0,""observations"",22,""values"",6,""column_id""]",column_id,string,UNIT_MEASURE
"[""templates"",0,""observations"",22,""values"",6,""value""]",value,string,HECTARES
"[""templates"",0,""observations"",22,""values"",7]",7,object,
"[""templates"",0,""observations"",22,""values"",7,""column_id""]",column_id,string,OBS_STATUS
"[""templates"",0,""observations"",22,""values"",7,""value""]",value,string,FORECAST
"[""templates"",0,""observations"",22,""evidence_quote""]",evidence_quote,string,Maize                      South Coast                2025                     83718                       Hectares                  284469                   Tonnes                      Forecast
"[""templates"",0,""observations"",23]",23,object,
"[""templates"",0,""observations"",23,""dsd_id""]",dsd_id,string,KF_AGR_CROP_AREA_PRODUCTION
"[""templates"",0,""observations"",23,""values""]",values,array,
"[""templates"",0,""observations"",23,""values"",0]",0,object,
"[""templates"",0,""observations"",23,""values"",0,""column_id""]",column_id,string,FREQ
"[""templates"",0,""observations"",23,""values"",0,""value""]",value,string,A
"[""templates"",0,""observations"",23,""values"",1]",1,object,
"[""templates"",0,""observations"",23,""values"",1,""column_id""]",column_id,string,CROP
"[""templates"",0,""observations"",23,""values"",1,""value""]",value,string,MAIZE
"[""templates"",0,""observations"",23,""values"",2]",2,object,
"[""templates"",0,""observations"",23,""values"",2,""column_id""]",column_id,string,REF_AREA
"[""templates"",0,""observations"",23,""values"",2,""value""]",value,string,SOUTH_COAST
"[""templates"",0,""observations"",23,""values"",3]",3,object,
"[""templates"",0,""observations"",23,""values"",3,""column_id""]",column_id,string,INDICATOR
"[""templates"",0,""observations"",23,""values"",3,""value""]",value,string,PRODUCTION
"[""templates"",0,""observations"",23,""values"",4]",4,object,
"[""templates"",0,""observations"",23,""values"",4,""column_id""]",column_id,string,TIME_PERIOD
"[""templates"",0,""observations"",23,""values"",4,""value""]",value,string,2025
"[""templates"",0,""observations"",23,""values"",5]",5,object,
"[""templates"",0,""observations"",23,""values"",5,""column_id""]",column_id,string,OBS_VALUE
"[""templates"",0,""observations"",23,""values"",5,""value""]",value,integer,284469
"[""templates"",0,""observations"",23,""values"",6]",6,object,
"[""templates"",0,""observations"",23,""values"",6,""column_id""]",column_id,string,UNIT_MEASURE
"[""templates"",0,""observations"",23,""values"",6,""value""]",value,string,TONNES
"[""templates"",0,""observations"",23,""values"",7]",7,object,
"[""templates"",0,""observations"",23,""values"",7,""column_id""]",column_id,string,OBS_STATUS
"[""templates"",0,""observations"",23,""values"",7,""value""]",value,string,FORECAST
"[""templates"",0,""observations"",23,""evidence_quote""]",evidence_quote,string,Maize                      South Coast                2025                     83718                       Hectares                  284469                   Tonnes                      Forecast
"[""templates"",0,""observations"",24]",24,object,
"[""templates"",0,""observations"",24,""dsd_id""]",dsd_id,string,KF_AGR_CROP_AREA_PRODUCTION
"[""templates"",0,""observations"",24,""values""]",values,array,
"[""templates"",0,""observations"",24,""values"",0]",0,object,
"[""templates"",0,""observations"",24,""values"",0,""column_id""]",column_id,string,FREQ
"[""templates"",0,""observations"",24,""values"",0,""value""]",value,string,A
"[""templates"",0,""observations"",24,""values"",1]",1,object,
"[""templates"",0,""observations"",24,""values"",1,""column_id""]",column_id,string,CROP
"[""templates"",0,""observations"",24,""values"",1,""value""]",value,string,CASSAVA
"[""templates"",0,""observations"",24,""values"",2]",2,object,
"[""templates"",0,""observations"",24,""values"",2,""column_id""]",column_id,string,REF_AREA
"[""templates"",0,""observations"",24,""values"",2,""value""]",value,string,NORTHLAND
"[""templates"",0,""observations"",24,""values"",3]",3,object,
"[""templates"",0,""observations"",24,""values"",3,""column_id""]",column_id,string,INDICATOR
"[""templates"",0,""observations"",24,""values"",3,""value""]",value,string,HARVESTED_AREA
"[""templates"",0,""observations"",24,""values"",4]",4,object,
"[""templates"",0,""observations"",24,""values"",4,""column_id""]",column_id,string,TIME_PERIOD
"[""templates"",0,""observations"",24,""values"",4,""value""]",value,string,2024
"[""templates"",0,""observations"",24,""values"",5]",5,object,
"[""templates"",0,""observations"",24,""values"",5,""column_id""]",column_id,string,OBS_VALUE
"[""templates"",0,""observations"",24,""values"",5,""value""]",value,integer,38062
"[""templates"",0,""observations"",24,""values"",6]",6,object,
"[""templates"",0,""observations"",24,""values"",6,""column_id""]",column_id,string,UNIT_MEASURE
"[""templates"",0,""observations"",24,""values"",6,""value""]",value,string,HECTARES
"[""templates"",0,""observations"",24,""values"",7]",7,object,
"[""templates"",0,""observations"",24,""values"",7,""column_id""]",column_id,string,OBS_STATUS
"[""templates"",0,""observations"",24,""values"",7,""value""]",value,string,FINAL
"[""templates"",0,""observations"",24,""evidence_quote""]",evidence_quote,string,Cassava                     Northland                  2024                     38062                       Hectares                  168890                   Tonnes                         Final
"[""templates"",0,""observations"",25]",25,object,
"[""templates"",0,""observations"",25,""dsd_id""]",dsd_id,string,KF_AGR_CROP_AREA_PRODUCTION
"[""templates"",0,""observations"",25,""values""]",values,array,
"[""templates"",0,""observations"",25,""values"",0]",0,object,
"[""templates"",0,""observations"",25,""values"",0,""column_id""]",column_id,string,FREQ
"[""templates"",0,""observations"",25,""values"",0,""value""]",value,string,A
"[""templates"",0,""observations"",25,""values"",1]",1,object,
"[""templates"",0,""observations"",25,""values"",1,""column_id""]",column_id,string,CROP
"[""templates"",0,""observations"",25,""values"",1,""value""]",value,string,CASSAVA
"[""templates"",0,""observations"",25,""values"",2]",2,object,
"[""templates"",0,""observations"",25,""values"",2,""column_id""]",column_id,string,REF_AREA
"[""templates"",0,""observations"",25,""values"",2,""value""]",value,string,NORTHLAND
"[""templates"",0,""observations"",25,""values"",3]",3,object,
"[""templates"",0,""observations"",25,""values"",3,""column_id""]",column_id,string,INDICATOR
"[""templates"",0,""observations"",25,""values"",3,""value""]",value,string,PRODUCTION
"[""templates"",0,""observations"",25,""values"",4]",4,object,
"[""templates"",0,""observations"",25,""values"",4,""column_id""]",column_id,string,TIME_PERIOD
"[""templates"",0,""observations"",25,""values"",4,""value""]",value,string,2024
"[""templates"",0,""observations"",25,""values"",5]",5,object,
"[""templates"",0,""observations"",25,""values"",5,""column_id""]",column_id,string,OBS_VALUE
"[""templates"",0,""observations"",25,""values"",5,""value""]",value,integer,168890
"[""templates"",0,""observations"",25,""values"",6]",6,object,
"[""templates"",0,""observations"",25,""values"",6,""column_id""]",column_id,string,UNIT_MEASURE
"[""templates"",0,""observations"",25,""values"",6,""value""]",value,string,TONNES
"[""templates"",0,""observations"",25,""values"",7]",7,object,
"[""templates"",0,""observations"",25,""values"",7,""column_id""]",column_id,string,OBS_STATUS
"[""templates"",0,""observations"",25,""values"",7,""value""]",value,string,FINAL
"[""templates"",0,""observations"",25,""evidence_quote""]",evidence_quote,string,Cassava                     Northland                  2024                     38062                       Hectares                  168890                   Tonnes                         Final
"[""templates"",0,""observations"",26]",26,object,
"[""templates"",0,""observations"",26,""dsd_id""]",dsd_id,string,KF_AGR_CROP_AREA_PRODUCTION
"[""templates"",0,""observations"",26,""values""]",values,array,
"[""templates"",0,""observations"",26,""values"",0]",0,object,
"[""templates"",0,""observations"",26,""values"",0,""column_id""]",column_id,string,FREQ
"[""templates"",0,""observations"",26,""values"",0,""value""]",value,string,A
"[""templates"",0,""observations"",26,""values"",1]",1,object,
"[""templates"",0,""observations"",26,""values"",1,""column_id""]",column_id,string,CROP
"[""templates"",0,""observations"",26,""values"",1,""value""]",value,string,CASSAVA
"[""templates"",0,""observations"",26,""values"",2]",2,object,
"[""templates"",0,""observations"",26,""values"",2,""column_id""]",column_id,string,REF_AREA
"[""templates"",0,""observations"",26,""values"",2,""value""]",value,string,NORTHLAND
"[""templates"",0,""observations"",26,""values"",3]",3,object,
"[""templates"",0,""observations"",26,""values"",3,""column_id""]",column_id,string,INDICATOR
"[""templates"",0,""observations"",26,""values"",3,""value""]",value,string,HARVESTED_AREA
"[""templates"",0,""observations"",26,""values"",4]",4,object,
"[""templates"",0,""observations"",26,""values"",4,""column_id""]",column_id,string,TIME_PERIOD
"[""templates"",0,""observations"",26,""values"",4,""value""]",value,string,2025
"[""templates"",0,""observations"",26,""values"",5]",5,object,
"[""templates"",0,""observations"",26,""values"",5,""column_id""]",column_id,string,OBS_VALUE
"[""templates"",0,""observations"",26,""values"",5,""value""]",value,integer,38090
"[""templates"",0,""observations"",26,""values"",6]",6,object,
"[""templates"",0,""observations"",26,""values"",6,""column_id""]",column_id,string,UNIT_MEASURE
"[""templates"",0,""observations"",26,""values"",6,""value""]",value,string,HECTARES
"[""templates"",0,""observations"",26,""values"",7]",7,object,
"[""templates"",0,""observations"",26,""values"",7,""column_id""]",column_id,string,OBS_STATUS
"[""templates"",0,""observations"",26,""values"",7,""value""]",value,string,FORECAST
"[""templates"",0,""observations"",26,""evidence_quote""]",evidence_quote,string,Cassava                     Northland                  2025                     38090                       Hectares                  202104                   Tonnes                      Forecast
"[""templates"",0,""observations"",27]",27,object,
"[""templates"",0,""observations"",27,""dsd_id""]",dsd_id,string,KF_AGR_CROP_AREA_PRODUCTION
"[""templates"",0,""observations"",27,""values""]",values,array,
"[""templates"",0,""observations"",27,""values"",0]",0,object,
"[""templates"",0,""observations"",27,""values"",0,""column_id""]",column_id,string,FREQ
"[""templates"",0,""observations"",27,""values"",0,""value""]",value,string,A
"[""templates"",0,""observations"",27,""values"",1]",1,object,
"[""templates"",0,""observations"",27,""values"",1,""column_id""]",column_id,string,CROP
"[""templates"",0,""observations"",27,""values"",1,""value""]",value,string,CASSAVA
"[""templates"",0,""observations"",27,""values"",2]",2,object,
"[""templates"",0,""observations"",27,""values"",2,""column_id""]",column_id,string,REF_AREA
"[""templates"",0,""observations"",27,""values"",2,""value""]",value,string,NORTHLAND
"[""templates"",0,""observations"",27,""values"",3]",3,object,
"[""templates"",0,""observations"",27,""values"",3,""column_id""]",column_id,string,INDICATOR
"[""templates"",0,""observations"",27,""values"",3,""value""]",value,string,PRODUCTION
"[""templates"",0,""observations"",27,""values"",4]",4,object,
"[""templates"",0,""observations"",27,""values"",4,""column_id""]",column_id,string,TIME_PERIOD
"[""templates"",0,""observations"",27,""values"",4,""value""]",value,string,2025
"[""templates"",0,""observations"",27,""values"",5]",5,object,
"[""templates"",0,""observations"",27,""values"",5,""column_id""]",column_id,string,OBS_VALUE
"[""templates"",0,""observations"",27,""values"",5,""value""]",value,integer,202104
"[""templates"",0,""observations"",27,""values"",6]",6,object,
"[""templates"",0,""observations"",27,""values"",6,""column_id""]",column_id,string,UNIT_MEASURE
"[""templates"",0,""observations"",27,""values"",6,""value""]",value,string,TONNES
"[""templates"",0,""observations"",27,""values"",7]",7,object,
"[""templates"",0,""observations"",27,""values"",7,""column_id""]",column_id,string,OBS_STATUS
"[""templates"",0,""observations"",27,""values"",7,""value""]",value,string,FORECAST
"[""templates"",0,""observations"",27,""evidence_quote""]",evidence_quote,string,Cassava                     Northland                  2025                     38090                       Hectares                  202104                   Tonnes                      Forecast
"[""templates"",0,""observations"",28]",28,object,
"[""templates"",0,""observations"",28,""dsd_id""]",dsd_id,string,KF_AGR_CROP_AREA_PRODUCTION
"[""templates"",0,""observations"",28,""values""]",values,array,
"[""templates"",0,""observations"",28,""values"",0]",0,object,
"[""templates"",0,""observations"",28,""values"",0,""column_id""]",column_id,string,FREQ
"[""templates"",0,""observations"",28,""values"",0,""value""]",value,string,A
"[""templates"",0,""observations"",28,""values"",1]",1,object,
"[""templates"",0,""observations"",28,""values"",1,""column_id""]",column_id,string,CROP
"[""templates"",0,""observations"",28,""values"",1,""value""]",value,string,CASSAVA
"[""templates"",0,""observations"",28,""values"",2]",2,object,
"[""templates"",0,""observations"",28,""values"",2,""column_id""]",column_id,string,REF_AREA
"[""templates"",0,""observations"",28,""values"",2,""value""]",value,string,CENTRALIA
"[""templates"",0,""observations"",28,""values"",3]",3,object,
"[""templates"",0,""observations"",28,""values"",3,""column_id""]",column_id,string,INDICATOR
"[""templates"",0,""observations"",28,""values"",3,""value""]",value,string,HARVESTED_AREA
"[""templates"",0,""observations"",28,""values"",4]",4,object,
"[""templates"",0,""observations"",28,""values"",4,""column_id""]",column_id,string,TIME_PERIOD
"[""templates"",0,""observations"",28,""values"",4,""value""]",value,string,2024
"[""templates"",0,""observations"",28,""values"",5]",5,object,
"[""templates"",0,""observations"",28,""values"",5,""column_id""]",column_id,string,OBS_VALUE
"[""templates"",0,""observations"",28,""values"",5,""value""]",value,integer,93533
"[""templates"",0,""observations"",28,""values"",6]",6,object,
"[""templates"",0,""observations"",28,""values"",6,""column_id""]",column_id,string,UNIT_MEASURE
"[""templates"",0,""observations"",28,""values"",6,""value""]",value,string,HECTARES
"[""templates"",0,""observations"",28,""values"",7]",7,object,
"[""templates"",0,""observations"",28,""values"",7,""column_id""]",column_id,string,OBS_STATUS
"[""templates"",0,""observations"",28,""values"",7,""value""]",value,string,FINAL
"[""templates"",0,""observations"",28,""evidence_quote""]",evidence_quote,string,Cassava                       Centralia                  2024                     93533                       Hectares                  377383                   Tonnes                         Final
"[""templates"",0,""observations"",29]",29,object,
"[""templates"",0,""observations"",29,""dsd_id""]",dsd_id,string,KF_AGR_CROP_AREA_PRODUCTION
"[""templates"",0,""observations"",29,""values""]",values,array,
"[""templates"",0,""observations"",29,""values"",0]",0,object,
"[""templates"",0,""observations"",29,""values"",0,""column_id""]",column_id,string,FREQ
"[""templates"",0,""observations"",29,""values"",0,""value""]",value,string,A
"[""templates"",0,""observations"",29,""values"",1]",1,object,
"[""templates"",0,""observations"",29,""values"",1,""column_id""]",column_id,string,CROP
"[""templates"",0,""observations"",29,""values"",1,""value""]",value,string,CASSAVA
"[""templates"",0,""observations"",29,""values"",2]",2,object,
"[""templates"",0,""observations"",29,""values"",2,""column_id""]",column_id,string,REF_AREA
"[""templates"",0,""observations"",29,""values"",2,""value""]",value,string,CENTRALIA
"[""templates"",0,""observations"",29,""values"",3]",3,object,
"[""templates"",0,""observations"",29,""values"",3,""column_id""]",column_id,string,INDICATOR
"[""templates"",0,""observations"",29,""values"",3,""value""]",value,string,PRODUCTION
"[""templates"",0,""observations"",29,""values"",4]",4,object,
"[""templates"",0,""observations"",29,""values"",4,""column_id""]",column_id,string,TIME_PERIOD
"[""templates"",0,""observations"",29,""values"",4,""value""]",value,string,2024
"[""templates"",0,""observations"",29,""values"",5]",5,object,
"[""templates"",0,""observations"",29,""values"",5,""column_id""]",column_id,string,OBS_VALUE
"[""templates"",0,""observations"",29,""values"",5,""value""]",value,integer,377383
"[""templates"",0,""observations"",29,""values"",6]",6,object,
"[""templates"",0,""observations"",29,""values"",6,""column_id""]",column_id,string,UNIT_MEASURE
"[""templates"",0,""observations"",29,""values"",6,""value""]",value,string,TONNES
"[""templates"",0,""observations"",29,""values"",7]",7,object,
"[""templates"",0,""observations"",29,""values"",7,""column_id""]",column_id,string,OBS_STATUS
"[""templates"",0,""observations"",29,""values"",7,""value""]",value,string,FINAL
"[""templates"",0,""observations"",29,""evidence_quote""]",evidence_quote,string,Cassava                       Centralia                  2024                     93533                       Hectares                  377383                   Tonnes                         Final
"[""templates"",0,""observations"",30]",30,object,
"[""templates"",0,""observations"",30,""dsd_id""]",dsd_id,string,KF_AGR_CROP_AREA_PRODUCTION
"[""templates"",0,""observations"",30,""values""]",values,array,
"[""templates"",0,""observations"",30,""values"",0]",0,object,
"[""templates"",0,""observations"",30,""values"",0,""column_id""]",column_id,string,FREQ
"[""templates"",0,""observations"",30,""values"",0,""value""]",value,string,A
"[""templates"",0,""observations"",30,""values"",1]",1,object,
"[""templates"",0,""observations"",30,""values"",1,""column_id""]",column_id,string,CROP
"[""templates"",0,""observations"",30,""values"",1,""value""]",value,string,CASSAVA
"[""templates"",0,""observations"",30,""values"",2]",2,object,
"[""templates"",0,""observations"",30,""values"",2,""column_id""]",column_id,string,REF_AREA
"[""templates"",0,""observations"",30,""values"",2,""value""]",value,string,CENTRALIA
"[""templates"",0,""observations"",30,""values"",3]",3,object,
"[""templates"",0,""observations"",30,""values"",3,""column_id""]",column_id,string,INDICATOR
"[""templates"",0,""observations"",30,""values"",3,""value""]",value,string,HARVESTED_AREA
"[""templates"",0,""observations"",30,""values"",4]",4,object,
"[""templates"",0,""observations"",30,""values"",4,""column_id""]",column_id,string,TIME_PERIOD
"[""templates"",0,""observations"",30,""values"",4,""value""]",value,string,2025
"[""templates"",0,""observations"",30,""values"",5]",5,object,
"[""templates"",0,""observations"",30,""values"",5,""column_id""]",column_id,string,OBS_VALUE
"[""templates"",0,""observations"",30,""values"",5,""value""]",value,integer,35335
"[""templates"",0,""observations"",30,""values"",6]",6,object,
"[""templates"",0,""observations"",30,""values"",6,""column_id""]",column_id,string,UNIT_MEASURE
"[""templates"",0,""observations"",30,""values"",6,""value""]",value,string,HECTARES
"[""templates"",0,""observations"",30,""values"",7]",7,object,
"[""templates"",0,""observations"",30,""values"",7,""column_id""]",column_id,string,OBS_STATUS
"[""templates"",0,""observations"",30,""values"",7,""value""]",value,string,FORECAST
"[""templates"",0,""observations"",30,""evidence_quote""]",evidence_quote,string,Cassava                       Centralia                  2025                     35335                       Hectares                  86134                    Tonnes                      Forecast
"[""templates"",0,""observations"",31]",31,object,
"[""templates"",0,""observations"",31,""dsd_id""]",dsd_id,string,KF_AGR_CROP_AREA_PRODUCTION
"[""templates"",0,""observations"",31,""values""]",values,array,
"[""templates"",0,""observations"",31,""values"",0]",0,object,
"[""templates"",0,""observations"",31,""values"",0,""column_id""]",column_id,string,FREQ
"[""templates"",0,""observations"",31,""values"",0,""value""]",value,string,A
"[""templates"",0,""observations"",31,""values"",1]",1,object,
"[""templates"",0,""observations"",31,""values"",1,""column_id""]",column_id,string,CROP
"[""templates"",0,""observations"",31,""values"",1,""value""]",value,string,CASSAVA
"[""templates"",0,""observations"",31,""values"",2]",2,object,
"[""templates"",0,""observations"",31,""values"",2,""column_id""]",column_id,string,REF_AREA
"[""templates"",0,""observations"",31,""values"",2,""value""]",value,string,CENTRALIA
"[""templates"",0,""observations"",31,""values"",3]",3,object,
"[""templates"",0,""observations"",31,""values"",3,""column_id""]",column_id,string,INDICATOR
"[""templates"",0,""observations"",31,""values"",3,""value""]",value,string,PRODUCTION
"[""templates"",0,""observations"",31,""values"",4]",4,object,
"[""templates"",0,""observations"",31,""values"",4,""column_id""]",column_id,string,TIME_PERIOD
"[""templates"",0,""observations"",31,""values"",4,""value""]",value,string,2025
"[""templates"",0,""observations"",31,""values"",5]",5,object,
"[""templates"",0,""observations"",31,""values"",5,""column_id""]",column_id,string,OBS_VALUE
"[""templates"",0,""observations"",31,""values"",5,""value""]",value,integer,86134
"[""templates"",0,""observations"",31,""values"",6]",6,object,
"[""templates"",0,""observations"",31,""values"",6,""column_id""]",column_id,string,UNIT_MEASURE
"[""templates"",0,""observations"",31,""values"",6,""value""]",value,string,TONNES
"[""templates"",0,""observations"",31,""values"",7]",7,object,
"[""templates"",0,""observations"",31,""values"",7,""column_id""]",column_id,string,OBS_STATUS
"[""templates"",0,""observations"",31,""values"",7,""value""]",value,string,FORECAST
"[""templates"",0,""observations"",31,""evidence_quote""]",evidence_quote,string,Cassava                       Centralia                  2025                     35335                       Hectares                  86134                    Tonnes                      Forecast
"[""templates"",0,""observations"",32]",32,object,
"[""templates"",0,""observations"",32,""dsd_id""]",dsd_id,string,KF_AGR_CROP_AREA_PRODUCTION
"[""templates"",0,""observations"",32,""values""]",values,array,
"[""templates"",0,""observations"",32,""values"",0]",0,object,
"[""templates"",0,""observations"",32,""values"",0,""column_id""]",column_id,string,FREQ
"[""templates"",0,""observations"",32,""values"",0,""value""]",value,string,A
"[""templates"",0,""observations"",32,""values"",1]",1,object,
"[""templates"",0,""observations"",32,""values"",1,""column_id""]",column_id,string,CROP
"[""templates"",0,""observations"",32,""values"",1,""value""]",value,string,CASSAVA
"[""templates"",0,""observations"",32,""values"",2]",2,object,
"[""templates"",0,""observations"",32,""values"",2,""column_id""]",column_id,string,REF_AREA
"[""templates"",0,""observations"",32,""values"",2,""value""]",value,string,SOUTH_COAST
"[""templates"",0,""observations"",32,""values"",3]",3,object,
"[""templates"",0,""observations"",32,""values"",3,""column_id""]",column_id,string,INDICATOR
"[""templates"",0,""observations"",32,""values"",3,""value""]",value,string,HARVESTED_AREA
"[""templates"",0,""observations"",32,""values"",4]",4,object,
"[""templates"",0,""observations"",32,""values"",4,""column_id""]",column_id,string,TIME_PERIOD
"[""templates"",0,""observations"",32,""values"",4,""value""]",value,string,2024
"[""templates"",0,""observations"",32,""values"",5]",5,object,
"[""templates"",0,""observations"",32,""values"",5,""column_id""]",column_id,string,OBS_VALUE
"[""templates"",0,""observations"",32,""values"",5,""value""]",value,integer,27240
"[""templates"",0,""observations"",32,""values"",6]",6,object,
"[""templates"",0,""observations"",32,""values"",6,""column_id""]",column_id,string,UNIT_MEASURE
"[""templates"",0,""observations"",32,""values"",6,""value""]",value,string,HECTARES
"[""templates"",0,""observations"",32,""values"",7]",7,object,
"[""templates"",0,""observations"",32,""values"",7,""column_id""]",column_id,string,OBS_STATUS
"[""templates"",0,""observations"",32,""values"",7,""value""]",value,string,FINAL
"[""templates"",0,""observations"",32,""evidence_quote""]",evidence_quote,string,Cassava                    South Coast                2024                     27240                       Hectares                  237160                   Tonnes                         Final
"[""templates"",0,""observations"",33]",33,object,
"[""templates"",0,""observations"",33,""dsd_id""]",dsd_id,string,KF_AGR_CROP_AREA_PRODUCTION
"[""templates"",0,""observations"",33,""values""]",values,array,
"[""templates"",0,""observations"",33,""values"",0]",0,object,
"[""templates"",0,""observations"",33,""values"",0,""column_id""]",column_id,string,FREQ
"[""templates"",0,""observations"",33,""values"",0,""value""]",value,string,A
"[""templates"",0,""observations"",33,""values"",1]",1,object,
"[""templates"",0,""observations"",33,""values"",1,""column_id""]",column_id,string,CROP
"[""templates"",0,""observations"",33,""values"",1,""value""]",value,string,CASSAVA
"[""templates"",0,""observations"",33,""values"",2]",2,object,
"[""templates"",0,""observations"",33,""values"",2,""column_id""]",column_id,string,REF_AREA
"[""templates"",0,""observations"",33,""values"",2,""value""]",value,string,SOUTH_COAST
"[""templates"",0,""observations"",33,""values"",3]",3,object,
"[""templates"",0,""observations"",33,""values"",3,""column_id""]",column_id,string,INDICATOR
"[""templates"",0,""observations"",33,""values"",3,""value""]",value,string,PRODUCTION
"[""templates"",0,""observations"",33,""values"",4]",4,object,
"[""templates"",0,""observations"",33,""values"",4,""column_id""]",column_id,string,TIME_PERIOD
"[""templates"",0,""observations"",33,""values"",4,""value""]",value,string,2024
"[""templates"",0,""observations"",33,""values"",5]",5,object,
"[""templates"",0,""observations"",33,""values"",5,""column_id""]",column_id,string,OBS_VALUE
"[""templates"",0,""observations"",33,""values"",5,""value""]",value,integer,237160
"[""templates"",0,""observations"",33,""values"",6]",6,object,
"[""templates"",0,""observations"",33,""values"",6,""column_id""]",column_id,string,UNIT_MEASURE
"[""templates"",0,""observations"",33,""values"",6,""value""]",value,string,TONNES
"[""templates"",0,""observations"",33,""values"",7]",7,object,
"[""templates"",0,""observations"",33,""values"",7,""column_id""]",column_id,string,OBS_STATUS
"[""templates"",0,""observations"",33,""values"",7,""value""]",value,string,FINAL
"[""templates"",0,""observations"",33,""evidence_quote""]",evidence_quote,string,Cassava                    South Coast                2024                     27240                       Hectares                  237160                   Tonnes                         Final
"[""templates"",0,""observations"",34]",34,object,
"[""templates"",0,""observations"",34,""dsd_id""]",dsd_id,string,KF_AGR_CROP_AREA_PRODUCTION
"[""templates"",0,""observations"",34,""values""]",values,array,
"[""templates"",0,""observations"",34,""values"",0]",0,object,
"[""templates"",0,""observations"",34,""values"",0,""column_id""]",column_id,string,FREQ
"[""templates"",0,""observations"",34,""values"",0,""value""]",value,string,A
"[""templates"",0,""observations"",34,""values"",1]",1,object,
"[""templates"",0,""observations"",34,""values"",1,""column_id""]",column_id,string,CROP
"[""templates"",0,""observations"",34,""values"",1,""value""]",value,string,CASSAVA
"[""templates"",0,""observations"",34,""values"",2]",2,object,
"[""templates"",0,""observations"",34,""values"",2,""column_id""]",column_id,string,REF_AREA
"[""templates"",0,""observations"",34,""values"",2,""value""]",value,string,SOUTH_COAST
"[""templates"",0,""observations"",34,""values"",3]",3,object,
"[""templates"",0,""observations"",34,""values"",3,""column_id""]",column_id,string,INDICATOR
"[""templates"",0,""observations"",34,""values"",3,""value""]",value,string,HARVESTED_AREA
"[""templates"",0,""observations"",34,""values"",4]",4,object,
"[""templates"",0,""observations"",34,""values"",4,""column_id""]",column_id,string,TIME_PERIOD
"[""templates"",0,""observations"",34,""values"",4,""value""]",value,string,2025
"[""templates"",0,""observations"",34,""values"",5]",5,object,
"[""templates"",0,""observations"",34,""values"",5,""column_id""]",column_id,string,OBS_VALUE
"[""templates"",0,""observations"",34,""values"",5,""value""]",value,integer,87375
"[""templates"",0,""observations"",34,""values"",6]",6,object,
"[""templates"",0,""observations"",34,""values"",6,""column_id""]",column_id,string,UNIT_MEASURE
"[""templates"",0,""observations"",34,""values"",6,""value""]",value,string,HECTARES
"[""templates"",0,""observations"",34,""values"",7]",7,object,
"[""templates"",0,""observations"",34,""values"",7,""column_id""]",column_id,string,OBS_STATUS
"[""templates"",0,""observations"",34,""values"",7,""value""]",value,string,FORECAST
"[""templates"",0,""observations"",34,""evidence_quote""]",evidence_quote,string,Cassava                    South Coast                2025                     87375                       Hectares                  100775                   Tonnes                      Forecast
"[""templates"",0,""observations"",35]",35,object,
"[""templates"",0,""observations"",35,""dsd_id""]",dsd_id,string,KF_AGR_CROP_AREA_PRODUCTION
"[""templates"",0,""observations"",35,""values""]",values,array,
"[""templates"",0,""observations"",35,""values"",0]",0,object,
"[""templates"",0,""observations"",35,""values"",0,""column_id""]",column_id,string,FREQ
"[""templates"",0,""observations"",35,""values"",0,""value""]",value,string,A
"[""templates"",0,""observations"",35,""values"",1]",1,object,
"[""templates"",0,""observations"",35,""values"",1,""column_id""]",column_id,string,CROP
"[""templates"",0,""observations"",35,""values"",1,""value""]",value,string,CASSAVA
"[""templates"",0,""observations"",35,""values"",2]",2,object,
"[""templates"",0,""observations"",35,""values"",2,""column_id""]",column_id,string,REF_AREA
"[""templates"",0,""observations"",35,""values"",2,""value""]",value,string,SOUTH_COAST
"[""templates"",0,""observations"",35,""values"",3]",3,object,
"[""templates"",0,""observations"",35,""values"",3,""column_id""]",column_id,string,INDICATOR
"[""templates"",0,""observations"",35,""values"",3,""value""]",value,string,PRODUCTION
"[""templates"",0,""observations"",35,""values"",4]",4,object,
"[""templates"",0,""observations"",35,""values"",4,""column_id""]",column_id,string,TIME_PERIOD
"[""templates"",0,""observations"",35,""values"",4,""value""]",value,string,2025
"[""templates"",0,""observations"",35,""values"",5]",5,object,
"[""templates"",0,""observations"",35,""values"",5,""column_id""]",column_id,string,OBS_VALUE
"[""templates"",0,""observations"",35,""values"",5,""value""]",value,integer,100775
"[""templates"",0,""observations"",35,""values"",6]",6,object,
"[""templates"",0,""observations"",35,""values"",6,""column_id""]",column_id,string,UNIT_MEASURE
"[""templates"",0,""observations"",35,""values"",6,""value""]",value,string,TONNES
"[""templates"",0,""observations"",35,""values"",7]",7,object,
"[""templates"",0,""observations"",35,""values"",7,""column_id""]",column_id,string,OBS_STATUS
"[""templates"",0,""observations"",35,""values"",7,""value""]",value,string,FORECAST
"[""templates"",0,""observations"",35,""evidence_quote""]",evidence_quote,string,Cassava                    South Coast                2025                     87375                       Hectares                  100775                   Tonnes                      Forecast
"[""templates"",1]",1,object,
"[""templates"",1,""template_id""]",template_id,string,TPL_AGR_FERTILIZER_RETAIL_PRICE_LONG
"[""templates"",1,""dsd_id""]",dsd_id,string,KF_AGR_FERTILIZER_RETAIL_PRICE
"[""templates"",1,""columns""]",columns,array,
"[""templates"",1,""columns"",0]",0,object,
"[""templates"",1,""columns"",0,""column_id""]",column_id,string,FREQ
"[""templates"",1,""columns"",0,""role""]",role,string,DIMENSION
"[""templates"",1,""columns"",0,""required""]",required,boolean,true
"[""templates"",1,""columns"",0,""data_type""]",data_type,string,String (coded)
"[""templates"",1,""columns"",0,""codelist_id""]",codelist_id,string,CL_FREQ
"[""templates"",1,""columns"",0,""description""]",description,string,Observation frequency. Use M for monthly fertilizer retail price observations; CL_FREQ version not confirmed from supplied evidence.
"[""templates"",1,""columns"",1]",1,object,
"[""templates"",1,""columns"",1,""column_id""]",column_id,string,PRODUCT
"[""templates"",1,""columns"",1,""role""]",role,string,DIMENSION
"[""templates"",1,""columns"",1,""required""]",required,boolean,true
"[""templates"",1,""columns"",1,""data_type""]",data_type,string,String (coded)
"[""templates"",1,""columns"",1,""codelist_id""]",codelist_id,string,CL_FERTILIZER_PRODUCT_LOCAL
"[""templates"",1,""columns"",1,""description""]",description,string,"Local fertilizer market product category code from the DSD fertilizer product codelist, pending classification review."
"[""templates"",1,""columns"",2]",2,object,
"[""templates"",1,""columns"",2,""column_id""]",column_id,string,TIME_PERIOD
"[""templates"",1,""columns"",2,""role""]",role,string,TIME
"[""templates"",1,""columns"",2,""required""]",required,boolean,true
"[""templates"",1,""columns"",2,""data_type""]",data_type,string,Gregorian month
"[""templates"",1,""columns"",2,""codelist_id""]",codelist_id,null,
"[""templates"",1,""columns"",2,""description""]",description,string,Monthly reference period from the report Month column.
"[""templates"",1,""columns"",3]",3,object,
"[""templates"",1,""columns"",3,""column_id""]",column_id,string,OBS_VALUE
"[""templates"",1,""columns"",3,""role""]",role,string,MEASURE
"[""templates"",1,""columns"",3,""required""]",required,boolean,true
"[""templates"",1,""columns"",3,""data_type""]",data_type,string,Decimal
"[""templates"",1,""columns"",3,""codelist_id""]",codelist_id,null,
"[""templates"",1,""columns"",3,""description""]",description,string,Numeric retail price value only; the price unit is stored separately in UNIT_MEASURE.
"[""templates"",1,""columns"",4]",4,object,
"[""templates"",1,""columns"",4,""column_id""]",column_id,string,UNIT_MEASURE
"[""templates"",1,""columns"",4,""role""]",role,string,ATTRIBUTE
"[""templates"",1,""columns"",4,""required""]",required,boolean,true
"[""templates"",1,""columns"",4,""data_type""]",data_type,string,String (coded or controlled text)
"[""templates"",1,""columns"",4,""codelist_id""]",codelist_id,string,CL_FERTILIZER_UNIT_LOCAL
"[""templates"",1,""columns"",4,""description""]",description,string,Unit code for fertilizer retail price observations. Use LOCAL_CURRENCY_PER_50KG_BAG until currency identity is resolved.
"[""templates"",1,""columns"",5]",5,object,
"[""templates"",1,""columns"",5,""column_id""]",column_id,string,OBS_STATUS
"[""templates"",1,""columns"",5,""role""]",role,string,ATTRIBUTE
"[""templates"",1,""columns"",5,""required""]",required,boolean,true
"[""templates"",1,""columns"",5,""data_type""]",data_type,string,String (coded)
"[""templates"",1,""columns"",5,""codelist_id""]",codelist_id,string,CL_PRICE_OBS_STATUS_LOCAL
"[""templates"",1,""columns"",5,""description""]",description,string,"Fertilizer price observation status code preserved from the report, pending confirmed mapping to SDMX CL_OBS_STATUS."
"[""templates"",1,""observations""]",observations,array,
"[""templates"",1,""observations"",0]",0,object,
"[""templates"",1,""observations"",0,""dsd_id""]",dsd_id,string,KF_AGR_FERTILIZER_RETAIL_PRICE
"[""templates"",1,""observations"",0,""values""]",values,array,
"[""templates"",1,""observations"",0,""values"",0]",0,object,
"[""templates"",1,""observations"",0,""values"",0,""column_id""]",column_id,string,FREQ
"[""templates"",1,""observations"",0,""values"",0,""value""]",value,string,M
"[""templates"",1,""observations"",0,""values"",1]",1,object,
"[""templates"",1,""observations"",0,""values"",1,""column_id""]",column_id,string,PRODUCT
"[""templates"",1,""observations"",0,""values"",1,""value""]",value,string,UREA
"[""templates"",1,""observations"",0,""values"",2]",2,object,
"[""templates"",1,""observations"",0,""values"",2,""column_id""]",column_id,string,TIME_PERIOD
"[""templates"",1,""observations"",0,""values"",2,""value""]",value,string,2025-01
"[""templates"",1,""observations"",0,""values"",3]",3,object,
"[""templates"",1,""observations"",0,""values"",3,""column_id""]",column_id,string,OBS_VALUE
"[""templates"",1,""observations"",0,""values"",3,""value""]",value,number,313.28
"[""templates"",1,""observations"",0,""values"",4]",4,object,
"[""templates"",1,""observations"",0,""values"",4,""column_id""]",column_id,string,UNIT_MEASURE
"[""templates"",1,""observations"",0,""values"",4,""value""]",value,string,LOCAL_CURRENCY_PER_50KG_BAG
"[""templates"",1,""observations"",0,""values"",5]",5,object,
"[""templates"",1,""observations"",0,""values"",5,""column_id""]",column_id,string,OBS_STATUS
"[""templates"",1,""observations"",0,""values"",5,""value""]",value,string,OBSERVED
"[""templates"",1,""observations"",0,""evidence_quote""]",evidence_quote,string,Urea                                       2025-01                                     313.28                                         Local currency per 50 kg bag                  Observed
"[""templates"",1,""observations"",1]",1,object,
"[""templates"",1,""observations"",1,""dsd_id""]",dsd_id,string,KF_AGR_FERTILIZER_RETAIL_PRICE
"[""templates"",1,""observations"",1,""values""]",values,array,
"[""templates"",1,""observations"",1,""values"",0]",0,object,
"[""templates"",1,""observations"",1,""values"",0,""column_id""]",column_id,string,FREQ
"[""templates"",1,""observations"",1,""values"",0,""value""]",value,string,M
"[""templates"",1,""observations"",1,""values"",1]",1,object,
"[""templates"",1,""observations"",1,""values"",1,""column_id""]",column_id,string,PRODUCT
"[""templates"",1,""observations"",1,""values"",1,""value""]",value,string,UREA
"[""templates"",1,""observations"",1,""values"",2]",2,object,
"[""templates"",1,""observations"",1,""values"",2,""column_id""]",column_id,string,TIME_PERIOD
"[""templates"",1,""observations"",1,""values"",2,""value""]",value,string,2025-02
"[""templates"",1,""observations"",1,""values"",3]",3,object,
"[""templates"",1,""observations"",1,""values"",3,""column_id""]",column_id,string,OBS_VALUE
"[""templates"",1,""observations"",1,""values"",3,""value""]",value,number,270.81
"[""templates"",1,""observations"",1,""values"",4]",4,object,
"[""templates"",1,""observations"",1,""values"",4,""column_id""]",column_id,string,UNIT_MEASURE
"[""templates"",1,""observations"",1,""values"",4,""value""]",value,string,LOCAL_CURRENCY_PER_50KG_BAG
"[""templates"",1,""observations"",1,""values"",5]",5,object,
"[""templates"",1,""observations"",1,""values"",5,""column_id""]",column_id,string,OBS_STATUS
"[""templates"",1,""observations"",1,""values"",5,""value""]",value,string,OBSERVED
"[""templates"",1,""observations"",1,""evidence_quote""]",evidence_quote,string,Urea                                       2025-02                                     270.81                                         Local currency per 50 kg bag                  Observed
"[""templates"",1,""observations"",2]",2,object,
"[""templates"",1,""observations"",2,""dsd_id""]",dsd_id,string,KF_AGR_FERTILIZER_RETAIL_PRICE
"[""templates"",1,""observations"",2,""values""]",values,array,
"[""templates"",1,""observations"",2,""values"",0]",0,object,
"[""templates"",1,""observations"",2,""values"",0,""column_id""]",column_id,string,FREQ
"[""templates"",1,""observations"",2,""values"",0,""value""]",value,string,M
"[""templates"",1,""observations"",2,""values"",1]",1,object,
"[""templates"",1,""observations"",2,""values"",1,""column_id""]",column_id,string,PRODUCT
"[""templates"",1,""observations"",2,""values"",1,""value""]",value,string,UREA
"[""templates"",1,""observations"",2,""values"",2]",2,object,
"[""templates"",1,""observations"",2,""values"",2,""column_id""]",column_id,string,TIME_PERIOD
"[""templates"",1,""observations"",2,""values"",2,""value""]",value,string,2025-03
"[""templates"",1,""observations"",2,""values"",3]",3,object,
"[""templates"",1,""observations"",2,""values"",3,""column_id""]",column_id,string,OBS_VALUE
"[""templates"",1,""observations"",2,""values"",3,""value""]",value,number,401.31
"[""templates"",1,""observations"",2,""values"",4]",4,object,
"[""templates"",1,""observations"",2,""values"",4,""column_id""]",column_id,string,UNIT_MEASURE
"[""templates"",1,""observations"",2,""values"",4,""value""]",value,string,LOCAL_CURRENCY_PER_50KG_BAG
"[""templates"",1,""observations"",2,""values"",5]",5,object,
"[""templates"",1,""observations"",2,""values"",5,""column_id""]",column_id,string,OBS_STATUS
"[""templates"",1,""observations"",2,""values"",5,""value""]",value,string,OBSERVED
"[""templates"",1,""observations"",2,""evidence_quote""]",evidence_quote,string,Urea                                       2025-03                                     401.31                                         Local currency per 50 kg bag                  Observed
"[""templates"",1,""observations"",3]",3,object,
"[""templates"",1,""observations"",3,""dsd_id""]",dsd_id,string,KF_AGR_FERTILIZER_RETAIL_PRICE
"[""templates"",1,""observations"",3,""values""]",values,array,
"[""templates"",1,""observations"",3,""values"",0]",0,object,
"[""templates"",1,""observations"",3,""values"",0,""column_id""]",column_id,string,FREQ
"[""templates"",1,""observations"",3,""values"",0,""value""]",value,string,M
"[""templates"",1,""observations"",3,""values"",1]",1,object,
"[""templates"",1,""observations"",3,""values"",1,""column_id""]",column_id,string,PRODUCT
"[""templates"",1,""observations"",3,""values"",1,""value""]",value,string,UREA
"[""templates"",1,""observations"",3,""values"",2]",2,object,
"[""templates"",1,""observations"",3,""values"",2,""column_id""]",column_id,string,TIME_PERIOD
"[""templates"",1,""observations"",3,""values"",2,""value""]",value,string,2025-04
"[""templates"",1,""observations"",3,""values"",3]",3,object,
"[""templates"",1,""observations"",3,""values"",3,""column_id""]",column_id,string,OBS_VALUE
"[""templates"",1,""observations"",3,""values"",3,""value""]",value,number,384.34
"[""templates"",1,""observations"",3,""values"",4]",4,object,
"[""templates"",1,""observations"",3,""values"",4,""column_id""]",column_id,string,UNIT_MEASURE
"[""templates"",1,""observations"",3,""values"",4,""value""]",value,string,LOCAL_CURRENCY_PER_50KG_BAG
"[""templates"",1,""observations"",3,""values"",5]",5,object,
"[""templates"",1,""observations"",3,""values"",5,""column_id""]",column_id,string,OBS_STATUS
"[""templates"",1,""observations"",3,""values"",5,""value""]",value,string,OBSERVED
"[""templates"",1,""observations"",3,""evidence_quote""]",evidence_quote,string,Urea                                       2025-04                                     384.34                                         Local currency per 50 kg bag                  Observed
"[""templates"",1,""observations"",4]",4,object,
"[""templates"",1,""observations"",4,""dsd_id""]",dsd_id,string,KF_AGR_FERTILIZER_RETAIL_PRICE
"[""templates"",1,""observations"",4,""values""]",values,array,
"[""templates"",1,""observations"",4,""values"",0]",0,object,
"[""templates"",1,""observations"",4,""values"",0,""column_id""]",column_id,string,FREQ
"[""templates"",1,""observations"",4,""values"",0,""value""]",value,string,M
"[""templates"",1,""observations"",4,""values"",1]",1,object,
"[""templates"",1,""observations"",4,""values"",1,""column_id""]",column_id,string,PRODUCT
"[""templates"",1,""observations"",4,""values"",1,""value""]",value,string,COMPOUND_NPK
"[""templates"",1,""observations"",4,""values"",2]",2,object,
"[""templates"",1,""observations"",4,""values"",2,""column_id""]",column_id,string,TIME_PERIOD
"[""templates"",1,""observations"",4,""values"",2,""value""]",value,string,2025-01
"[""templates"",1,""observations"",4,""values"",3]",3,object,
"[""templates"",1,""observations"",4,""values"",3,""column_id""]",column_id,string,OBS_VALUE
"[""templates"",1,""observations"",4,""values"",3,""value""]",value,number,387.57
"[""templates"",1,""observations"",4,""values"",4]",4,object,
"[""templates"",1,""observations"",4,""values"",4,""column_id""]",column_id,string,UNIT_MEASURE
"[""templates"",1,""observations"",4,""values"",4,""value""]",value,string,LOCAL_CURRENCY_PER_50KG_BAG
"[""templates"",1,""observations"",4,""values"",5]",5,object,
"[""templates"",1,""observations"",4,""values"",5,""column_id""]",column_id,string,OBS_STATUS
"[""templates"",1,""observations"",4,""values"",5,""value""]",value,string,OBSERVED
"[""templates"",1,""observations"",4,""evidence_quote""]",evidence_quote,string,Compound NPK                             2025-01                                     387.57                                         Local currency per 50 kg bag                  Observed
"[""templates"",1,""observations"",5]",5,object,
"[""templates"",1,""observations"",5,""dsd_id""]",dsd_id,string,KF_AGR_FERTILIZER_RETAIL_PRICE
"[""templates"",1,""observations"",5,""values""]",values,array,
"[""templates"",1,""observations"",5,""values"",0]",0,object,
"[""templates"",1,""observations"",5,""values"",0,""column_id""]",column_id,string,FREQ
"[""templates"",1,""observations"",5,""values"",0,""value""]",value,string,M
"[""templates"",1,""observations"",5,""values"",1]",1,object,
"[""templates"",1,""observations"",5,""values"",1,""column_id""]",column_id,string,PRODUCT
"[""templates"",1,""observations"",5,""values"",1,""value""]",value,string,COMPOUND_NPK
"[""templates"",1,""observations"",5,""values"",2]",2,object,
"[""templates"",1,""observations"",5,""values"",2,""column_id""]",column_id,string,TIME_PERIOD
"[""templates"",1,""observations"",5,""values"",2,""value""]",value,string,2025-02
"[""templates"",1,""observations"",5,""values"",3]",3,object,
"[""templates"",1,""observations"",5,""values"",3,""column_id""]",column_id,string,OBS_VALUE
"[""templates"",1,""observations"",5,""values"",3,""value""]",value,number,351.76
"[""templates"",1,""observations"",5,""values"",4]",4,object,
"[""templates"",1,""observations"",5,""values"",4,""column_id""]",column_id,string,UNIT_MEASURE
"[""templates"",1,""observations"",5,""values"",4,""value""]",value,string,LOCAL_CURRENCY_PER_50KG_BAG
"[""templates"",1,""observations"",5,""values"",5]",5,object,
"[""templates"",1,""observations"",5,""values"",5,""column_id""]",column_id,string,OBS_STATUS
"[""templates"",1,""observations"",5,""values"",5,""value""]",value,string,OBSERVED
"[""templates"",1,""observations"",5,""evidence_quote""]",evidence_quote,string,Compound NPK                             2025-02                                     351.76                                         Local currency per 50 kg bag                  Observed
"[""templates"",1,""observations"",6]",6,object,
"[""templates"",1,""observations"",6,""dsd_id""]",dsd_id,string,KF_AGR_FERTILIZER_RETAIL_PRICE
"[""templates"",1,""observations"",6,""values""]",values,array,
"[""templates"",1,""observations"",6,""values"",0]",0,object,
"[""templates"",1,""observations"",6,""values"",0,""column_id""]",column_id,string,FREQ
"[""templates"",1,""observations"",6,""values"",0,""value""]",value,string,M
"[""templates"",1,""observations"",6,""values"",1]",1,object,
"[""templates"",1,""observations"",6,""values"",1,""column_id""]",column_id,string,PRODUCT
"[""templates"",1,""observations"",6,""values"",1,""value""]",value,string,COMPOUND_NPK
"[""templates"",1,""observations"",6,""values"",2]",2,object,
"[""templates"",1,""observations"",6,""values"",2,""column_id""]",column_id,string,TIME_PERIOD
"[""templates"",1,""observations"",6,""values"",2,""value""]",value,string,2025-03
"[""templates"",1,""observations"",6,""values"",3]",3,object,
"[""templates"",1,""observations"",6,""values"",3,""column_id""]",column_id,string,OBS_VALUE
"[""templates"",1,""observations"",6,""values"",3,""value""]",value,number,358.54
"[""templates"",1,""observations"",6,""values"",4]",4,object,
"[""templates"",1,""observations"",6,""values"",4,""column_id""]",column_id,string,UNIT_MEASURE
"[""templates"",1,""observations"",6,""values"",4,""value""]",value,string,LOCAL_CURRENCY_PER_50KG_BAG
"[""templates"",1,""observations"",6,""values"",5]",5,object,
"[""templates"",1,""observations"",6,""values"",5,""column_id""]",column_id,string,OBS_STATUS
"[""templates"",1,""observations"",6,""values"",5,""value""]",value,string,OBSERVED
"[""templates"",1,""observations"",6,""evidence_quote""]",evidence_quote,string,Compound NPK                             2025-03                                     358.54                                         Local currency per 50 kg bag                  Observed
"[""templates"",1,""observations"",7]",7,object,
"[""templates"",1,""observations"",7,""dsd_id""]",dsd_id,string,KF_AGR_FERTILIZER_RETAIL_PRICE
"[""templates"",1,""observations"",7,""values""]",values,array,
"[""templates"",1,""observations"",7,""values"",0]",0,object,
"[""templates"",1,""observations"",7,""values"",0,""column_id""]",column_id,string,FREQ
"[""templates"",1,""observations"",7,""values"",0,""value""]",value,string,M
"[""templates"",1,""observations"",7,""values"",1]",1,object,
"[""templates"",1,""observations"",7,""values"",1,""column_id""]",column_id,string,PRODUCT
"[""templates"",1,""observations"",7,""values"",1,""value""]",value,string,COMPOUND_NPK
"[""templates"",1,""observations"",7,""values"",2]",2,object,
"[""templates"",1,""observations"",7,""values"",2,""column_id""]",column_id,string,TIME_PERIOD
"[""templates"",1,""observations"",7,""values"",2,""value""]",value,string,2025-04
"[""templates"",1,""observations"",7,""values"",3]",3,object,
"[""templates"",1,""observations"",7,""values"",3,""column_id""]",column_id,string,OBS_VALUE
"[""templates"",1,""observations"",7,""values"",3,""value""]",value,number,275.86
"[""templates"",1,""observations"",7,""values"",4]",4,object,
"[""templates"",1,""observations"",7,""values"",4,""column_id""]",column_id,string,UNIT_MEASURE
"[""templates"",1,""observations"",7,""values"",4,""value""]",value,string,LOCAL_CURRENCY_PER_50KG_BAG
"[""templates"",1,""observations"",7,""values"",5]",5,object,
"[""templates"",1,""observations"",7,""values"",5,""column_id""]",column_id,string,OBS_STATUS
"[""templates"",1,""observations"",7,""values"",5,""value""]",value,string,OBSERVED
"[""templates"",1,""observations"",7,""evidence_quote""]",evidence_quote,string,Compound NPK                             2025-04                                     275.86                                         Local currency per 50 kg bag                  Observed
