JSON_PATH,FIELD,VALUE_TYPE,VALUE
[],$,object,
"[""artifact_key""]",artifact_key,string,CODEBOOK_AND_SOURCE_MAPPING
"[""artifact_name""]",artifact_name,string,CODEBOOK AND SOURCE-TO-SDMX MAPPING
"[""principles_file""]",principles_file,string,08_CODEBOOK_AND_SOURCE_MAPPING.txt
"[""principles_sha256""]",principles_sha256,string,999d6556922403d8315a0a0558da149e83e7c3b8f29779d9d346959966d76b74
"[""principles_corpus_sha256""]",principles_corpus_sha256,string,bf4329570a317b193d7c65defd1a72280f56372e9e68b0fd99287d90be2aafb8
"[""best_practice_chunk_ids""]",best_practice_chunk_ids,array,
"[""best_practice_chunk_ids"",0]",0,integer,1
"[""best_practice_chunk_ids"",1]",1,integer,2
"[""best_practice_chunk_ids"",2]",2,integer,3
"[""best_practice_chunk_ids"",3]",3,integer,4
"[""best_practice_chunk_ids"",4]",4,integer,19
"[""best_practice_chunk_ids"",5]",5,integer,20
"[""best_practice_chunk_ids"",6]",6,integer,21
"[""best_practice_chunk_ids"",7]",7,integer,22
"[""best_practice_chunk_ids"",8]",8,integer,23
"[""best_practice_chunk_ids"",9]",9,integer,24
"[""best_practice_chunk_ids"",10]",10,integer,26
"[""best_practice_chunk_ids"",11]",11,integer,27
"[""best_practice_chunk_ids"",12]",12,integer,28
"[""best_practice_chunk_ids"",13]",13,integer,29
"[""best_practice_chunk_ids"",14]",14,integer,36
"[""best_practice_chunk_ids"",15]",15,integer,37
"[""best_practice_chunk_ids"",16]",16,integer,38
"[""best_practice_chunk_ids"",17]",17,integer,39
"[""best_practice_chunk_ids"",18]",18,integer,40
"[""best_practice_chunk_ids"",19]",19,integer,47
"[""best_practice_chunk_ids"",20]",20,integer,48
"[""best_practice_chunk_ids"",21]",21,integer,49
"[""aggregate_version""]",aggregate_version,integer,3
"[""created_at""]",created_at,string,2026-09-17T00:04:06.615604+00:00
"[""updated_at""]",updated_at,string,2026-09-17T01:13:31.827340+00:00
"[""update_mode""]",update_mode,string,INCREMENTAL
"[""contributions""]",contributions,array,
"[""contributions"",0]",0,object,
"[""contributions"",0,""source_report""]",source_report,string,01_sdmx_20_population_full_case.xml
"[""contributions"",0,""source_json_path""]",source_json_path,string,Artifact JSON\Codebook and Source Mapping\01_sdmx_20_population_full_case.json
"[""contributions"",0,""json_sha256""]",json_sha256,string,7d73dd69aebec92a191117007a5191087822946dde6ebdad469e668c2b8348d7
"[""contributions"",1]",1,object,
"[""contributions"",1,""source_report""]",source_report,string,02_sdmx_20_consumer_prices_full_case.xml
"[""contributions"",1,""source_json_path""]",source_json_path,string,Artifact JSON\Codebook and Source Mapping\02_sdmx_20_consumer_prices_full_case.json
"[""contributions"",1,""json_sha256""]",json_sha256,string,4dc90b95268c06b1760dd114fa06026945e4972e0612f424109e17366f3e8e6a
"[""contributions"",2]",2,object,
"[""contributions"",2,""source_report""]",source_report,string,03_sdmx_21_labour_market_full_case.xml
"[""contributions"",2,""source_json_path""]",source_json_path,string,Artifact JSON\Codebook and Source Mapping\03_sdmx_21_labour_market_full_case.json
"[""contributions"",2,""json_sha256""]",json_sha256,string,ba715d692cdd19128f0096b9c2ccf55c56dbd735b1f0e3ec05d195e88497246f
"[""contributions"",3]",3,object,
"[""contributions"",3,""source_report""]",source_report,string,04_sdmx_21_external_trade_full_case.xml
"[""contributions"",3,""source_json_path""]",source_json_path,string,Artifact JSON\Codebook and Source Mapping\04_sdmx_21_external_trade_full_case.json
"[""contributions"",3,""json_sha256""]",json_sha256,string,6f46907b09e179f8cd2d4a158ff50b994f7f917baff4956621f177bf3a8ea215
"[""contributions"",4]",4,object,
"[""contributions"",4,""source_report""]",source_report,string,example_01_labour_market.pdf
"[""contributions"",4,""source_json_path""]",source_json_path,string,Artifact JSON\Codebook and Source Mapping\example_01_labour_market.json
"[""contributions"",4,""json_sha256""]",json_sha256,string,bd7b2e7213a6b3e510ccf3c837e2b209e9670781a4e23ca5af6111cccc4018d7
"[""contributions"",5]",5,object,
"[""contributions"",5,""source_report""]",source_report,string,example_02_health_system.pdf
"[""contributions"",5,""source_json_path""]",source_json_path,string,Artifact JSON\Codebook and Source Mapping\example_02_health_system.json
"[""contributions"",5,""json_sha256""]",json_sha256,string,e8335f497ed4029c6818b45bf691aa6a80af7a50a82831ebfddc44716d667a41
"[""contributions"",6]",6,object,
"[""contributions"",6,""source_report""]",source_report,string,example_03_education.pdf
"[""contributions"",6,""source_json_path""]",source_json_path,string,Artifact JSON\Codebook and Source Mapping\example_03_education.json
"[""contributions"",6,""json_sha256""]",json_sha256,string,ef6a61a4036eb5720ecbfbb0909e7e9785d5eec2db835a6c403dd469b6272805
"[""contributions"",7]",7,object,
"[""contributions"",7,""source_report""]",source_report,string,example_04_agriculture.pdf
"[""contributions"",7,""source_json_path""]",source_json_path,string,Artifact JSON\Codebook and Source Mapping\example_04_agriculture.json
"[""contributions"",7,""json_sha256""]",json_sha256,string,9ddbe149128f313b46c52b2ab210b92ac27186e1ac4ba8273b49c077c81d8fac
"[""contributions"",8]",8,object,
"[""contributions"",8,""source_report""]",source_report,string,example_05_prices_consumption.pdf
"[""contributions"",8,""source_json_path""]",source_json_path,string,Artifact JSON\Codebook and Source Mapping\example_05_prices_consumption.json
"[""contributions"",8,""json_sha256""]",json_sha256,string,ea51a24878274e753d627421bbb03005bfe80818bc6a80f06205706bbe3e62be
"[""optimizer_attempts""]",optimizer_attempts,integer,2
"[""validator_direct_correction""]",validator_direct_correction,boolean,false
"[""inspector_review""]",inspector_review,object,
"[""inspector_review"",""valid""]",valid,boolean,true
"[""inspector_review"",""covered_source_reports""]",covered_source_reports,array,
"[""inspector_review"",""covered_source_reports"",0]",0,string,01_sdmx_20_population_full_case.xml
"[""inspector_review"",""covered_source_reports"",1]",1,string,02_sdmx_20_consumer_prices_full_case.xml
"[""inspector_review"",""covered_source_reports"",2]",2,string,03_sdmx_21_labour_market_full_case.xml
"[""inspector_review"",""covered_source_reports"",3]",3,string,04_sdmx_21_external_trade_full_case.xml
"[""inspector_review"",""covered_source_reports"",4]",4,string,example_01_labour_market.pdf
"[""inspector_review"",""covered_source_reports"",5]",5,string,example_02_health_system.pdf
"[""inspector_review"",""covered_source_reports"",6]",6,string,example_03_education.pdf
"[""inspector_review"",""covered_source_reports"",7]",7,string,example_04_agriculture.pdf
"[""inspector_review"",""covered_source_reports"",8]",8,string,example_05_prices_consumption.pdf
"[""inspector_review"",""missing_source_reports""]",missing_source_reports,array,
"[""inspector_review"",""missing_requirements""]",missing_requirements,array,
"[""inspector_review"",""redundancies_remaining""]",redundancies_remaining,array,
"[""inspector_review"",""schema_issues""]",schema_issues,array,
"[""inspector_review"",""repair_instructions""]",repair_instructions,array,
"[""optimized_artifact""]",optimized_artifact,object,
"[""optimized_artifact"",""artifact_type""]",artifact_type,string,CODEBOOK_AND_SOURCE_MAPPING
"[""optimized_artifact"",""source_report""]",source_report,string,AGGREGATE::CODEBOOK_AND_SOURCE_MAPPING
"[""optimized_artifact"",""source_sha256""]",source_sha256,string,780100dd2647f28f75769c75dac2dbf4c49008d84eced3fc826065683e37b723
"[""optimized_artifact"",""principles_file""]",principles_file,string,08_CODEBOOK_AND_SOURCE_MAPPING.txt
"[""optimized_artifact"",""principles_sha256""]",principles_sha256,string,999d6556922403d8315a0a0558da149e83e7c3b8f29779d9d346959966d76b74
"[""optimized_artifact"",""retrieved_chunk_ids""]",retrieved_chunk_ids,array,
"[""optimized_artifact"",""retrieved_chunk_ids"",0]",0,integer,1
"[""optimized_artifact"",""retrieved_chunk_ids"",1]",1,integer,2
"[""optimized_artifact"",""retrieved_chunk_ids"",2]",2,integer,3
"[""optimized_artifact"",""retrieved_chunk_ids"",3]",3,integer,4
"[""optimized_artifact"",""retrieved_chunk_ids"",4]",4,integer,19
"[""optimized_artifact"",""retrieved_chunk_ids"",5]",5,integer,20
"[""optimized_artifact"",""retrieved_chunk_ids"",6]",6,integer,21
"[""optimized_artifact"",""retrieved_chunk_ids"",7]",7,integer,22
"[""optimized_artifact"",""retrieved_chunk_ids"",8]",8,integer,23
"[""optimized_artifact"",""retrieved_chunk_ids"",9]",9,integer,24
"[""optimized_artifact"",""retrieved_chunk_ids"",10]",10,integer,26
"[""optimized_artifact"",""retrieved_chunk_ids"",11]",11,integer,27
"[""optimized_artifact"",""retrieved_chunk_ids"",12]",12,integer,28
"[""optimized_artifact"",""retrieved_chunk_ids"",13]",13,integer,29
"[""optimized_artifact"",""retrieved_chunk_ids"",14]",14,integer,36
"[""optimized_artifact"",""retrieved_chunk_ids"",15]",15,integer,37
"[""optimized_artifact"",""retrieved_chunk_ids"",16]",16,integer,38
"[""optimized_artifact"",""retrieved_chunk_ids"",17]",17,integer,39
"[""optimized_artifact"",""retrieved_chunk_ids"",18]",18,integer,40
"[""optimized_artifact"",""retrieved_chunk_ids"",19]",19,integer,47
"[""optimized_artifact"",""retrieved_chunk_ids"",20]",20,integer,48
"[""optimized_artifact"",""retrieved_chunk_ids"",21]",21,integer,49
"[""optimized_artifact"",""standard_references""]",standard_references,array,
"[""optimized_artifact"",""standard_references"",0]",0,object,
"[""optimized_artifact"",""standard_references"",0,""agency""]",agency,string,SDMX
"[""optimized_artifact"",""standard_references"",0,""artifact_type""]",artifact_type,string,Technical standard
"[""optimized_artifact"",""standard_references"",0,""artifact_id""]",artifact_id,string,SDMX_2_0
"[""optimized_artifact"",""standard_references"",0,""version""]",version,string,2.0
"[""optimized_artifact"",""standard_references"",0,""url""]",url,string,https://sdmx.org/startpage/sdmx-standards-version-20/
"[""optimized_artifact"",""standard_references"",0,""evidence""]",evidence,string,Target package standard; SDMX 2.0 formal DSD term is Key Family.
"[""optimized_artifact"",""standard_references"",0,""verification_status""]",verification_status,string,CONFIRMED
"[""optimized_artifact"",""standard_references"",1]",1,object,
"[""optimized_artifact"",""standard_references"",1,""agency""]",agency,string,SDMX
"[""optimized_artifact"",""standard_references"",1,""artifact_type""]",artifact_type,string,Glossary / cross-domain concepts
"[""optimized_artifact"",""standard_references"",1,""artifact_id""]",artifact_id,string,SDMX_GLOSSARY
"[""optimized_artifact"",""standard_references"",1,""version""]",version,string,2.1 December 2020
"[""optimized_artifact"",""standard_references"",1,""url""]",url,string,https://sdmx.org/wp-content/uploads/SDMX_Glossary_Version_2_1_December_2020.htm
"[""optimized_artifact"",""standard_references"",1,""evidence""]",evidence,string,"Used for common concept reuse: FREQ, REF_AREA, TIME_PERIOD, OBS_VALUE, UNIT_MEASURE, OBS_STATUS, SEX, AGE, ACTIVITY."
"[""optimized_artifact"",""standard_references"",1,""verification_status""]",verification_status,string,CONFIRMED
"[""optimized_artifact"",""standard_references"",2]",2,object,
"[""optimized_artifact"",""standard_references"",2,""agency""]",agency,string,SDMX
"[""optimized_artifact"",""standard_references"",2,""artifact_type""]",artifact_type,string,Codelist catalogue
"[""optimized_artifact"",""standard_references"",2,""artifact_id""]",artifact_id,string,SDMX_GLOBAL_REGISTRY_CODELISTS
"[""optimized_artifact"",""standard_references"",2,""version""]",version,string,not stated
"[""optimized_artifact"",""standard_references"",2,""url""]",url,string,https://registry.sdmx.org/items/codelist.html
"[""optimized_artifact"",""standard_references"",2,""evidence""]",evidence,string,"Candidate source for CL_FREQ, CL_SEX, CL_OBS_STATUS and CL_SEASONAL_ADJUST; exact versions and memberships not confirmed in supplied evidence."
"[""optimized_artifact"",""standard_references"",2,""verification_status""]",verification_status,string,CONFIRMED
"[""optimized_artifact"",""standard_references"",3]",3,object,
"[""optimized_artifact"",""standard_references"",3,""agency""]",agency,string,UNSD
"[""optimized_artifact"",""standard_references"",3,""artifact_type""]",artifact_type,string,Geographic classification
"[""optimized_artifact"",""standard_references"",3,""artifact_id""]",artifact_id,string,UN_M49
"[""optimized_artifact"",""standard_references"",3,""version""]",version,string,not stated
"[""optimized_artifact"",""standard_references"",3,""url""]",url,string,https://unstats.un.org/unsd/methodology/m49/
"[""optimized_artifact"",""standard_references"",3,""evidence""]",evidence,string,"Authoritative geography source; synthetic/local Northland, Centralia and South Coast not confirmed as UN M49 areas."
"[""optimized_artifact"",""standard_references"",3,""verification_status""]",verification_status,string,CONFIRMED
"[""optimized_artifact"",""standard_references"",4]",4,object,
"[""optimized_artifact"",""standard_references"",4,""agency""]",agency,string,UNSD
"[""optimized_artifact"",""standard_references"",4,""artifact_type""]",artifact_type,string,Economic/activity/product classifications
"[""optimized_artifact"",""standard_references"",4,""artifact_id""]",artifact_id,string,UNSD_CLASSIFICATIONS
"[""optimized_artifact"",""standard_references"",4,""version""]",version,string,not confirmed
"[""optimized_artifact"",""standard_references"",4,""url""]",url,string,https://unstats.un.org/unsd/classifications/unsdclassifications
"[""optimized_artifact"",""standard_references"",4,""evidence""]",evidence,string,"Candidate source for ISIC, CPC, COICOP, crop and product review; no supplied evidence confirms equivalence/version for local labels."
"[""optimized_artifact"",""standard_references"",4,""verification_status""]",verification_status,string,CANDIDATE
"[""optimized_artifact"",""standard_references"",5]",5,object,
"[""optimized_artifact"",""standard_references"",5,""agency""]",agency,string,UNESCO Institute for Statistics / UNESCO
"[""optimized_artifact"",""standard_references"",5,""artifact_type""]",artifact_type,string,Education classification candidate
"[""optimized_artifact"",""standard_references"",5,""artifact_id""]",artifact_id,string,ISCED
"[""optimized_artifact"",""standard_references"",5,""version""]",version,string,not confirmed
"[""optimized_artifact"",""standard_references"",5,""url""]",url,string,https://www.uis.unesco.org/en/methods-and-tools/isced
"[""optimized_artifact"",""standard_references"",5,""evidence""]",evidence,string,Candidate source for education-level review; no confirmed code table/version in supplied evidence.
"[""optimized_artifact"",""standard_references"",5,""verification_status""]",verification_status,string,CANDIDATE
"[""optimized_artifact"",""standard_references"",6]",6,object,
"[""optimized_artifact"",""standard_references"",6,""agency""]",agency,string,ISO
"[""optimized_artifact"",""standard_references"",6,""artifact_type""]",artifact_type,string,Currency code standard candidate
"[""optimized_artifact"",""standard_references"",6,""artifact_id""]",artifact_id,string,ISO_4217
"[""optimized_artifact"",""standard_references"",6,""version""]",version,string,not confirmed
"[""optimized_artifact"",""standard_references"",6,""url""]",url,string,https://www.iso.org/standard/64758.html
"[""optimized_artifact"",""standard_references"",6,""evidence""]",evidence,string,Candidate for currency codes; agriculture and prices reports use unnamed local currency so no ISO code can be assigned.
"[""optimized_artifact"",""standard_references"",6,""verification_status""]",verification_status,string,UNVERIFIED
"[""optimized_artifact"",""standard_references"",7]",7,object,
"[""optimized_artifact"",""standard_references"",7,""agency""]",agency,string,SDMX
"[""optimized_artifact"",""standard_references"",7,""artifact_type""]",artifact_type,string,Reference metadata guidance
"[""optimized_artifact"",""standard_references"",7,""artifact_id""]",artifact_id,string,STANDARDISING_REFERENCE_METADATA_REPORTING_IN_SDMX
"[""optimized_artifact"",""standard_references"",7,""version""]",version,string,1.0
"[""optimized_artifact"",""standard_references"",7,""url""]",url,string,https://sdmx.org/wp-content/uploads/Standardising-Reference-Metadata-Reporting-in-SDMX-v1-0.pdf
"[""optimized_artifact"",""standard_references"",7,""evidence""]",evidence,string,"Candidate source for report metadata concepts: compiling organisation, methodology, source data, caveats, revisions and confidentiality."
"[""optimized_artifact"",""standard_references"",7,""verification_status""]",verification_status,string,CANDIDATE
"[""optimized_artifact"",""limitations""]",limitations,array,
"[""optimized_artifact"",""limitations"",0]",0,string,"This reusable aggregate covers 01_sdmx_20_population_full_case.xml, 02_sdmx_20_consumer_prices_full_case.xml, 03_sdmx_21_labour_market_full_case.xml, 04_sdmx_21_external_trade_full_case.xml, example_01_labour_market.pdf, example_02_health_system.pdf, example_03_education.pdf, example_04_agriculture.pdf and example_05_prices_consumption.pdf."
"[""optimized_artifact"",""limitations"",1]",1,string,"STRUCTURE_ID is a template-only routing/control field, not an SDMX observation component. It replaces legacy aliases DATA_STRUCTURE_ROUTING, SDMX_KEY_FAMILY and DATAFLOW_OR_KEY_FAMILY."
"[""optimized_artifact"",""limitations"",2]",2,string,"Mechanically imported XML structures are preserved separately as KF_POPULATION, KF_XML_CPI, KF_XML_LABOUR_MARKET and KF_XML_EXTERNAL_TRADE. Their codelist versions and source URLs were not stated in XML and must be verified before production dissemination."
"[""optimized_artifact"",""limitations"",3]",3,string,Do not merge XML CPI PRODUCT_GROUP with PDF prices CONSUMPTION_DIVISION; do not merge XML labour SEX with PDF labour/education sex lists; keep external-trade PARTNER distinct from REF_AREA/reporter.
"[""optimized_artifact"",""limitations"",4]",4,string,No local codelists or codes are created here. Local codes cited must be governed in corresponding codelist artefacts.
"[""optimized_artifact"",""limitations"",5]",5,string,Health and education annual FREQ remains unresolved against SDMX CL_FREQ. Agriculture and prices A/M mappings are candidates requiring version/code confirmation. Labour PDF quarterly/monthly uses a local staging list.
"[""optimized_artifact"",""limitations"",6]",6,string,"Northland, Centralia and South Coast remain report-specific local areas in labour, health and agriculture until common geographic governance is confirmed."
"[""optimized_artifact"",""limitations"",7]",7,string,"Labour Total sex and education Total sex are report-specific; labour Total must not be derived by summing Women and Men, and education Total is allowed only for enrollment rows with unresolved inclusion rules."
"[""optimized_artifact"",""limitations"",8]",8,string,"Labour activities, health causes, education levels, agriculture crops/fertilizer products and prices consumption divisions require authoritative classification-version review before external mapping."
"[""optimized_artifact"",""limitations"",9]",9,string,Agriculture and prices local-currency units cannot be mapped to ISO 4217 because the source reports do not name the currency.
"[""optimized_artifact"",""limitations"",10]",10,string,"No REF_AREA is stated for PDF labour vacancies, PDF education observations or PDF prices/consumption observations; geography must not be invented."
"[""optimized_artifact"",""limitations"",11]",11,string,"Reference metadata fields are report/dataset metadata-set handoff fields, not observation-level SDMX dimensions."
"[""optimized_artifact"",""fields""]",fields,array,
"[""optimized_artifact"",""fields"",0]",0,object,
"[""optimized_artifact"",""fields"",0,""field_id""]",field_id,string,STRUCTURE_ID
"[""optimized_artifact"",""fields"",0,""name""]",name,string,Template structure routing
"[""optimized_artifact"",""fields"",0,""definition""]",definition,string,Template-only control field selecting the applicable Key Family/DSD for extraction rows.
"[""optimized_artifact"",""fields"",0,""role""]",role,string,ATTRIBUTE
"[""optimized_artifact"",""fields"",0,""representation""]",representation,string,"Non-coded control identifier; exclude from SDMX data; allowed includes KF_POPULATION, KF_XML_CPI, KF_XML_LABOUR_MARKET, KF_XML_EXTERNAL_TRADE, KF_SYNTHETIC_LABOUR_UNEMP_RATE_Q, KF_SYNTHETIC_LABOUR_VACANCIES_M, KF_HEALTH_REGISTERED_DEATHS, KF_HEALTH_AVAILABLE_HOSPITAL_BEDS, KF_EDU_ENROLLMENT, KF_EDU_LOWER_SECONDARY_COMPLETION, KF_AGR_CROP_AREA_PRODUCTION, KF_AGR_FERTILIZER_RETAIL_PRICE, KF_SYNTH_CPI_DIVISION_MONTHLY, KF_SYNTH_HH_SPENDING_RESIDENCE_QUINTILE_ANNUAL."
"[""optimized_artifact"",""fields"",0,""codelist_id""]",codelist_id,null,
"[""optimized_artifact"",""fields"",0,""required""]",required,boolean,true
"[""optimized_artifact"",""fields"",0,""example""]",example,string,KF_XML_EXTERNAL_TRADE
"[""optimized_artifact"",""fields"",0,""source_standard""]",source_standard,string,Local accepted Key Family/dataflow artefacts
"[""optimized_artifact"",""fields"",0,""source_url""]",source_url,string,SDMX 2.0 package artefacts
"[""optimized_artifact"",""fields"",1]",1,object,
"[""optimized_artifact"",""fields"",1,""field_id""]",field_id,string,REPORT_METADATA.COMPILING_ORG
"[""optimized_artifact"",""fields"",1,""name""]",name,string,Compiling organisation
"[""optimized_artifact"",""fields"",1,""definition""]",definition,string,Report-level publisher or compiling organisation metadata.
"[""optimized_artifact"",""fields"",1,""role""]",role,string,ATTRIBUTE
"[""optimized_artifact"",""fields"",1,""representation""]",representation,string,Text metadata; attachment report/dataset.
"[""optimized_artifact"",""fields"",1,""codelist_id""]",codelist_id,null,
"[""optimized_artifact"",""fields"",1,""required""]",required,boolean,false
"[""optimized_artifact"",""fields"",1,""example""]",example,string,Synthetic Agricultural Statistics Bureau
"[""optimized_artifact"",""fields"",1,""source_standard""]",source_standard,string,SDMX reference metadata candidate COMPILING_ORG/PUBLISHER
"[""optimized_artifact"",""fields"",1,""source_url""]",source_url,string,https://sdmx.org/wp-content/uploads/Standardising-Reference-Metadata-Reporting-in-SDMX-v1-0.pdf
"[""optimized_artifact"",""fields"",2]",2,object,
"[""optimized_artifact"",""fields"",2,""field_id""]",field_id,string,REPORT_METADATA.PUBLICATION_DATE
"[""optimized_artifact"",""fields"",2,""name""]",name,string,Publication date
"[""optimized_artifact"",""fields"",2,""definition""]",definition,string,Report-level publication date metadata.
"[""optimized_artifact"",""fields"",2,""role""]",role,string,ATTRIBUTE
"[""optimized_artifact"",""fields"",2,""representation""]",representation,string,Date/text metadata; preserve source wording and optionally normalise downstream.
"[""optimized_artifact"",""fields"",2,""codelist_id""]",codelist_id,null,
"[""optimized_artifact"",""fields"",2,""required""]",required,boolean,false
"[""optimized_artifact"",""fields"",2,""example""]",example,string,2026-05-28
"[""optimized_artifact"",""fields"",2,""source_standard""]",source_standard,string,Reference metadata handoff
"[""optimized_artifact"",""fields"",2,""source_url""]",source_url,string,https://sdmx.org/wp-content/uploads/Standardising-Reference-Metadata-Reporting-in-SDMX-v1-0.pdf
"[""optimized_artifact"",""fields"",3]",3,object,
"[""optimized_artifact"",""fields"",3,""field_id""]",field_id,string,REPORT_METADATA.METHODOLOGY
"[""optimized_artifact"",""fields"",3,""name""]",name,string,Methodology
"[""optimized_artifact"",""fields"",3,""definition""]",definition,string,Report-level methodology metadata.
"[""optimized_artifact"",""fields"",3,""role""]",role,string,ATTRIBUTE
"[""optimized_artifact"",""fields"",3,""representation""]",representation,string,Text metadata.
"[""optimized_artifact"",""fields"",3,""codelist_id""]",codelist_id,null,
"[""optimized_artifact"",""fields"",3,""required""]",required,boolean,false
"[""optimized_artifact"",""fields"",3,""example""]",example,string,Crop area and production are annual farm-survey aggregates.
"[""optimized_artifact"",""fields"",3,""source_standard""]",source_standard,string,Reference metadata handoff
"[""optimized_artifact"",""fields"",3,""source_url""]",source_url,string,https://sdmx.org/wp-content/uploads/Standardising-Reference-Metadata-Reporting-in-SDMX-v1-0.pdf
"[""optimized_artifact"",""fields"",4]",4,object,
"[""optimized_artifact"",""fields"",4,""field_id""]",field_id,string,REPORT_METADATA.SOURCE_DATA
"[""optimized_artifact"",""fields"",4,""name""]",name,string,Source data / source description
"[""optimized_artifact"",""fields"",4,""definition""]",definition,string,Report-level source data or source-description metadata.
"[""optimized_artifact"",""fields"",4,""role""]",role,string,ATTRIBUTE
"[""optimized_artifact"",""fields"",4,""representation""]",representation,string,"Text metadata; aliases SOURCE, SOURCE_DATA and SOURCE_DESCRIPTION map here."
"[""optimized_artifact"",""fields"",4,""codelist_id""]",codelist_id,null,
"[""optimized_artifact"",""fields"",4,""required""]",required,boolean,false
"[""optimized_artifact"",""fields"",4,""example""]",example,string,Synthetic Annual Farm Survey and Synthetic Agricultural Price Panel.
"[""optimized_artifact"",""fields"",4,""source_standard""]",source_standard,string,Reference metadata handoff
"[""optimized_artifact"",""fields"",4,""source_url""]",source_url,string,https://sdmx.org/wp-content/uploads/Standardising-Reference-Metadata-Reporting-in-SDMX-v1-0.pdf
"[""optimized_artifact"",""fields"",5]",5,object,
"[""optimized_artifact"",""fields"",5,""field_id""]",field_id,string,REPORT_METADATA.STAT_CONCEPT_DEF
"[""optimized_artifact"",""fields"",5,""name""]",name,string,Statistical concept definitions
"[""optimized_artifact"",""fields"",5,""definition""]",definition,string,Report-level definitions of statistical concepts.
"[""optimized_artifact"",""fields"",5,""role""]",role,string,ATTRIBUTE
"[""optimized_artifact"",""fields"",5,""representation""]",representation,string,Text metadata.
"[""optimized_artifact"",""fields"",5,""codelist_id""]",codelist_id,null,
"[""optimized_artifact"",""fields"",5,""required""]",required,boolean,false
"[""optimized_artifact"",""fields"",5,""example""]",example,string,CPI measures price change relative to 2023=100.
"[""optimized_artifact"",""fields"",5,""source_standard""]",source_standard,string,Reference metadata handoff
"[""optimized_artifact"",""fields"",5,""source_url""]",source_url,string,https://sdmx.org/wp-content/uploads/Standardising-Reference-Metadata-Reporting-in-SDMX-v1-0.pdf
"[""optimized_artifact"",""fields"",6]",6,object,
"[""optimized_artifact"",""fields"",6,""field_id""]",field_id,string,REPORT_METADATA.LIMITATIONS
"[""optimized_artifact"",""fields"",6,""name""]",name,string,Caveats and limitations
"[""optimized_artifact"",""fields"",6,""definition""]",definition,string,Report-level caveats or limitations affecting interpretation and mapping.
"[""optimized_artifact"",""fields"",6,""role""]",role,string,ATTRIBUTE
"[""optimized_artifact"",""fields"",6,""representation""]",representation,string,Text metadata; aliases LIMITATIONS and CAVEATS_LIMITATIONS map here.
"[""optimized_artifact"",""fields"",6,""codelist_id""]",codelist_id,null,
"[""optimized_artifact"",""fields"",6,""required""]",required,boolean,false
"[""optimized_artifact"",""fields"",6,""example""]",example,string,Consumption divisions resemble COICOP but the revision is not confirmed.
"[""optimized_artifact"",""fields"",6,""source_standard""]",source_standard,string,Reference metadata handoff
"[""optimized_artifact"",""fields"",6,""source_url""]",source_url,string,https://sdmx.org/wp-content/uploads/Standardising-Reference-Metadata-Reporting-in-SDMX-v1-0.pdf
"[""optimized_artifact"",""fields"",7]",7,object,
"[""optimized_artifact"",""fields"",7,""field_id""]",field_id,string,REPORT_METADATA.DATA_REV
"[""optimized_artifact"",""fields"",7,""name""]",name,string,Revision policy
"[""optimized_artifact"",""fields"",7,""definition""]",definition,string,Report-level revision policy or practice metadata.
"[""optimized_artifact"",""fields"",7,""role""]",role,string,ATTRIBUTE
"[""optimized_artifact"",""fields"",7,""representation""]",representation,string,Text metadata; aliases DATA_REV and REVISION_POLICY map here.
"[""optimized_artifact"",""fields"",7,""codelist_id""]",codelist_id,null,
"[""optimized_artifact"",""fields"",7,""required""]",required,boolean,false
"[""optimized_artifact"",""fields"",7,""example""]",example,string,The latest CPI month is provisional.
"[""optimized_artifact"",""fields"",7,""source_standard""]",source_standard,string,SDMX reference metadata candidate DATA_REV
"[""optimized_artifact"",""fields"",7,""source_url""]",source_url,string,https://sdmx.org/wp-content/uploads/Standardising-Reference-Metadata-Reporting-in-SDMX-v1-0.pdf
"[""optimized_artifact"",""fields"",8]",8,object,
"[""optimized_artifact"",""fields"",8,""field_id""]",field_id,string,REPORT_METADATA.CONF
"[""optimized_artifact"",""fields"",8,""name""]",name,string,Confidentiality
"[""optimized_artifact"",""fields"",8,""definition""]",definition,string,Report-level confidentiality metadata.
"[""optimized_artifact"",""fields"",8,""role""]",role,string,ATTRIBUTE
"[""optimized_artifact"",""fields"",8,""representation""]",representation,string,Text metadata unless a governed confidentiality codelist is selected; aliases CONF and CONFIDENTIALITY map here.
"[""optimized_artifact"",""fields"",8,""codelist_id""]",codelist_id,null,
"[""optimized_artifact"",""fields"",8,""required""]",required,boolean,false
"[""optimized_artifact"",""fields"",8,""example""]",example,string,All records and values are synthetic. No person-level or confidential data are included.
"[""optimized_artifact"",""fields"",8,""source_standard""]",source_standard,string,SDMX reference metadata candidate CONF
"[""optimized_artifact"",""fields"",8,""source_url""]",source_url,string,https://sdmx.org/wp-content/uploads/Standardising-Reference-Metadata-Reporting-in-SDMX-v1-0.pdf
"[""optimized_artifact"",""fields"",9]",9,object,
"[""optimized_artifact"",""fields"",9,""field_id""]",field_id,string,REPORT_METADATA.SOURCE_URL
"[""optimized_artifact"",""fields"",9,""name""]",name,string,Source URL
"[""optimized_artifact"",""fields"",9,""definition""]",definition,string,Report-level URL or source link metadata where supplied.
"[""optimized_artifact"",""fields"",9,""role""]",role,string,ATTRIBUTE
"[""optimized_artifact"",""fields"",9,""representation""]",representation,string,URI/text metadata.
"[""optimized_artifact"",""fields"",9,""codelist_id""]",codelist_id,null,
"[""optimized_artifact"",""fields"",9,""required""]",required,boolean,false
"[""optimized_artifact"",""fields"",9,""example""]",example,string,not stated in XML
"[""optimized_artifact"",""fields"",9,""source_standard""]",source_standard,string,Reference metadata handoff
"[""optimized_artifact"",""fields"",9,""source_url""]",source_url,string,https://sdmx.org/wp-content/uploads/Standardising-Reference-Metadata-Reporting-in-SDMX-v1-0.pdf
"[""optimized_artifact"",""fields"",10]",10,object,
"[""optimized_artifact"",""fields"",10,""field_id""]",field_id,string,KF_POPULATION.FREQ
"[""optimized_artifact"",""fields"",10,""name""]",name,string,Frequency
"[""optimized_artifact"",""fields"",10,""definition""]",definition,string,Frequency for XML population observations.
"[""optimized_artifact"",""fields"",10,""role""]",role,string,DIMENSION
"[""optimized_artifact"",""fields"",10,""representation""]",representation,string,Coded by CL_POP_FREQ; XML version not stated.
"[""optimized_artifact"",""fields"",10,""codelist_id""]",codelist_id,string,CL_POP_FREQ
"[""optimized_artifact"",""fields"",10,""required""]",required,boolean,true
"[""optimized_artifact"",""fields"",10,""example""]",example,string,A
"[""optimized_artifact"",""fields"",10,""source_standard""]",source_standard,string,SDMX XML 2.0 source artefact
"[""optimized_artifact"",""fields"",10,""source_url""]",source_url,string,01_sdmx_20_population_full_case.xml
"[""optimized_artifact"",""fields"",11]",11,object,
"[""optimized_artifact"",""fields"",11,""field_id""]",field_id,string,KF_POPULATION.REF_AREA
"[""optimized_artifact"",""fields"",11,""name""]",name,string,Reference area
"[""optimized_artifact"",""fields"",11,""definition""]",definition,string,Country/reference area for XML population observations.
"[""optimized_artifact"",""fields"",11,""role""]",role,string,DIMENSION
"[""optimized_artifact"",""fields"",11,""representation""]",representation,string,Coded by CL_POP_REF_AREA; XML version not stated.
"[""optimized_artifact"",""fields"",11,""codelist_id""]",codelist_id,string,CL_POP_REF_AREA
"[""optimized_artifact"",""fields"",11,""required""]",required,boolean,true
"[""optimized_artifact"",""fields"",11,""example""]",example,string,KR
"[""optimized_artifact"",""fields"",11,""source_standard""]",source_standard,string,SDMX XML 2.0 source artefact
"[""optimized_artifact"",""fields"",11,""source_url""]",source_url,string,01_sdmx_20_population_full_case.xml
"[""optimized_artifact"",""fields"",12]",12,object,
"[""optimized_artifact"",""fields"",12,""field_id""]",field_id,string,KF_POPULATION.INDICATOR
"[""optimized_artifact"",""fields"",12,""name""]",name,string,Population indicator
"[""optimized_artifact"",""fields"",12,""definition""]",definition,string,Population measure/indicator from XML.
"[""optimized_artifact"",""fields"",12,""role""]",role,string,DIMENSION
"[""optimized_artifact"",""fields"",12,""representation""]",representation,string,Coded by CL_POP_INDICATOR; XML version not stated.
"[""optimized_artifact"",""fields"",12,""codelist_id""]",codelist_id,string,CL_POP_INDICATOR
"[""optimized_artifact"",""fields"",12,""required""]",required,boolean,true
"[""optimized_artifact"",""fields"",12,""example""]",example,string,POP_TOTAL
"[""optimized_artifact"",""fields"",12,""source_standard""]",source_standard,string,SDMX XML 2.0 source artefact
"[""optimized_artifact"",""fields"",12,""source_url""]",source_url,string,01_sdmx_20_population_full_case.xml
"[""optimized_artifact"",""fields"",13]",13,object,
"[""optimized_artifact"",""fields"",13,""field_id""]",field_id,string,KF_POPULATION.AGE_GROUP
"[""optimized_artifact"",""fields"",13,""name""]",name,string,Age group
"[""optimized_artifact"",""fields"",13,""definition""]",definition,string,Age group for XML population observations.
"[""optimized_artifact"",""fields"",13,""role""]",role,string,DIMENSION
"[""optimized_artifact"",""fields"",13,""representation""]",representation,string,Coded by CL_POP_AGE_GROUP; XML version not stated.
"[""optimized_artifact"",""fields"",13,""codelist_id""]",codelist_id,string,CL_POP_AGE_GROUP
"[""optimized_artifact"",""fields"",13,""required""]",required,boolean,true
"[""optimized_artifact"",""fields"",13,""example""]",example,string,ALL
"[""optimized_artifact"",""fields"",13,""source_standard""]",source_standard,string,SDMX XML 2.0 source artefact
"[""optimized_artifact"",""fields"",13,""source_url""]",source_url,string,01_sdmx_20_population_full_case.xml
"[""optimized_artifact"",""fields"",14]",14,object,
"[""optimized_artifact"",""fields"",14,""field_id""]",field_id,string,KF_POPULATION.TIME_PERIOD
"[""optimized_artifact"",""fields"",14,""name""]",name,string,Time period
"[""optimized_artifact"",""fields"",14,""definition""]",definition,string,Population observation year.
"[""optimized_artifact"",""fields"",14,""role""]",role,string,TIME
"[""optimized_artifact"",""fields"",14,""representation""]",representation,string,Time period string.
"[""optimized_artifact"",""fields"",14,""codelist_id""]",codelist_id,null,
"[""optimized_artifact"",""fields"",14,""required""]",required,boolean,true
"[""optimized_artifact"",""fields"",14,""example""]",example,string,2023
"[""optimized_artifact"",""fields"",14,""source_standard""]",source_standard,string,SDMX XML 2.0 source artefact
"[""optimized_artifact"",""fields"",14,""source_url""]",source_url,string,01_sdmx_20_population_full_case.xml
"[""optimized_artifact"",""fields"",15]",15,object,
"[""optimized_artifact"",""fields"",15,""field_id""]",field_id,string,KF_POPULATION.OBS_VALUE
"[""optimized_artifact"",""fields"",15,""name""]",name,string,Observation value
"[""optimized_artifact"",""fields"",15,""definition""]",definition,string,Numeric population observation value.
"[""optimized_artifact"",""fields"",15,""role""]",role,string,MEASURE
"[""optimized_artifact"",""fields"",15,""representation""]",representation,string,Number.
"[""optimized_artifact"",""fields"",15,""codelist_id""]",codelist_id,null,
"[""optimized_artifact"",""fields"",15,""required""]",required,boolean,true
"[""optimized_artifact"",""fields"",15,""example""]",example,string,51712619
"[""optimized_artifact"",""fields"",15,""source_standard""]",source_standard,string,SDMX XML 2.0 source artefact
"[""optimized_artifact"",""fields"",15,""source_url""]",source_url,string,01_sdmx_20_population_full_case.xml
"[""optimized_artifact"",""fields"",16]",16,object,
"[""optimized_artifact"",""fields"",16,""field_id""]",field_id,string,KF_POPULATION.UNIT_MEASURE
"[""optimized_artifact"",""fields"",16,""name""]",name,string,Unit of measure
"[""optimized_artifact"",""fields"",16,""definition""]",definition,string,Population unit of measure.
"[""optimized_artifact"",""fields"",16,""role""]",role,string,ATTRIBUTE
"[""optimized_artifact"",""fields"",16,""representation""]",representation,string,Coded by CL_POP_UNIT; XML version not stated.
"[""optimized_artifact"",""fields"",16,""codelist_id""]",codelist_id,string,CL_POP_UNIT
"[""optimized_artifact"",""fields"",16,""required""]",required,boolean,true
"[""optimized_artifact"",""fields"",16,""example""]",example,string,PS
"[""optimized_artifact"",""fields"",16,""source_standard""]",source_standard,string,SDMX XML 2.0 source artefact
"[""optimized_artifact"",""fields"",16,""source_url""]",source_url,string,01_sdmx_20_population_full_case.xml
"[""optimized_artifact"",""fields"",17]",17,object,
"[""optimized_artifact"",""fields"",17,""field_id""]",field_id,string,KF_POPULATION.OBS_STATUS
"[""optimized_artifact"",""fields"",17,""name""]",name,string,Observation status
"[""optimized_artifact"",""fields"",17,""definition""]",definition,string,Population observation status.
"[""optimized_artifact"",""fields"",17,""role""]",role,string,ATTRIBUTE
"[""optimized_artifact"",""fields"",17,""representation""]",representation,string,Coded by CL_POP_OBS_STATUS; XML version not stated.
"[""optimized_artifact"",""fields"",17,""codelist_id""]",codelist_id,string,CL_POP_OBS_STATUS
"[""optimized_artifact"",""fields"",17,""required""]",required,boolean,false
"[""optimized_artifact"",""fields"",17,""example""]",example,string,A
"[""optimized_artifact"",""fields"",17,""source_standard""]",source_standard,string,SDMX XML 2.0 source artefact
"[""optimized_artifact"",""fields"",17,""source_url""]",source_url,string,01_sdmx_20_population_full_case.xml
"[""optimized_artifact"",""fields"",18]",18,object,
"[""optimized_artifact"",""fields"",18,""field_id""]",field_id,string,KF_XML_CPI.FREQ
"[""optimized_artifact"",""fields"",18,""name""]",name,string,Frequency
"[""optimized_artifact"",""fields"",18,""definition""]",definition,string,Frequency for mechanically imported XML consumer-prices observations.
"[""optimized_artifact"",""fields"",18,""role""]",role,string,DIMENSION
"[""optimized_artifact"",""fields"",18,""representation""]",representation,string,Coded by CL_CPI_FREQ; XML version not stated.
"[""optimized_artifact"",""fields"",18,""codelist_id""]",codelist_id,string,CL_CPI_FREQ
"[""optimized_artifact"",""fields"",18,""required""]",required,boolean,true
"[""optimized_artifact"",""fields"",18,""example""]",example,string,M
"[""optimized_artifact"",""fields"",18,""source_standard""]",source_standard,string,SDMX XML 2.0 source artefact
"[""optimized_artifact"",""fields"",18,""source_url""]",source_url,string,02_sdmx_20_consumer_prices_full_case.xml
"[""optimized_artifact"",""fields"",19]",19,object,
"[""optimized_artifact"",""fields"",19,""field_id""]",field_id,string,KF_XML_CPI.REF_AREA
"[""optimized_artifact"",""fields"",19,""name""]",name,string,Reference area
"[""optimized_artifact"",""fields"",19,""definition""]",definition,string,Area for XML consumer-prices observations.
"[""optimized_artifact"",""fields"",19,""role""]",role,string,DIMENSION
"[""optimized_artifact"",""fields"",19,""representation""]",representation,string,Coded by CL_CPI_REF_AREA; XML version not stated.
"[""optimized_artifact"",""fields"",19,""codelist_id""]",codelist_id,string,CL_CPI_REF_AREA
"[""optimized_artifact"",""fields"",19,""required""]",required,boolean,true
"[""optimized_artifact"",""fields"",19,""example""]",example,string,KR
"[""optimized_artifact"",""fields"",19,""source_standard""]",source_standard,string,SDMX XML 2.0 source artefact
"[""optimized_artifact"",""fields"",19,""source_url""]",source_url,string,02_sdmx_20_consumer_prices_full_case.xml
"[""optimized_artifact"",""fields"",20]",20,object,
"[""optimized_artifact"",""fields"",20,""field_id""]",field_id,string,KF_XML_CPI.INDICATOR
"[""optimized_artifact"",""fields"",20,""name""]",name,string,Price indicator
"[""optimized_artifact"",""fields"",20,""definition""]",definition,string,Consumer-price indicator from XML.
"[""optimized_artifact"",""fields"",20,""role""]",role,string,DIMENSION
"[""optimized_artifact"",""fields"",20,""representation""]",representation,string,Coded by CL_CPI_INDICATOR; XML version not stated.
"[""optimized_artifact"",""fields"",20,""codelist_id""]",codelist_id,string,CL_CPI_INDICATOR
"[""optimized_artifact"",""fields"",20,""required""]",required,boolean,true
"[""optimized_artifact"",""fields"",20,""example""]",example,string,CPI_INDEX
"[""optimized_artifact"",""fields"",20,""source_standard""]",source_standard,string,SDMX XML 2.0 source artefact
"[""optimized_artifact"",""fields"",20,""source_url""]",source_url,string,02_sdmx_20_consumer_prices_full_case.xml
"[""optimized_artifact"",""fields"",21]",21,object,
"[""optimized_artifact"",""fields"",21,""field_id""]",field_id,string,KF_XML_CPI.PRODUCT_GROUP
"[""optimized_artifact"",""fields"",21,""name""]",name,string,Product group
"[""optimized_artifact"",""fields"",21,""definition""]",definition,string,Product group for XML CPI observations; not merged with PDF consumption division.
"[""optimized_artifact"",""fields"",21,""role""]",role,string,DIMENSION
"[""optimized_artifact"",""fields"",21,""representation""]",representation,string,Coded by CL_CPI_PRODUCT_GROUP; XML version not stated.
"[""optimized_artifact"",""fields"",21,""codelist_id""]",codelist_id,string,CL_CPI_PRODUCT_GROUP
"[""optimized_artifact"",""fields"",21,""required""]",required,boolean,true
"[""optimized_artifact"",""fields"",21,""example""]",example,string,ALL
"[""optimized_artifact"",""fields"",21,""source_standard""]",source_standard,string,SDMX XML 2.0 source artefact
"[""optimized_artifact"",""fields"",21,""source_url""]",source_url,string,02_sdmx_20_consumer_prices_full_case.xml
"[""optimized_artifact"",""fields"",22]",22,object,
"[""optimized_artifact"",""fields"",22,""field_id""]",field_id,string,KF_XML_CPI.TIME_PERIOD
"[""optimized_artifact"",""fields"",22,""name""]",name,string,Time period
"[""optimized_artifact"",""fields"",22,""definition""]",definition,string,Monthly XML CPI observation period.
"[""optimized_artifact"",""fields"",22,""role""]",role,string,TIME
"[""optimized_artifact"",""fields"",22,""representation""]",representation,string,Time period string YYYY-MM.
"[""optimized_artifact"",""fields"",22,""codelist_id""]",codelist_id,null,
"[""optimized_artifact"",""fields"",22,""required""]",required,boolean,true
"[""optimized_artifact"",""fields"",22,""example""]",example,string,2026-01
"[""optimized_artifact"",""fields"",22,""source_standard""]",source_standard,string,SDMX XML 2.0 source artefact
"[""optimized_artifact"",""fields"",22,""source_url""]",source_url,string,02_sdmx_20_consumer_prices_full_case.xml
"[""optimized_artifact"",""fields"",23]",23,object,
"[""optimized_artifact"",""fields"",23,""field_id""]",field_id,string,KF_XML_CPI.OBS_VALUE
"[""optimized_artifact"",""fields"",23,""name""]",name,string,Observation value
"[""optimized_artifact"",""fields"",23,""definition""]",definition,string,Numeric XML CPI observation value.
"[""optimized_artifact"",""fields"",23,""role""]",role,string,MEASURE
"[""optimized_artifact"",""fields"",23,""representation""]",representation,string,Number.
"[""optimized_artifact"",""fields"",23,""codelist_id""]",codelist_id,null,
"[""optimized_artifact"",""fields"",23,""required""]",required,boolean,true
"[""optimized_artifact"",""fields"",23,""example""]",example,string,116.42
"[""optimized_artifact"",""fields"",23,""source_standard""]",source_standard,string,SDMX XML 2.0 source artefact
"[""optimized_artifact"",""fields"",23,""source_url""]",source_url,string,02_sdmx_20_consumer_prices_full_case.xml
"[""optimized_artifact"",""fields"",24]",24,object,
"[""optimized_artifact"",""fields"",24,""field_id""]",field_id,string,KF_XML_CPI.UNIT_MEASURE
"[""optimized_artifact"",""fields"",24,""name""]",name,string,Unit of measure
"[""optimized_artifact"",""fields"",24,""definition""]",definition,string,Unit for XML CPI observations.
"[""optimized_artifact"",""fields"",24,""role""]",role,string,ATTRIBUTE
"[""optimized_artifact"",""fields"",24,""representation""]",representation,string,Coded by CL_CPI_UNIT; XML version not stated.
"[""optimized_artifact"",""fields"",24,""codelist_id""]",codelist_id,string,CL_CPI_UNIT
"[""optimized_artifact"",""fields"",24,""required""]",required,boolean,true
"[""optimized_artifact"",""fields"",24,""example""]",example,string,IDX
"[""optimized_artifact"",""fields"",24,""source_standard""]",source_standard,string,SDMX XML 2.0 source artefact
"[""optimized_artifact"",""fields"",24,""source_url""]",source_url,string,02_sdmx_20_consumer_prices_full_case.xml
"[""optimized_artifact"",""fields"",25]",25,object,
"[""optimized_artifact"",""fields"",25,""field_id""]",field_id,string,KF_XML_CPI.OBS_STATUS
"[""optimized_artifact"",""fields"",25,""name""]",name,string,Observation status
"[""optimized_artifact"",""fields"",25,""definition""]",definition,string,Status for XML CPI observations.
"[""optimized_artifact"",""fields"",25,""role""]",role,string,ATTRIBUTE
"[""optimized_artifact"",""fields"",25,""representation""]",representation,string,Coded by CL_CPI_OBS_STATUS; XML version not stated.
"[""optimized_artifact"",""fields"",25,""codelist_id""]",codelist_id,string,CL_CPI_OBS_STATUS
"[""optimized_artifact"",""fields"",25,""required""]",required,boolean,false
"[""optimized_artifact"",""fields"",25,""example""]",example,string,A
"[""optimized_artifact"",""fields"",25,""source_standard""]",source_standard,string,SDMX XML 2.0 source artefact
"[""optimized_artifact"",""fields"",25,""source_url""]",source_url,string,02_sdmx_20_consumer_prices_full_case.xml
"[""optimized_artifact"",""fields"",26]",26,object,
"[""optimized_artifact"",""fields"",26,""field_id""]",field_id,string,KF_XML_LABOUR_MARKET.FREQ
"[""optimized_artifact"",""fields"",26,""name""]",name,string,Frequency
"[""optimized_artifact"",""fields"",26,""definition""]",definition,string,Frequency for mechanically imported XML labour-market observations.
"[""optimized_artifact"",""fields"",26,""role""]",role,string,DIMENSION
"[""optimized_artifact"",""fields"",26,""representation""]",representation,string,Coded by CL_LAB_FREQ; XML version not stated.
"[""optimized_artifact"",""fields"",26,""codelist_id""]",codelist_id,string,CL_LAB_FREQ
"[""optimized_artifact"",""fields"",26,""required""]",required,boolean,true
"[""optimized_artifact"",""fields"",26,""example""]",example,string,M
"[""optimized_artifact"",""fields"",26,""source_standard""]",source_standard,string,SDMX XML 2.1 source artefact
"[""optimized_artifact"",""fields"",26,""source_url""]",source_url,string,03_sdmx_21_labour_market_full_case.xml
"[""optimized_artifact"",""fields"",27]",27,object,
"[""optimized_artifact"",""fields"",27,""field_id""]",field_id,string,KF_XML_LABOUR_MARKET.REF_AREA
"[""optimized_artifact"",""fields"",27,""name""]",name,string,Reference area
"[""optimized_artifact"",""fields"",27,""definition""]",definition,string,Country for XML labour-market observations.
"[""optimized_artifact"",""fields"",27,""role""]",role,string,DIMENSION
"[""optimized_artifact"",""fields"",27,""representation""]",representation,string,Coded by CL_LAB_REF_AREA; XML version not stated.
"[""optimized_artifact"",""fields"",27,""codelist_id""]",codelist_id,string,CL_LAB_REF_AREA
"[""optimized_artifact"",""fields"",27,""required""]",required,boolean,true
"[""optimized_artifact"",""fields"",27,""example""]",example,string,KR
"[""optimized_artifact"",""fields"",27,""source_standard""]",source_standard,string,SDMX XML 2.1 source artefact
"[""optimized_artifact"",""fields"",27,""source_url""]",source_url,string,03_sdmx_21_labour_market_full_case.xml
"[""optimized_artifact"",""fields"",28]",28,object,
"[""optimized_artifact"",""fields"",28,""field_id""]",field_id,string,KF_XML_LABOUR_MARKET.INDICATOR
"[""optimized_artifact"",""fields"",28,""name""]",name,string,Labour-market indicator
"[""optimized_artifact"",""fields"",28,""definition""]",definition,string,Labour-market indicator from XML.
"[""optimized_artifact"",""fields"",28,""role""]",role,string,DIMENSION
"[""optimized_artifact"",""fields"",28,""representation""]",representation,string,Coded by CL_LAB_INDICATOR; XML version not stated.
"[""optimized_artifact"",""fields"",28,""codelist_id""]",codelist_id,string,CL_LAB_INDICATOR
"[""optimized_artifact"",""fields"",28,""required""]",required,boolean,true
"[""optimized_artifact"",""fields"",28,""example""]",example,string,UNE_RATE
"[""optimized_artifact"",""fields"",28,""source_standard""]",source_standard,string,SDMX XML 2.1 source artefact
"[""optimized_artifact"",""fields"",28,""source_url""]",source_url,string,03_sdmx_21_labour_market_full_case.xml
"[""optimized_artifact"",""fields"",29]",29,object,
"[""optimized_artifact"",""fields"",29,""field_id""]",field_id,string,KF_XML_LABOUR_MARKET.SEX
"[""optimized_artifact"",""fields"",29,""name""]",name,string,Sex
"[""optimized_artifact"",""fields"",29,""definition""]",definition,string,Sex category for XML labour-market observations; not merged with PDF labour or education local sex lists.
"[""optimized_artifact"",""fields"",29,""role""]",role,string,DIMENSION
"[""optimized_artifact"",""fields"",29,""representation""]",representation,string,Coded by CL_LAB_SEX; XML version not stated.
"[""optimized_artifact"",""fields"",29,""codelist_id""]",codelist_id,string,CL_LAB_SEX
"[""optimized_artifact"",""fields"",29,""required""]",required,boolean,true
"[""optimized_artifact"",""fields"",29,""example""]",example,string,_T
"[""optimized_artifact"",""fields"",29,""source_standard""]",source_standard,string,SDMX XML 2.1 source artefact
"[""optimized_artifact"",""fields"",29,""source_url""]",source_url,string,03_sdmx_21_labour_market_full_case.xml
"[""optimized_artifact"",""fields"",30]",30,object,
"[""optimized_artifact"",""fields"",30,""field_id""]",field_id,string,KF_XML_LABOUR_MARKET.TIME_PERIOD
"[""optimized_artifact"",""fields"",30,""name""]",name,string,Time period
"[""optimized_artifact"",""fields"",30,""definition""]",definition,string,XML labour-market observation period.
"[""optimized_artifact"",""fields"",30,""role""]",role,string,TIME
"[""optimized_artifact"",""fields"",30,""representation""]",representation,string,Time period string.
"[""optimized_artifact"",""fields"",30,""codelist_id""]",codelist_id,null,
"[""optimized_artifact"",""fields"",30,""required""]",required,boolean,true
"[""optimized_artifact"",""fields"",30,""example""]",example,string,2026-01
"[""optimized_artifact"",""fields"",30,""source_standard""]",source_standard,string,SDMX XML 2.1 source artefact
"[""optimized_artifact"",""fields"",30,""source_url""]",source_url,string,03_sdmx_21_labour_market_full_case.xml
"[""optimized_artifact"",""fields"",31]",31,object,
"[""optimized_artifact"",""fields"",31,""field_id""]",field_id,string,KF_XML_LABOUR_MARKET.OBS_VALUE
"[""optimized_artifact"",""fields"",31,""name""]",name,string,Observation value
"[""optimized_artifact"",""fields"",31,""definition""]",definition,string,Numeric XML labour-market observation value.
"[""optimized_artifact"",""fields"",31,""role""]",role,string,MEASURE
"[""optimized_artifact"",""fields"",31,""representation""]",representation,string,Number.
"[""optimized_artifact"",""fields"",31,""codelist_id""]",codelist_id,null,
"[""optimized_artifact"",""fields"",31,""required""]",required,boolean,true
"[""optimized_artifact"",""fields"",31,""example""]",example,string,3.7
"[""optimized_artifact"",""fields"",31,""source_standard""]",source_standard,string,SDMX XML 2.1 source artefact
"[""optimized_artifact"",""fields"",31,""source_url""]",source_url,string,03_sdmx_21_labour_market_full_case.xml
"[""optimized_artifact"",""fields"",32]",32,object,
"[""optimized_artifact"",""fields"",32,""field_id""]",field_id,string,KF_XML_LABOUR_MARKET.UNIT_MEASURE
"[""optimized_artifact"",""fields"",32,""name""]",name,string,Unit of measure
"[""optimized_artifact"",""fields"",32,""definition""]",definition,string,Unit for XML labour-market observations.
"[""optimized_artifact"",""fields"",32,""role""]",role,string,ATTRIBUTE
"[""optimized_artifact"",""fields"",32,""representation""]",representation,string,Coded by CL_LAB_UNIT; XML version not stated.
"[""optimized_artifact"",""fields"",32,""codelist_id""]",codelist_id,string,CL_LAB_UNIT
"[""optimized_artifact"",""fields"",32,""required""]",required,boolean,true
"[""optimized_artifact"",""fields"",32,""example""]",example,string,PC
"[""optimized_artifact"",""fields"",32,""source_standard""]",source_standard,string,SDMX XML 2.1 source artefact
"[""optimized_artifact"",""fields"",32,""source_url""]",source_url,string,03_sdmx_21_labour_market_full_case.xml
"[""optimized_artifact"",""fields"",33]",33,object,
"[""optimized_artifact"",""fields"",33,""field_id""]",field_id,string,KF_XML_LABOUR_MARKET.OBS_STATUS
"[""optimized_artifact"",""fields"",33,""name""]",name,string,Observation status
"[""optimized_artifact"",""fields"",33,""definition""]",definition,string,Status for XML labour-market observations.
"[""optimized_artifact"",""fields"",33,""role""]",role,string,ATTRIBUTE
"[""optimized_artifact"",""fields"",33,""representation""]",representation,string,Coded by CL_LAB_OBS_STATUS; XML version not stated.
"[""optimized_artifact"",""fields"",33,""codelist_id""]",codelist_id,string,CL_LAB_OBS_STATUS
"[""optimized_artifact"",""fields"",33,""required""]",required,boolean,false
"[""optimized_artifact"",""fields"",33,""example""]",example,string,A
"[""optimized_artifact"",""fields"",33,""source_standard""]",source_standard,string,SDMX XML 2.1 source artefact
"[""optimized_artifact"",""fields"",33,""source_url""]",source_url,string,03_sdmx_21_labour_market_full_case.xml
"[""optimized_artifact"",""fields"",34]",34,object,
"[""optimized_artifact"",""fields"",34,""field_id""]",field_id,string,KF_XML_EXTERNAL_TRADE.FREQ
"[""optimized_artifact"",""fields"",34,""name""]",name,string,Frequency
"[""optimized_artifact"",""fields"",34,""definition""]",definition,string,Frequency for mechanically imported XML external-trade observations.
"[""optimized_artifact"",""fields"",34,""role""]",role,string,DIMENSION
"[""optimized_artifact"",""fields"",34,""representation""]",representation,string,Coded by CL_TRD_FREQ; XML version not stated.
"[""optimized_artifact"",""fields"",34,""codelist_id""]",codelist_id,string,CL_TRD_FREQ
"[""optimized_artifact"",""fields"",34,""required""]",required,boolean,true
"[""optimized_artifact"",""fields"",34,""example""]",example,string,M
"[""optimized_artifact"",""fields"",34,""source_standard""]",source_standard,string,SDMX XML 2.1 source artefact
"[""optimized_artifact"",""fields"",34,""source_url""]",source_url,string,04_sdmx_21_external_trade_full_case.xml
"[""optimized_artifact"",""fields"",35]",35,object,
"[""optimized_artifact"",""fields"",35,""field_id""]",field_id,string,KF_XML_EXTERNAL_TRADE.REF_AREA
"[""optimized_artifact"",""fields"",35,""name""]",name,string,Reference area / reporter
"[""optimized_artifact"",""fields"",35,""definition""]",definition,string,Reporter area for XML external-trade observations.
"[""optimized_artifact"",""fields"",35,""role""]",role,string,DIMENSION
"[""optimized_artifact"",""fields"",35,""representation""]",representation,string,Coded by CL_TRD_REF_AREA; XML version not stated.
"[""optimized_artifact"",""fields"",35,""codelist_id""]",codelist_id,string,CL_TRD_REF_AREA
"[""optimized_artifact"",""fields"",35,""required""]",required,boolean,true
"[""optimized_artifact"",""fields"",35,""example""]",example,string,KR
"[""optimized_artifact"",""fields"",35,""source_standard""]",source_standard,string,SDMX XML 2.1 source artefact
"[""optimized_artifact"",""fields"",35,""source_url""]",source_url,string,04_sdmx_21_external_trade_full_case.xml
"[""optimized_artifact"",""fields"",36]",36,object,
"[""optimized_artifact"",""fields"",36,""field_id""]",field_id,string,KF_XML_EXTERNAL_TRADE.INDICATOR
"[""optimized_artifact"",""fields"",36,""name""]",name,string,Trade flow
"[""optimized_artifact"",""fields"",36,""definition""]",definition,string,Trade flow or balance indicator from XML.
"[""optimized_artifact"",""fields"",36,""role""]",role,string,DIMENSION
"[""optimized_artifact"",""fields"",36,""representation""]",representation,string,Coded by CL_TRD_INDICATOR; XML version not stated.
"[""optimized_artifact"",""fields"",36,""codelist_id""]",codelist_id,string,CL_TRD_INDICATOR
"[""optimized_artifact"",""fields"",36,""required""]",required,boolean,true
"[""optimized_artifact"",""fields"",36,""example""]",example,string,EXPORTS
"[""optimized_artifact"",""fields"",36,""source_standard""]",source_standard,string,SDMX XML 2.1 source artefact
"[""optimized_artifact"",""fields"",36,""source_url""]",source_url,string,04_sdmx_21_external_trade_full_case.xml
"[""optimized_artifact"",""fields"",37]",37,object,
"[""optimized_artifact"",""fields"",37,""field_id""]",field_id,string,KF_XML_EXTERNAL_TRADE.PARTNER
"[""optimized_artifact"",""fields"",37,""name""]",name,string,Partner area
"[""optimized_artifact"",""fields"",37,""definition""]",definition,string,Counterpart/partner area for XML external-trade observations; distinct from reporter REF_AREA.
"[""optimized_artifact"",""fields"",37,""role""]",role,string,DIMENSION
"[""optimized_artifact"",""fields"",37,""representation""]",representation,string,Coded by CL_TRD_PARTNER; XML version not stated.
"[""optimized_artifact"",""fields"",37,""codelist_id""]",codelist_id,string,CL_TRD_PARTNER
"[""optimized_artifact"",""fields"",37,""required""]",required,boolean,true
"[""optimized_artifact"",""fields"",37,""example""]",example,string,WORLD
"[""optimized_artifact"",""fields"",37,""source_standard""]",source_standard,string,SDMX XML 2.1 source artefact
"[""optimized_artifact"",""fields"",37,""source_url""]",source_url,string,04_sdmx_21_external_trade_full_case.xml
"[""optimized_artifact"",""fields"",38]",38,object,
"[""optimized_artifact"",""fields"",38,""field_id""]",field_id,string,KF_XML_EXTERNAL_TRADE.TIME_PERIOD
"[""optimized_artifact"",""fields"",38,""name""]",name,string,Time period
"[""optimized_artifact"",""fields"",38,""definition""]",definition,string,Monthly XML external-trade observation period.
"[""optimized_artifact"",""fields"",38,""role""]",role,string,TIME
"[""optimized_artifact"",""fields"",38,""representation""]",representation,string,Time period string YYYY-MM.
"[""optimized_artifact"",""fields"",38,""codelist_id""]",codelist_id,null,
"[""optimized_artifact"",""fields"",38,""required""]",required,boolean,true
"[""optimized_artifact"",""fields"",38,""example""]",example,string,2026-01
"[""optimized_artifact"",""fields"",38,""source_standard""]",source_standard,string,SDMX XML 2.1 source artefact
"[""optimized_artifact"",""fields"",38,""source_url""]",source_url,string,04_sdmx_21_external_trade_full_case.xml
"[""optimized_artifact"",""fields"",39]",39,object,
"[""optimized_artifact"",""fields"",39,""field_id""]",field_id,string,KF_XML_EXTERNAL_TRADE.OBS_VALUE
"[""optimized_artifact"",""fields"",39,""name""]",name,string,Observation value
"[""optimized_artifact"",""fields"",39,""definition""]",definition,string,Numeric trade value observation.
"[""optimized_artifact"",""fields"",39,""role""]",role,string,MEASURE
"[""optimized_artifact"",""fields"",39,""representation""]",representation,string,Number.
"[""optimized_artifact"",""fields"",39,""codelist_id""]",codelist_id,null,
"[""optimized_artifact"",""fields"",39,""required""]",required,boolean,true
"[""optimized_artifact"",""fields"",39,""example""]",example,string,55600.2
"[""optimized_artifact"",""fields"",39,""source_standard""]",source_standard,string,SDMX XML 2.1 source artefact
"[""optimized_artifact"",""fields"",39,""source_url""]",source_url,string,04_sdmx_21_external_trade_full_case.xml
"[""optimized_artifact"",""fields"",40]",40,object,
"[""optimized_artifact"",""fields"",40,""field_id""]",field_id,string,KF_XML_EXTERNAL_TRADE.UNIT_MEASURE
"[""optimized_artifact"",""fields"",40,""name""]",name,string,Unit of measure
"[""optimized_artifact"",""fields"",40,""definition""]",definition,string,Unit for XML external-trade observations.
"[""optimized_artifact"",""fields"",40,""role""]",role,string,ATTRIBUTE
"[""optimized_artifact"",""fields"",40,""representation""]",representation,string,Coded by CL_TRD_UNIT; XML version not stated.
"[""optimized_artifact"",""fields"",40,""codelist_id""]",codelist_id,string,CL_TRD_UNIT
"[""optimized_artifact"",""fields"",40,""required""]",required,boolean,true
"[""optimized_artifact"",""fields"",40,""example""]",example,string,USD_MN
"[""optimized_artifact"",""fields"",40,""source_standard""]",source_standard,string,SDMX XML 2.1 source artefact
"[""optimized_artifact"",""fields"",40,""source_url""]",source_url,string,04_sdmx_21_external_trade_full_case.xml
"[""optimized_artifact"",""fields"",41]",41,object,
"[""optimized_artifact"",""fields"",41,""field_id""]",field_id,string,KF_XML_EXTERNAL_TRADE.OBS_STATUS
"[""optimized_artifact"",""fields"",41,""name""]",name,string,Observation status
"[""optimized_artifact"",""fields"",41,""definition""]",definition,string,Status for XML external-trade observations.
"[""optimized_artifact"",""fields"",41,""role""]",role,string,ATTRIBUTE
"[""optimized_artifact"",""fields"",41,""representation""]",representation,string,Coded by CL_TRD_OBS_STATUS; XML version not stated.
"[""optimized_artifact"",""fields"",41,""codelist_id""]",codelist_id,string,CL_TRD_OBS_STATUS
"[""optimized_artifact"",""fields"",41,""required""]",required,boolean,false
"[""optimized_artifact"",""fields"",41,""example""]",example,string,P
"[""optimized_artifact"",""fields"",41,""source_standard""]",source_standard,string,SDMX XML 2.1 source artefact
"[""optimized_artifact"",""fields"",41,""source_url""]",source_url,string,04_sdmx_21_external_trade_full_case.xml
"[""optimized_artifact"",""fields"",42]",42,object,
"[""optimized_artifact"",""fields"",42,""field_id""]",field_id,string,KF_SYNTHETIC_LABOUR_UNEMP_RATE_Q.FREQ
"[""optimized_artifact"",""fields"",42,""name""]",name,string,Frequency
"[""optimized_artifact"",""fields"",42,""definition""]",definition,string,Observation frequency for quarterly unemployment-rate observations.
"[""optimized_artifact"",""fields"",42,""role""]",role,string,DIMENSION
"[""optimized_artifact"",""fields"",42,""representation""]",representation,string,Coded local CL_SYN_FREQ_LM v1.0-draft; allowed QUARTERLY; SDMX CL_FREQ unresolved.
"[""optimized_artifact"",""fields"",42,""codelist_id""]",codelist_id,string,CL_SYN_FREQ_LM
"[""optimized_artifact"",""fields"",42,""required""]",required,boolean,true
"[""optimized_artifact"",""fields"",42,""example""]",example,string,QUARTERLY
"[""optimized_artifact"",""fields"",42,""source_standard""]",source_standard,string,Local codelist; SDMX CL_FREQ candidate unresolved
"[""optimized_artifact"",""fields"",42,""source_url""]",source_url,string,https://registry.sdmx.org/items/codelist.html
"[""optimized_artifact"",""fields"",43]",43,object,
"[""optimized_artifact"",""fields"",43,""field_id""]",field_id,string,KF_SYNTHETIC_LABOUR_UNEMP_RATE_Q.REF_AREA
"[""optimized_artifact"",""fields"",43,""name""]",name,string,Reference area
"[""optimized_artifact"",""fields"",43,""definition""]",definition,string,Synthetic/local region for unemployment-rate observations.
"[""optimized_artifact"",""fields"",43,""role""]",role,string,DIMENSION
"[""optimized_artifact"",""fields"",43,""representation""]",representation,string,Coded local CL_SYN_REF_AREA_LM v1.0-draft.
"[""optimized_artifact"",""fields"",43,""codelist_id""]",codelist_id,string,CL_SYN_REF_AREA_LM
"[""optimized_artifact"",""fields"",43,""required""]",required,boolean,true
"[""optimized_artifact"",""fields"",43,""example""]",example,string,NORTHLAND
"[""optimized_artifact"",""fields"",43,""source_standard""]",source_standard,string,Local codelist; UN M49 not confirmed
"[""optimized_artifact"",""fields"",43,""source_url""]",source_url,string,example_01_labour_market.pdf
"[""optimized_artifact"",""fields"",44]",44,object,
"[""optimized_artifact"",""fields"",44,""field_id""]",field_id,string,KF_SYNTHETIC_LABOUR_UNEMP_RATE_Q.SEX
"[""optimized_artifact"",""fields"",44,""name""]",name,string,Sex / sex coverage
"[""optimized_artifact"",""fields"",44,""definition""]",definition,string,Sex or sex-coverage category for unemployment-rate estimates; TOTAL is not derived by summing displayed Women and Men rows.
"[""optimized_artifact"",""fields"",44,""role""]",role,string,DIMENSION
"[""optimized_artifact"",""fields"",44,""representation""]",representation,string,Coded local CL_SYN_SEX_COVERAGE v1.0-draft.
"[""optimized_artifact"",""fields"",44,""codelist_id""]",codelist_id,string,CL_SYN_SEX_COVERAGE
"[""optimized_artifact"",""fields"",44,""required""]",required,boolean,true
"[""optimized_artifact"",""fields"",44,""example""]",example,string,WOMEN
"[""optimized_artifact"",""fields"",44,""source_standard""]",source_standard,string,Local codelist; SDMX CL_SEX unresolved
"[""optimized_artifact"",""fields"",44,""source_url""]",source_url,string,example_01_labour_market.pdf
"[""optimized_artifact"",""fields"",45]",45,object,
"[""optimized_artifact"",""fields"",45,""field_id""]",field_id,string,KF_SYNTHETIC_LABOUR_UNEMP_RATE_Q.TIME_PERIOD
"[""optimized_artifact"",""fields"",45,""name""]",name,string,Time period
"[""optimized_artifact"",""fields"",45,""definition""]",definition,string,Quarter to which unemployment-rate observation refers.
"[""optimized_artifact"",""fields"",45,""role""]",role,string,TIME
"[""optimized_artifact"",""fields"",45,""representation""]",representation,string,YYYY-Qn.
"[""optimized_artifact"",""fields"",45,""codelist_id""]",codelist_id,null,
"[""optimized_artifact"",""fields"",45,""required""]",required,boolean,true
"[""optimized_artifact"",""fields"",45,""example""]",example,string,2025-Q1
"[""optimized_artifact"",""fields"",45,""source_standard""]",source_standard,string,SDMX TIME_PERIOD candidate
"[""optimized_artifact"",""fields"",45,""source_url""]",source_url,string,https://sdmx.org/wp-content/uploads/SDMX_Glossary_Version_2_1_December_2020.htm
"[""optimized_artifact"",""fields"",46]",46,object,
"[""optimized_artifact"",""fields"",46,""field_id""]",field_id,string,KF_SYNTHETIC_LABOUR_UNEMP_RATE_Q.OBS_VALUE
"[""optimized_artifact"",""fields"",46,""name""]",name,string,Observation value
"[""optimized_artifact"",""fields"",46,""definition""]",definition,string,Numeric unemployment rate: unemployed persons as a percentage of the labour force.
"[""optimized_artifact"",""fields"",46,""role""]",role,string,MEASURE
"[""optimized_artifact"",""fields"",46,""representation""]",representation,string,Numeric decimal; unit PERCENT.
"[""optimized_artifact"",""fields"",46,""codelist_id""]",codelist_id,null,
"[""optimized_artifact"",""fields"",46,""required""]",required,boolean,true
"[""optimized_artifact"",""fields"",46,""example""]",example,string,7.8
"[""optimized_artifact"",""fields"",46,""source_standard""]",source_standard,string,SDMX OBS_VALUE candidate
"[""optimized_artifact"",""fields"",46,""source_url""]",source_url,string,example_01_labour_market.pdf
"[""optimized_artifact"",""fields"",47]",47,object,
"[""optimized_artifact"",""fields"",47,""field_id""]",field_id,string,KF_SYNTHETIC_LABOUR_UNEMP_RATE_Q.UNIT_MEASURE
"[""optimized_artifact"",""fields"",47,""name""]",name,string,Unit of measure
"[""optimized_artifact"",""fields"",47,""definition""]",definition,string,Dataset-level unit for unemployment-rate values.
"[""optimized_artifact"",""fields"",47,""role""]",role,string,ATTRIBUTE
"[""optimized_artifact"",""fields"",47,""representation""]",representation,string,Coded local CL_SYN_UNIT_MEASURE_LM v1.0-draft; PERCENT.
"[""optimized_artifact"",""fields"",47,""codelist_id""]",codelist_id,string,CL_SYN_UNIT_MEASURE_LM
"[""optimized_artifact"",""fields"",47,""required""]",required,boolean,true
"[""optimized_artifact"",""fields"",47,""example""]",example,string,PERCENT
"[""optimized_artifact"",""fields"",47,""source_standard""]",source_standard,string,Local codelist
"[""optimized_artifact"",""fields"",47,""source_url""]",source_url,string,example_01_labour_market.pdf
"[""optimized_artifact"",""fields"",48]",48,object,
"[""optimized_artifact"",""fields"",48,""field_id""]",field_id,string,KF_SYNTHETIC_LABOUR_UNEMP_RATE_Q.OBS_STATUS
"[""optimized_artifact"",""fields"",48,""name""]",name,string,Observation status
"[""optimized_artifact"",""fields"",48,""definition""]",definition,string,Observation-level status for unemployment-rate values.
"[""optimized_artifact"",""fields"",48,""role""]",role,string,ATTRIBUTE
"[""optimized_artifact"",""fields"",48,""representation""]",representation,string,"Coded local CL_SYN_REPORT_STATUS v1.0-draft; FINAL, PROVISIONAL."
"[""optimized_artifact"",""fields"",48,""codelist_id""]",codelist_id,string,CL_SYN_REPORT_STATUS
"[""optimized_artifact"",""fields"",48,""required""]",required,boolean,true
"[""optimized_artifact"",""fields"",48,""example""]",example,string,FINAL
"[""optimized_artifact"",""fields"",48,""source_standard""]",source_standard,string,Local codelist; SDMX CL_OBS_STATUS unresolved
"[""optimized_artifact"",""fields"",48,""source_url""]",source_url,string,example_01_labour_market.pdf
"[""optimized_artifact"",""fields"",49]",49,object,
"[""optimized_artifact"",""fields"",49,""field_id""]",field_id,string,KF_SYNTHETIC_LABOUR_VACANCIES_M.FREQ
"[""optimized_artifact"",""fields"",49,""name""]",name,string,Frequency
"[""optimized_artifact"",""fields"",49,""definition""]",definition,string,Observation frequency for monthly job-vacancy counts.
"[""optimized_artifact"",""fields"",49,""role""]",role,string,DIMENSION
"[""optimized_artifact"",""fields"",49,""representation""]",representation,string,Coded local CL_SYN_FREQ_LM v1.0-draft; MONTHLY.
"[""optimized_artifact"",""fields"",49,""codelist_id""]",codelist_id,string,CL_SYN_FREQ_LM
"[""optimized_artifact"",""fields"",49,""required""]",required,boolean,true
"[""optimized_artifact"",""fields"",49,""example""]",example,string,MONTHLY
"[""optimized_artifact"",""fields"",49,""source_standard""]",source_standard,string,Local codelist; SDMX CL_FREQ unresolved
"[""optimized_artifact"",""fields"",49,""source_url""]",source_url,string,example_01_labour_market.pdf
"[""optimized_artifact"",""fields"",50]",50,object,
"[""optimized_artifact"",""fields"",50,""field_id""]",field_id,string,KF_SYNTHETIC_LABOUR_VACANCIES_M.ACTIVITY
"[""optimized_artifact"",""fields"",50,""name""]",name,string,Economic activity
"[""optimized_artifact"",""fields"",50,""definition""]",definition,string,Local industry aggregate for job-vacancy counts; ISIC revision not confirmed.
"[""optimized_artifact"",""fields"",50,""role""]",role,string,DIMENSION
"[""optimized_artifact"",""fields"",50,""representation""]",representation,string,Coded local CL_SYN_ACTIVITY_LOCAL v1.0-draft.
"[""optimized_artifact"",""fields"",50,""codelist_id""]",codelist_id,string,CL_SYN_ACTIVITY_LOCAL
"[""optimized_artifact"",""fields"",50,""required""]",required,boolean,true
"[""optimized_artifact"",""fields"",50,""example""]",example,string,MANUFACTURING
"[""optimized_artifact"",""fields"",50,""source_standard""]",source_standard,string,Local codelist; ISIC unresolved
"[""optimized_artifact"",""fields"",50,""source_url""]",source_url,string,example_01_labour_market.pdf
"[""optimized_artifact"",""fields"",51]",51,object,
"[""optimized_artifact"",""fields"",51,""field_id""]",field_id,string,KF_SYNTHETIC_LABOUR_VACANCIES_M.TIME_PERIOD
"[""optimized_artifact"",""fields"",51,""name""]",name,string,Time period
"[""optimized_artifact"",""fields"",51,""definition""]",definition,string,Month to which vacancy-count observation refers.
"[""optimized_artifact"",""fields"",51,""role""]",role,string,TIME
"[""optimized_artifact"",""fields"",51,""representation""]",representation,string,YYYY-MM.
"[""optimized_artifact"",""fields"",51,""codelist_id""]",codelist_id,null,
"[""optimized_artifact"",""fields"",51,""required""]",required,boolean,true
"[""optimized_artifact"",""fields"",51,""example""]",example,string,2025-01
"[""optimized_artifact"",""fields"",51,""source_standard""]",source_standard,string,SDMX TIME_PERIOD candidate
"[""optimized_artifact"",""fields"",51,""source_url""]",source_url,string,example_01_labour_market.pdf
"[""optimized_artifact"",""fields"",52]",52,object,
"[""optimized_artifact"",""fields"",52,""field_id""]",field_id,string,KF_SYNTHETIC_LABOUR_VACANCIES_M.OBS_VALUE
"[""optimized_artifact"",""fields"",52,""name""]",name,string,Observation value
"[""optimized_artifact"",""fields"",52,""definition""]",definition,string,Integer job-vacancy count: unfilled positions available for immediate recruitment.
"[""optimized_artifact"",""fields"",52,""role""]",role,string,MEASURE
"[""optimized_artifact"",""fields"",52,""representation""]",representation,string,Integer; unit OPEN_POSITIONS.
"[""optimized_artifact"",""fields"",52,""codelist_id""]",codelist_id,null,
"[""optimized_artifact"",""fields"",52,""required""]",required,boolean,true
"[""optimized_artifact"",""fields"",52,""example""]",example,string,2993
"[""optimized_artifact"",""fields"",52,""source_standard""]",source_standard,string,SDMX OBS_VALUE candidate
"[""optimized_artifact"",""fields"",52,""source_url""]",source_url,string,example_01_labour_market.pdf
"[""optimized_artifact"",""fields"",53]",53,object,
"[""optimized_artifact"",""fields"",53,""field_id""]",field_id,string,KF_SYNTHETIC_LABOUR_VACANCIES_M.UNIT_MEASURE
"[""optimized_artifact"",""fields"",53,""name""]",name,string,Unit of measure
"[""optimized_artifact"",""fields"",53,""definition""]",definition,string,Dataset-level unit for vacancy counts.
"[""optimized_artifact"",""fields"",53,""role""]",role,string,ATTRIBUTE
"[""optimized_artifact"",""fields"",53,""representation""]",representation,string,Coded local CL_SYN_UNIT_MEASURE_LM v1.0-draft; OPEN_POSITIONS.
"[""optimized_artifact"",""fields"",53,""codelist_id""]",codelist_id,string,CL_SYN_UNIT_MEASURE_LM
"[""optimized_artifact"",""fields"",53,""required""]",required,boolean,true
"[""optimized_artifact"",""fields"",53,""example""]",example,string,OPEN_POSITIONS
"[""optimized_artifact"",""fields"",53,""source_standard""]",source_standard,string,Local codelist
"[""optimized_artifact"",""fields"",53,""source_url""]",source_url,string,example_01_labour_market.pdf
"[""optimized_artifact"",""fields"",54]",54,object,
"[""optimized_artifact"",""fields"",54,""field_id""]",field_id,string,KF_SYNTHETIC_LABOUR_VACANCIES_M.SEASONAL_ADJUST
"[""optimized_artifact"",""fields"",54,""name""]",name,string,Seasonal adjustment
"[""optimized_artifact"",""fields"",54,""definition""]",definition,string,Adjustment status of vacancy-count observations.
"[""optimized_artifact"",""fields"",54,""role""]",role,string,ATTRIBUTE
"[""optimized_artifact"",""fields"",54,""representation""]",representation,string,Coded local CL_SYN_SEASONAL_ADJUSTMENT v1.0-draft; SDMX CL_SEASONAL_ADJUST unresolved.
"[""optimized_artifact"",""fields"",54,""codelist_id""]",codelist_id,string,CL_SYN_SEASONAL_ADJUSTMENT
"[""optimized_artifact"",""fields"",54,""required""]",required,boolean,true
"[""optimized_artifact"",""fields"",54,""example""]",example,string,SEASONALLY_ADJUSTED
"[""optimized_artifact"",""fields"",54,""source_standard""]",source_standard,string,Local codelist
"[""optimized_artifact"",""fields"",54,""source_url""]",source_url,string,example_01_labour_market.pdf
"[""optimized_artifact"",""fields"",55]",55,object,
"[""optimized_artifact"",""fields"",55,""field_id""]",field_id,string,KF_HEALTH_REGISTERED_DEATHS.FREQ
"[""optimized_artifact"",""fields"",55,""name""]",name,string,Frequency
"[""optimized_artifact"",""fields"",55,""definition""]",definition,string,Frequency for registered-deaths calendar-year counts; annual code unresolved.
"[""optimized_artifact"",""fields"",55,""role""]",role,string,DIMENSION
"[""optimized_artifact"",""fields"",55,""representation""]",representation,string,Candidate CL_FREQ; leave unresolved until version/code confirmed.
"[""optimized_artifact"",""fields"",55,""codelist_id""]",codelist_id,string,CL_FREQ
"[""optimized_artifact"",""fields"",55,""required""]",required,boolean,true
"[""optimized_artifact"",""fields"",55,""example""]",example,string,UNRESOLVED_ANNUAL_CANDIDATE
"[""optimized_artifact"",""fields"",55,""source_standard""]",source_standard,string,SDMX CL_FREQ candidate
"[""optimized_artifact"",""fields"",55,""source_url""]",source_url,string,https://registry.sdmx.org/items/codelist.html
"[""optimized_artifact"",""fields"",56]",56,object,
"[""optimized_artifact"",""fields"",56,""field_id""]",field_id,string,KF_HEALTH_REGISTERED_DEATHS.REF_AREA
"[""optimized_artifact"",""fields"",56,""name""]",name,string,Reference area
"[""optimized_artifact"",""fields"",56,""definition""]",definition,string,Synthetic/local health reporting area for registered deaths.
"[""optimized_artifact"",""fields"",56,""role""]",role,string,DIMENSION
"[""optimized_artifact"",""fields"",56,""representation""]",representation,string,Coded local CL_HEALTH_AREA_LOCAL v1.0-proposed.
"[""optimized_artifact"",""fields"",56,""codelist_id""]",codelist_id,string,CL_HEALTH_AREA_LOCAL
"[""optimized_artifact"",""fields"",56,""required""]",required,boolean,true
"[""optimized_artifact"",""fields"",56,""example""]",example,string,NORTHLAND
"[""optimized_artifact"",""fields"",56,""source_standard""]",source_standard,string,Local codelist
"[""optimized_artifact"",""fields"",56,""source_url""]",source_url,string,example_02_health_system.pdf
"[""optimized_artifact"",""fields"",57]",57,object,
"[""optimized_artifact"",""fields"",57,""field_id""]",field_id,string,KF_HEALTH_REGISTERED_DEATHS.CAUSE_OF_DEATH
"[""optimized_artifact"",""fields"",57,""name""]",name,string,Cause of death
"[""optimized_artifact"",""fields"",57,""definition""]",definition,string,Underlying cause category; broad local categories because ICD version is not confirmed.
"[""optimized_artifact"",""fields"",57,""role""]",role,string,DIMENSION
"[""optimized_artifact"",""fields"",57,""representation""]",representation,string,Coded local CL_HEALTH_CAUSE_LOCAL v1.0-proposed.
"[""optimized_artifact"",""fields"",57,""codelist_id""]",codelist_id,string,CL_HEALTH_CAUSE_LOCAL
"[""optimized_artifact"",""fields"",57,""required""]",required,boolean,true
"[""optimized_artifact"",""fields"",57,""example""]",example,string,CIRCULATORY_DISEASES
"[""optimized_artifact"",""fields"",57,""source_standard""]",source_standard,string,Local codelist; ICD unresolved
"[""optimized_artifact"",""fields"",57,""source_url""]",source_url,string,example_02_health_system.pdf
"[""optimized_artifact"",""fields"",58]",58,object,
"[""optimized_artifact"",""fields"",58,""field_id""]",field_id,string,KF_HEALTH_REGISTERED_DEATHS.AGE
"[""optimized_artifact"",""fields"",58,""name""]",name,string,Age group
"[""optimized_artifact"",""fields"",58,""definition""]",definition,string,Age group for registered-deaths observations.
"[""optimized_artifact"",""fields"",58,""role""]",role,string,DIMENSION
"[""optimized_artifact"",""fields"",58,""representation""]",representation,string,Coded local CL_HEALTH_AGE_GROUP_LOCAL v1.0-proposed.
"[""optimized_artifact"",""fields"",58,""codelist_id""]",codelist_id,string,CL_HEALTH_AGE_GROUP_LOCAL
"[""optimized_artifact"",""fields"",58,""required""]",required,boolean,true
"[""optimized_artifact"",""fields"",58,""example""]",example,string,Y45T64
"[""optimized_artifact"",""fields"",58,""source_standard""]",source_standard,string,Local codelist
"[""optimized_artifact"",""fields"",58,""source_url""]",source_url,string,example_02_health_system.pdf
"[""optimized_artifact"",""fields"",59]",59,object,
"[""optimized_artifact"",""fields"",59,""field_id""]",field_id,string,KF_HEALTH_REGISTERED_DEATHS.TIME_PERIOD
"[""optimized_artifact"",""fields"",59,""name""]",name,string,Time period
"[""optimized_artifact"",""fields"",59,""definition""]",definition,string,Reference year for registered death events.
"[""optimized_artifact"",""fields"",59,""role""]",role,string,TIME
"[""optimized_artifact"",""fields"",59,""representation""]",representation,string,Annual Gregorian year.
"[""optimized_artifact"",""fields"",59,""codelist_id""]",codelist_id,null,
"[""optimized_artifact"",""fields"",59,""required""]",required,boolean,true
"[""optimized_artifact"",""fields"",59,""example""]",example,string,2024
"[""optimized_artifact"",""fields"",59,""source_standard""]",source_standard,string,SDMX TIME_PERIOD candidate
"[""optimized_artifact"",""fields"",59,""source_url""]",source_url,string,example_02_health_system.pdf
"[""optimized_artifact"",""fields"",60]",60,object,
"[""optimized_artifact"",""fields"",60,""field_id""]",field_id,string,KF_HEALTH_REGISTERED_DEATHS.OBS_VALUE
"[""optimized_artifact"",""fields"",60,""name""]",name,string,Observation value
"[""optimized_artifact"",""fields"",60,""definition""]",definition,string,Integer count of registered death events.
"[""optimized_artifact"",""fields"",60,""role""]",role,string,MEASURE
"[""optimized_artifact"",""fields"",60,""representation""]",representation,string,Integer; unit DEATHS.
"[""optimized_artifact"",""fields"",60,""codelist_id""]",codelist_id,null,
"[""optimized_artifact"",""fields"",60,""required""]",required,boolean,true
"[""optimized_artifact"",""fields"",60,""example""]",example,string,567
"[""optimized_artifact"",""fields"",60,""source_standard""]",source_standard,string,SDMX OBS_VALUE candidate
"[""optimized_artifact"",""fields"",60,""source_url""]",source_url,string,example_02_health_system.pdf
"[""optimized_artifact"",""fields"",61]",61,object,
"[""optimized_artifact"",""fields"",61,""field_id""]",field_id,string,KF_HEALTH_REGISTERED_DEATHS.UNIT_MEASURE
"[""optimized_artifact"",""fields"",61,""name""]",name,string,Unit of measure
"[""optimized_artifact"",""fields"",61,""definition""]",definition,string,Dataset-level unit for registered deaths.
"[""optimized_artifact"",""fields"",61,""role""]",role,string,ATTRIBUTE
"[""optimized_artifact"",""fields"",61,""representation""]",representation,string,Coded local CL_HEALTH_UNIT_MEASURE_LOCAL v1.0-proposed; DEATHS.
"[""optimized_artifact"",""fields"",61,""codelist_id""]",codelist_id,string,CL_HEALTH_UNIT_MEASURE_LOCAL
"[""optimized_artifact"",""fields"",61,""required""]",required,boolean,true
"[""optimized_artifact"",""fields"",61,""example""]",example,string,DEATHS
"[""optimized_artifact"",""fields"",61,""source_standard""]",source_standard,string,Local codelist
"[""optimized_artifact"",""fields"",61,""source_url""]",source_url,string,example_02_health_system.pdf
"[""optimized_artifact"",""fields"",62]",62,object,
"[""optimized_artifact"",""fields"",62,""field_id""]",field_id,string,KF_HEALTH_REGISTERED_DEATHS.OBS_STATUS
"[""optimized_artifact"",""fields"",62,""name""]",name,string,Observation status
"[""optimized_artifact"",""fields"",62,""definition""]",definition,string,Observation-level status for registered-deaths values.
"[""optimized_artifact"",""fields"",62,""role""]",role,string,ATTRIBUTE
"[""optimized_artifact"",""fields"",62,""representation""]",representation,string,"Coded local CL_HEALTH_OBS_STATUS_LOCAL v1.0-proposed; FINAL, PROVISIONAL."
"[""optimized_artifact"",""fields"",62,""codelist_id""]",codelist_id,string,CL_HEALTH_OBS_STATUS_LOCAL
"[""optimized_artifact"",""fields"",62,""required""]",required,boolean,true
"[""optimized_artifact"",""fields"",62,""example""]",example,string,PROVISIONAL
"[""optimized_artifact"",""fields"",62,""source_standard""]",source_standard,string,Local codelist; SDMX CL_OBS_STATUS unresolved
"[""optimized_artifact"",""fields"",62,""source_url""]",source_url,string,example_02_health_system.pdf
"[""optimized_artifact"",""fields"",63]",63,object,
"[""optimized_artifact"",""fields"",63,""field_id""]",field_id,string,KF_HEALTH_AVAILABLE_HOSPITAL_BEDS.FREQ
"[""optimized_artifact"",""fields"",63,""name""]",name,string,Frequency
"[""optimized_artifact"",""fields"",63,""definition""]",definition,string,Frequency for year-end available staffed hospital-bed stock; annual code unresolved.
"[""optimized_artifact"",""fields"",63,""role""]",role,string,DIMENSION
"[""optimized_artifact"",""fields"",63,""representation""]",representation,string,Candidate CL_FREQ; leave unresolved until confirmed.
"[""optimized_artifact"",""fields"",63,""codelist_id""]",codelist_id,string,CL_FREQ
"[""optimized_artifact"",""fields"",63,""required""]",required,boolean,true
"[""optimized_artifact"",""fields"",63,""example""]",example,string,UNRESOLVED_ANNUAL_CANDIDATE
"[""optimized_artifact"",""fields"",63,""source_standard""]",source_standard,string,SDMX CL_FREQ candidate
"[""optimized_artifact"",""fields"",63,""source_url""]",source_url,string,https://registry.sdmx.org/items/codelist.html
"[""optimized_artifact"",""fields"",64]",64,object,
"[""optimized_artifact"",""fields"",64,""field_id""]",field_id,string,KF_HEALTH_AVAILABLE_HOSPITAL_BEDS.OWNERSHIP
"[""optimized_artifact"",""fields"",64,""name""]",name,string,Ownership
"[""optimized_artifact"",""fields"",64,""definition""]",definition,string,Ownership category of hospital capacity.
"[""optimized_artifact"",""fields"",64,""role""]",role,string,DIMENSION
"[""optimized_artifact"",""fields"",64,""representation""]",representation,string,Coded local CL_HEALTH_OWNERSHIP_LOCAL v1.0-proposed.
"[""optimized_artifact"",""fields"",64,""codelist_id""]",codelist_id,string,CL_HEALTH_OWNERSHIP_LOCAL
"[""optimized_artifact"",""fields"",64,""required""]",required,boolean,true
"[""optimized_artifact"",""fields"",64,""example""]",example,string,PRIVATE_FOR_PROFIT
"[""optimized_artifact"",""fields"",64,""source_standard""]",source_standard,string,Local codelist
"[""optimized_artifact"",""fields"",64,""source_url""]",source_url,string,example_02_health_system.pdf
"[""optimized_artifact"",""fields"",65]",65,object,
"[""optimized_artifact"",""fields"",65,""field_id""]",field_id,string,KF_HEALTH_AVAILABLE_HOSPITAL_BEDS.TIME_PERIOD
"[""optimized_artifact"",""fields"",65,""name""]",name,string,Time period
"[""optimized_artifact"",""fields"",65,""definition""]",definition,string,Reference year for available staffed beds as a 31 December stock measure.
"[""optimized_artifact"",""fields"",65,""role""]",role,string,TIME
"[""optimized_artifact"",""fields"",65,""representation""]",representation,string,Annual Gregorian year.
"[""optimized_artifact"",""fields"",65,""codelist_id""]",codelist_id,null,
"[""optimized_artifact"",""fields"",65,""required""]",required,boolean,true
"[""optimized_artifact"",""fields"",65,""example""]",example,string,2024
"[""optimized_artifact"",""fields"",65,""source_standard""]",source_standard,string,SDMX TIME_PERIOD candidate
"[""optimized_artifact"",""fields"",65,""source_url""]",source_url,string,example_02_health_system.pdf
"[""optimized_artifact"",""fields"",66]",66,object,
"[""optimized_artifact"",""fields"",66,""field_id""]",field_id,string,KF_HEALTH_AVAILABLE_HOSPITAL_BEDS.OBS_VALUE
"[""optimized_artifact"",""fields"",66,""name""]",name,string,Observation value
"[""optimized_artifact"",""fields"",66,""definition""]",definition,string,Integer count of available staffed hospital beds.
"[""optimized_artifact"",""fields"",66,""role""]",role,string,MEASURE
"[""optimized_artifact"",""fields"",66,""representation""]",representation,string,Integer; unit BEDS.
"[""optimized_artifact"",""fields"",66,""codelist_id""]",codelist_id,null,
"[""optimized_artifact"",""fields"",66,""required""]",required,boolean,true
"[""optimized_artifact"",""fields"",66,""example""]",example,string,225
"[""optimized_artifact"",""fields"",66,""source_standard""]",source_standard,string,SDMX OBS_VALUE candidate
"[""optimized_artifact"",""fields"",66,""source_url""]",source_url,string,example_02_health_system.pdf
"[""optimized_artifact"",""fields"",67]",67,object,
"[""optimized_artifact"",""fields"",67,""field_id""]",field_id,string,KF_HEALTH_AVAILABLE_HOSPITAL_BEDS.UNIT_MEASURE
"[""optimized_artifact"",""fields"",67,""name""]",name,string,Unit of measure
"[""optimized_artifact"",""fields"",67,""definition""]",definition,string,Dataset-level unit for hospital-bed observations.
"[""optimized_artifact"",""fields"",67,""role""]",role,string,ATTRIBUTE
"[""optimized_artifact"",""fields"",67,""representation""]",representation,string,Coded local CL_HEALTH_UNIT_MEASURE_LOCAL v1.0-proposed; BEDS.
"[""optimized_artifact"",""fields"",67,""codelist_id""]",codelist_id,string,CL_HEALTH_UNIT_MEASURE_LOCAL
"[""optimized_artifact"",""fields"",67,""required""]",required,boolean,true
"[""optimized_artifact"",""fields"",67,""example""]",example,string,BEDS
"[""optimized_artifact"",""fields"",67,""source_standard""]",source_standard,string,Local codelist
"[""optimized_artifact"",""fields"",67,""source_url""]",source_url,string,example_02_health_system.pdf
"[""optimized_artifact"",""fields"",68]",68,object,
"[""optimized_artifact"",""fields"",68,""field_id""]",field_id,string,KF_HEALTH_AVAILABLE_HOSPITAL_BEDS.OBS_STATUS
"[""optimized_artifact"",""fields"",68,""name""]",name,string,Observation status
"[""optimized_artifact"",""fields"",68,""definition""]",definition,string,Observation-level status of hospital-bed values.
"[""optimized_artifact"",""fields"",68,""role""]",role,string,ATTRIBUTE
"[""optimized_artifact"",""fields"",68,""representation""]",representation,string,"Coded local CL_HEALTH_OBS_STATUS_LOCAL v1.0-proposed; FINAL, ESTIMATED."
"[""optimized_artifact"",""fields"",68,""codelist_id""]",codelist_id,string,CL_HEALTH_OBS_STATUS_LOCAL
"[""optimized_artifact"",""fields"",68,""required""]",required,boolean,true
"[""optimized_artifact"",""fields"",68,""example""]",example,string,ESTIMATED
"[""optimized_artifact"",""fields"",68,""source_standard""]",source_standard,string,Local codelist; SDMX CL_OBS_STATUS unresolved
"[""optimized_artifact"",""fields"",68,""source_url""]",source_url,string,example_02_health_system.pdf
"[""optimized_artifact"",""fields"",69]",69,object,
"[""optimized_artifact"",""fields"",69,""field_id""]",field_id,string,KF_EDU_ENROLLMENT.FREQ
"[""optimized_artifact"",""fields"",69,""name""]",name,string,Frequency
"[""optimized_artifact"",""fields"",69,""definition""]",definition,string,Frequency for education enrollment observations; annual semantics derivable but CL_FREQ code/version unconfirmed.
"[""optimized_artifact"",""fields"",69,""role""]",role,string,DIMENSION
"[""optimized_artifact"",""fields"",69,""representation""]",representation,string,Candidate CL_FREQ; unresolved annual.
"[""optimized_artifact"",""fields"",69,""codelist_id""]",codelist_id,string,CL_FREQ
"[""optimized_artifact"",""fields"",69,""required""]",required,boolean,true
"[""optimized_artifact"",""fields"",69,""example""]",example,string,UNRESOLVED_ANNUAL_CANDIDATE
"[""optimized_artifact"",""fields"",69,""source_standard""]",source_standard,string,SDMX CL_FREQ candidate
"[""optimized_artifact"",""fields"",69,""source_url""]",source_url,string,https://registry.sdmx.org/items/codelist.html
"[""optimized_artifact"",""fields"",70]",70,object,
"[""optimized_artifact"",""fields"",70,""field_id""]",field_id,string,KF_EDU_ENROLLMENT.EDUCATION_LEVEL
"[""optimized_artifact"",""fields"",70,""name""]",name,string,Education level
"[""optimized_artifact"",""fields"",70,""definition""]",definition,string,Education cycle/level for enrollment; local holding codes pending ISCED review.
"[""optimized_artifact"",""fields"",70,""role""]",role,string,DIMENSION
"[""optimized_artifact"",""fields"",70,""representation""]",representation,string,Coded local CL_EDUCATION_LEVEL_REPORT_LOCAL v2025-report.
"[""optimized_artifact"",""fields"",70,""codelist_id""]",codelist_id,string,CL_EDUCATION_LEVEL_REPORT_LOCAL
"[""optimized_artifact"",""fields"",70,""required""]",required,boolean,true
"[""optimized_artifact"",""fields"",70,""example""]",example,string,PRIMARY
"[""optimized_artifact"",""fields"",70,""source_standard""]",source_standard,string,Local holding list; UNESCO ISCED unresolved
"[""optimized_artifact"",""fields"",70,""source_url""]",source_url,string,example_03_education.pdf
"[""optimized_artifact"",""fields"",71]",71,object,
"[""optimized_artifact"",""fields"",71,""field_id""]",field_id,string,KF_EDU_ENROLLMENT.SEX
"[""optimized_artifact"",""fields"",71,""name""]",name,string,Sex
"[""optimized_artifact"",""fields"",71,""definition""]",definition,string,"Sex category for enrollment, including Total aggregate with unresolved inclusion scope."
"[""optimized_artifact"",""fields"",71,""role""]",role,string,DIMENSION
"[""optimized_artifact"",""fields"",71,""representation""]",representation,string,"Coded local CL_SEX_REPORT_LOCAL v2025-report; FEMALE, MALE, TOTAL."
"[""optimized_artifact"",""fields"",71,""codelist_id""]",codelist_id,string,CL_SEX_REPORT_LOCAL
"[""optimized_artifact"",""fields"",71,""required""]",required,boolean,true
"[""optimized_artifact"",""fields"",71,""example""]",example,string,FEMALE
"[""optimized_artifact"",""fields"",71,""source_standard""]",source_standard,string,Local holding list; SDMX CL_SEX unresolved
"[""optimized_artifact"",""fields"",71,""source_url""]",source_url,string,example_03_education.pdf
"[""optimized_artifact"",""fields"",72]",72,object,
"[""optimized_artifact"",""fields"",72,""field_id""]",field_id,string,KF_EDU_ENROLLMENT.TIME_PERIOD
"[""optimized_artifact"",""fields"",72,""name""]",name,string,Time period
"[""optimized_artifact"",""fields"",72,""definition""]",definition,string,Calendar year for enrollment observations.
"[""optimized_artifact"",""fields"",72,""role""]",role,string,TIME
"[""optimized_artifact"",""fields"",72,""representation""]",representation,string,Gregorian year.
"[""optimized_artifact"",""fields"",72,""codelist_id""]",codelist_id,null,
"[""optimized_artifact"",""fields"",72,""required""]",required,boolean,true
"[""optimized_artifact"",""fields"",72,""example""]",example,string,2024
"[""optimized_artifact"",""fields"",72,""source_standard""]",source_standard,string,SDMX TIME_PERIOD candidate
"[""optimized_artifact"",""fields"",72,""source_url""]",source_url,string,example_03_education.pdf
"[""optimized_artifact"",""fields"",73]",73,object,
"[""optimized_artifact"",""fields"",73,""field_id""]",field_id,string,KF_EDU_ENROLLMENT.OBS_VALUE
"[""optimized_artifact"",""fields"",73,""name""]",name,string,Observation value
"[""optimized_artifact"",""fields"",73,""definition""]",definition,string,Enrollment headcount: learners registered on census day.
"[""optimized_artifact"",""fields"",73,""role""]",role,string,MEASURE
"[""optimized_artifact"",""fields"",73,""representation""]",representation,string,Integer; unit STUDENTS.
"[""optimized_artifact"",""fields"",73,""codelist_id""]",codelist_id,null,
"[""optimized_artifact"",""fields"",73,""required""]",required,boolean,true
"[""optimized_artifact"",""fields"",73,""example""]",example,string,78748
"[""optimized_artifact"",""fields"",73,""source_standard""]",source_standard,string,SDMX OBS_VALUE candidate
"[""optimized_artifact"",""fields"",73,""source_url""]",source_url,string,example_03_education.pdf
"[""optimized_artifact"",""fields"",74]",74,object,
"[""optimized_artifact"",""fields"",74,""field_id""]",field_id,string,KF_EDU_ENROLLMENT.UNIT_MEASURE
"[""optimized_artifact"",""fields"",74,""name""]",name,string,Unit of measure
"[""optimized_artifact"",""fields"",74,""definition""]",definition,string,Dataset-level unit for education enrollment observations.
"[""optimized_artifact"",""fields"",74,""role""]",role,string,ATTRIBUTE
"[""optimized_artifact"",""fields"",74,""representation""]",representation,string,Coded local CL_UNIT_MEASURE_EDU_REPORT_LOCAL v2025-report; STUDENTS.
"[""optimized_artifact"",""fields"",74,""codelist_id""]",codelist_id,string,CL_UNIT_MEASURE_EDU_REPORT_LOCAL
"[""optimized_artifact"",""fields"",74,""required""]",required,boolean,true
"[""optimized_artifact"",""fields"",74,""example""]",example,string,STUDENTS
"[""optimized_artifact"",""fields"",74,""source_standard""]",source_standard,string,Local holding list
"[""optimized_artifact"",""fields"",74,""source_url""]",source_url,string,example_03_education.pdf
"[""optimized_artifact"",""fields"",75]",75,object,
"[""optimized_artifact"",""fields"",75,""field_id""]",field_id,string,KF_EDU_ENROLLMENT.OBS_STATUS
"[""optimized_artifact"",""fields"",75,""name""]",name,string,Observation status
"[""optimized_artifact"",""fields"",75,""definition""]",definition,string,Observation-level status for enrollment values.
"[""optimized_artifact"",""fields"",75,""role""]",role,string,ATTRIBUTE
"[""optimized_artifact"",""fields"",75,""representation""]",representation,string,"Coded local CL_OBS_STATUS_EDU_REPORT_LOCAL v2025-report; FINAL, PROVISIONAL."
"[""optimized_artifact"",""fields"",75,""codelist_id""]",codelist_id,string,CL_OBS_STATUS_EDU_REPORT_LOCAL
"[""optimized_artifact"",""fields"",75,""required""]",required,boolean,true
"[""optimized_artifact"",""fields"",75,""example""]",example,string,FINAL
"[""optimized_artifact"",""fields"",75,""source_standard""]",source_standard,string,Local holding list; SDMX CL_OBS_STATUS unresolved
"[""optimized_artifact"",""fields"",75,""source_url""]",source_url,string,example_03_education.pdf
"[""optimized_artifact"",""fields"",76]",76,object,
"[""optimized_artifact"",""fields"",76,""field_id""]",field_id,string,KF_EDU_LOWER_SECONDARY_COMPLETION.FREQ
"[""optimized_artifact"",""fields"",76,""name""]",name,string,Frequency
"[""optimized_artifact"",""fields"",76,""definition""]",definition,string,Frequency for lower-secondary completion-rate observations; annual semantics derivable but CL_FREQ code/version unconfirmed.
"[""optimized_artifact"",""fields"",76,""role""]",role,string,DIMENSION
"[""optimized_artifact"",""fields"",76,""representation""]",representation,string,Candidate CL_FREQ; unresolved annual.
"[""optimized_artifact"",""fields"",76,""codelist_id""]",codelist_id,string,CL_FREQ
"[""optimized_artifact"",""fields"",76,""required""]",required,boolean,true
"[""optimized_artifact"",""fields"",76,""example""]",example,string,UNRESOLVED_ANNUAL_CANDIDATE
"[""optimized_artifact"",""fields"",76,""source_standard""]",source_standard,string,SDMX CL_FREQ candidate
"[""optimized_artifact"",""fields"",76,""source_url""]",source_url,string,https://registry.sdmx.org/items/codelist.html
"[""optimized_artifact"",""fields"",77]",77,object,
"[""optimized_artifact"",""fields"",77,""field_id""]",field_id,string,KF_EDU_LOWER_SECONDARY_COMPLETION.WEALTH_QUINTILE
"[""optimized_artifact"",""fields"",77,""name""]",name,string,Wealth quintile
"[""optimized_artifact"",""fields"",77,""definition""]",definition,string,Survey-specific wealth quintile for lower-secondary completion-rate estimates.
"[""optimized_artifact"",""fields"",77,""role""]",role,string,DIMENSION
"[""optimized_artifact"",""fields"",77,""representation""]",representation,string,Coded local CL_WEALTH_QUINTILE_REPORT_LOCAL v2025-report.
"[""optimized_artifact"",""fields"",77,""codelist_id""]",codelist_id,string,CL_WEALTH_QUINTILE_REPORT_LOCAL
"[""optimized_artifact"",""fields"",77,""required""]",required,boolean,true
"[""optimized_artifact"",""fields"",77,""example""]",example,string,LOWEST_QUINTILE
"[""optimized_artifact"",""fields"",77,""source_standard""]",source_standard,string,Local survey-specific holding list
"[""optimized_artifact"",""fields"",77,""source_url""]",source_url,string,example_03_education.pdf
"[""optimized_artifact"",""fields"",78]",78,object,
"[""optimized_artifact"",""fields"",78,""field_id""]",field_id,string,KF_EDU_LOWER_SECONDARY_COMPLETION.SEX
"[""optimized_artifact"",""fields"",78,""name""]",name,string,Sex
"[""optimized_artifact"",""fields"",78,""definition""]",definition,string,Sex category for completion-rate observations; Total not approved for this structure.
"[""optimized_artifact"",""fields"",78,""role""]",role,string,DIMENSION
"[""optimized_artifact"",""fields"",78,""representation""]",representation,string,"Coded local CL_SEX_REPORT_LOCAL v2025-report; FEMALE, MALE."
"[""optimized_artifact"",""fields"",78,""codelist_id""]",codelist_id,string,CL_SEX_REPORT_LOCAL
"[""optimized_artifact"",""fields"",78,""required""]",required,boolean,true
"[""optimized_artifact"",""fields"",78,""example""]",example,string,FEMALE
"[""optimized_artifact"",""fields"",78,""source_standard""]",source_standard,string,Local holding list; SDMX CL_SEX unresolved
"[""optimized_artifact"",""fields"",78,""source_url""]",source_url,string,example_03_education.pdf
"[""optimized_artifact"",""fields"",79]",79,object,
"[""optimized_artifact"",""fields"",79,""field_id""]",field_id,string,KF_EDU_LOWER_SECONDARY_COMPLETION.TIME_PERIOD
"[""optimized_artifact"",""fields"",79,""name""]",name,string,Time period
"[""optimized_artifact"",""fields"",79,""definition""]",definition,string,Calendar year for lower-secondary completion-rate observations.
"[""optimized_artifact"",""fields"",79,""role""]",role,string,TIME
"[""optimized_artifact"",""fields"",79,""representation""]",representation,string,Gregorian year.
"[""optimized_artifact"",""fields"",79,""codelist_id""]",codelist_id,null,
"[""optimized_artifact"",""fields"",79,""required""]",required,boolean,true
"[""optimized_artifact"",""fields"",79,""example""]",example,string,2024
"[""optimized_artifact"",""fields"",79,""source_standard""]",source_standard,string,SDMX TIME_PERIOD candidate
"[""optimized_artifact"",""fields"",79,""source_url""]",source_url,string,example_03_education.pdf
"[""optimized_artifact"",""fields"",80]",80,object,
"[""optimized_artifact"",""fields"",80,""field_id""]",field_id,string,KF_EDU_LOWER_SECONDARY_COMPLETION.OBS_VALUE
"[""optimized_artifact"",""fields"",80,""name""]",name,string,Observation value
"[""optimized_artifact"",""fields"",80,""definition""]",definition,string,Completion-rate percentage for the relevant cohort completing lower-secondary education.
"[""optimized_artifact"",""fields"",80,""role""]",role,string,MEASURE
"[""optimized_artifact"",""fields"",80,""representation""]",representation,string,Numeric decimal; unit PERCENT.
"[""optimized_artifact"",""fields"",80,""codelist_id""]",codelist_id,null,
"[""optimized_artifact"",""fields"",80,""required""]",required,boolean,true
"[""optimized_artifact"",""fields"",80,""example""]",example,string,64.0
"[""optimized_artifact"",""fields"",80,""source_standard""]",source_standard,string,SDMX OBS_VALUE candidate
"[""optimized_artifact"",""fields"",80,""source_url""]",source_url,string,example_03_education.pdf
"[""optimized_artifact"",""fields"",81]",81,object,
"[""optimized_artifact"",""fields"",81,""field_id""]",field_id,string,KF_EDU_LOWER_SECONDARY_COMPLETION.UNIT_MEASURE
"[""optimized_artifact"",""fields"",81,""name""]",name,string,Unit of measure
"[""optimized_artifact"",""fields"",81,""definition""]",definition,string,Dataset-level unit for lower-secondary completion-rate observations.
"[""optimized_artifact"",""fields"",81,""role""]",role,string,ATTRIBUTE
"[""optimized_artifact"",""fields"",81,""representation""]",representation,string,Coded local CL_UNIT_MEASURE_EDU_REPORT_LOCAL v2025-report; PERCENT.
"[""optimized_artifact"",""fields"",81,""codelist_id""]",codelist_id,string,CL_UNIT_MEASURE_EDU_REPORT_LOCAL
"[""optimized_artifact"",""fields"",81,""required""]",required,boolean,true
"[""optimized_artifact"",""fields"",81,""example""]",example,string,PERCENT
"[""optimized_artifact"",""fields"",81,""source_standard""]",source_standard,string,Local holding list
"[""optimized_artifact"",""fields"",81,""source_url""]",source_url,string,example_03_education.pdf
"[""optimized_artifact"",""fields"",82]",82,object,
"[""optimized_artifact"",""fields"",82,""field_id""]",field_id,string,KF_EDU_LOWER_SECONDARY_COMPLETION.OBS_STATUS
"[""optimized_artifact"",""fields"",82,""name""]",name,string,Observation status
"[""optimized_artifact"",""fields"",82,""definition""]",definition,string,Status/estimation qualifier for completion-rate observations; source value is Modelled estimate.
"[""optimized_artifact"",""fields"",82,""role""]",role,string,ATTRIBUTE
"[""optimized_artifact"",""fields"",82,""representation""]",representation,string,Coded local CL_OBS_STATUS_EDU_REPORT_LOCAL v2025-report; MODELLED_ESTIMATE; possible future estimation-method metadata.
"[""optimized_artifact"",""fields"",82,""codelist_id""]",codelist_id,string,CL_OBS_STATUS_EDU_REPORT_LOCAL
"[""optimized_artifact"",""fields"",82,""required""]",required,boolean,true
"[""optimized_artifact"",""fields"",82,""example""]",example,string,MODELLED_ESTIMATE
"[""optimized_artifact"",""fields"",82,""source_standard""]",source_standard,string,Local holding list; SDMX OBS_STATUS or estimation-method metadata unresolved
"[""optimized_artifact"",""fields"",82,""source_url""]",source_url,string,example_03_education.pdf
"[""optimized_artifact"",""fields"",83]",83,object,
"[""optimized_artifact"",""fields"",83,""field_id""]",field_id,string,KF_AGR_CROP_AREA_PRODUCTION.FREQ
"[""optimized_artifact"",""fields"",83,""name""]",name,string,Frequency
"[""optimized_artifact"",""fields"",83,""definition""]",definition,string,Frequency for annual crop area and production observations.
"[""optimized_artifact"",""fields"",83,""role""]",role,string,DIMENSION
"[""optimized_artifact"",""fields"",83,""representation""]",representation,string,Candidate CL_FREQ; code A Annual review-required.
"[""optimized_artifact"",""fields"",83,""codelist_id""]",codelist_id,string,CL_FREQ
"[""optimized_artifact"",""fields"",83,""required""]",required,boolean,true
"[""optimized_artifact"",""fields"",83,""example""]",example,string,A
"[""optimized_artifact"",""fields"",83,""source_standard""]",source_standard,string,SDMX CL_FREQ candidate
"[""optimized_artifact"",""fields"",83,""source_url""]",source_url,string,https://registry.sdmx.org/items/codelist.html
"[""optimized_artifact"",""fields"",84]",84,object,
"[""optimized_artifact"",""fields"",84,""field_id""]",field_id,string,KF_AGR_CROP_AREA_PRODUCTION.REF_AREA
"[""optimized_artifact"",""fields"",84,""name""]",name,string,Reference area
"[""optimized_artifact"",""fields"",84,""definition""]",definition,string,Local agriculture region for crop observations.
"[""optimized_artifact"",""fields"",84,""role""]",role,string,DIMENSION
"[""optimized_artifact"",""fields"",84,""representation""]",representation,string,Coded local CL_AGRI_REGION_LOCAL v1.0.
"[""optimized_artifact"",""fields"",84,""codelist_id""]",codelist_id,string,CL_AGRI_REGION_LOCAL
"[""optimized_artifact"",""fields"",84,""required""]",required,boolean,true
"[""optimized_artifact"",""fields"",84,""example""]",example,string,NORTHLAND
"[""optimized_artifact"",""fields"",84,""source_standard""]",source_standard,string,Local codelist; UN M49 not confirmed
"[""optimized_artifact"",""fields"",84,""source_url""]",source_url,string,example_04_agriculture.pdf
"[""optimized_artifact"",""fields"",85]",85,object,
"[""optimized_artifact"",""fields"",85,""field_id""]",field_id,string,KF_AGR_CROP_AREA_PRODUCTION.CROP
"[""optimized_artifact"",""fields"",85,""name""]",name,string,Crop
"[""optimized_artifact"",""fields"",85,""definition""]",definition,string,Crop category for harvested area or production.
"[""optimized_artifact"",""fields"",85,""role""]",role,string,DIMENSION
"[""optimized_artifact"",""fields"",85,""representation""]",representation,string,Coded local CL_AGRI_CROP_LOCAL v1.0; external crop classification unresolved.
"[""optimized_artifact"",""fields"",85,""codelist_id""]",codelist_id,string,CL_AGRI_CROP_LOCAL
"[""optimized_artifact"",""fields"",85,""required""]",required,boolean,true
"[""optimized_artifact"",""fields"",85,""example""]",example,string,RICE
"[""optimized_artifact"",""fields"",85,""source_standard""]",source_standard,string,Local codelist pending crop/product review
"[""optimized_artifact"",""fields"",85,""source_url""]",source_url,string,example_04_agriculture.pdf
"[""optimized_artifact"",""fields"",86]",86,object,
"[""optimized_artifact"",""fields"",86,""field_id""]",field_id,string,KF_AGR_CROP_AREA_PRODUCTION.INDICATOR
"[""optimized_artifact"",""fields"",86,""name""]",name,string,Indicator
"[""optimized_artifact"",""fields"",86,""definition""]",definition,string,Crop statistical indicator normalising wide Area and Production columns.
"[""optimized_artifact"",""fields"",86,""role""]",role,string,DIMENSION
"[""optimized_artifact"",""fields"",86,""representation""]",representation,string,"Coded local CL_AGRI_MEASURE_LOCAL v1.0; HARVESTED_AREA, PRODUCTION."
"[""optimized_artifact"",""fields"",86,""codelist_id""]",codelist_id,string,CL_AGRI_MEASURE_LOCAL
"[""optimized_artifact"",""fields"",86,""required""]",required,boolean,true
"[""optimized_artifact"",""fields"",86,""example""]",example,string,HARVESTED_AREA
"[""optimized_artifact"",""fields"",86,""source_standard""]",source_standard,string,Local governed codelist
"[""optimized_artifact"",""fields"",86,""source_url""]",source_url,string,example_04_agriculture.pdf
"[""optimized_artifact"",""fields"",87]",87,object,
"[""optimized_artifact"",""fields"",87,""field_id""]",field_id,string,KF_AGR_CROP_AREA_PRODUCTION.TIME_PERIOD
"[""optimized_artifact"",""fields"",87,""name""]",name,string,Time period
"[""optimized_artifact"",""fields"",87,""definition""]",definition,string,Year for crop observations.
"[""optimized_artifact"",""fields"",87,""role""]",role,string,TIME
"[""optimized_artifact"",""fields"",87,""representation""]",representation,string,Gregorian year.
"[""optimized_artifact"",""fields"",87,""codelist_id""]",codelist_id,null,
"[""optimized_artifact"",""fields"",87,""required""]",required,boolean,true
"[""optimized_artifact"",""fields"",87,""example""]",example,string,2024
"[""optimized_artifact"",""fields"",87,""source_standard""]",source_standard,string,SDMX TIME_PERIOD candidate
"[""optimized_artifact"",""fields"",87,""source_url""]",source_url,string,example_04_agriculture.pdf
"[""optimized_artifact"",""fields"",88]",88,object,
"[""optimized_artifact"",""fields"",88,""field_id""]",field_id,string,KF_AGR_CROP_AREA_PRODUCTION.OBS_VALUE
"[""optimized_artifact"",""fields"",88,""name""]",name,string,Observation value
"[""optimized_artifact"",""fields"",88,""definition""]",definition,string,Numeric value for harvested area or production after wide-column normalisation.
"[""optimized_artifact"",""fields"",88,""role""]",role,string,MEASURE
"[""optimized_artifact"",""fields"",88,""representation""]",representation,string,Numeric decimal/integer; unit by UNIT_MEASURE.
"[""optimized_artifact"",""fields"",88,""codelist_id""]",codelist_id,null,
"[""optimized_artifact"",""fields"",88,""required""]",required,boolean,true
"[""optimized_artifact"",""fields"",88,""example""]",example,string,60388
"[""optimized_artifact"",""fields"",88,""source_standard""]",source_standard,string,SDMX OBS_VALUE candidate
"[""optimized_artifact"",""fields"",88,""source_url""]",source_url,string,example_04_agriculture.pdf
"[""optimized_artifact"",""fields"",89]",89,object,
"[""optimized_artifact"",""fields"",89,""field_id""]",field_id,string,KF_AGR_CROP_AREA_PRODUCTION.UNIT_MEASURE
"[""optimized_artifact"",""fields"",89,""name""]",name,string,Unit of measure
"[""optimized_artifact"",""fields"",89,""definition""]",definition,string,Unit for crop OBS_VALUE: hectares for harvested area or tonnes for production.
"[""optimized_artifact"",""fields"",89,""role""]",role,string,ATTRIBUTE
"[""optimized_artifact"",""fields"",89,""representation""]",representation,string,"Coded local CL_AGRI_UNIT_MEASURE_LOCAL v1.0; HECTARES, TONNES."
"[""optimized_artifact"",""fields"",89,""codelist_id""]",codelist_id,string,CL_AGRI_UNIT_MEASURE_LOCAL
"[""optimized_artifact"",""fields"",89,""required""]",required,boolean,true
"[""optimized_artifact"",""fields"",89,""example""]",example,string,HECTARES
"[""optimized_artifact"",""fields"",89,""source_standard""]",source_standard,string,Local unit codelist; authoritative unit-code mapping unresolved
"[""optimized_artifact"",""fields"",89,""source_url""]",source_url,string,example_04_agriculture.pdf
"[""optimized_artifact"",""fields"",90]",90,object,
"[""optimized_artifact"",""fields"",90,""field_id""]",field_id,string,KF_AGR_CROP_AREA_PRODUCTION.OBS_STATUS
"[""optimized_artifact"",""fields"",90,""name""]",name,string,Observation status
"[""optimized_artifact"",""fields"",90,""definition""]",definition,string,Status of crop observations: final or forecast.
"[""optimized_artifact"",""fields"",90,""role""]",role,string,ATTRIBUTE
"[""optimized_artifact"",""fields"",90,""representation""]",representation,string,"Coded local CL_AGRI_STATUS_LOCAL v1.0; FINAL, FORECAST; CL_OBS_STATUS unresolved."
"[""optimized_artifact"",""fields"",90,""codelist_id""]",codelist_id,string,CL_AGRI_STATUS_LOCAL
"[""optimized_artifact"",""fields"",90,""required""]",required,boolean,true
"[""optimized_artifact"",""fields"",90,""example""]",example,string,FORECAST
"[""optimized_artifact"",""fields"",90,""source_standard""]",source_standard,string,Local status codelist
"[""optimized_artifact"",""fields"",90,""source_url""]",source_url,string,example_04_agriculture.pdf
"[""optimized_artifact"",""fields"",91]",91,object,
"[""optimized_artifact"",""fields"",91,""field_id""]",field_id,string,KF_AGR_FERTILIZER_RETAIL_PRICE.FREQ
"[""optimized_artifact"",""fields"",91,""name""]",name,string,Frequency
"[""optimized_artifact"",""fields"",91,""definition""]",definition,string,Frequency for monthly fertilizer retail price observations.
"[""optimized_artifact"",""fields"",91,""role""]",role,string,DIMENSION
"[""optimized_artifact"",""fields"",91,""representation""]",representation,string,Candidate CL_FREQ; code M Monthly review-required.
"[""optimized_artifact"",""fields"",91,""codelist_id""]",codelist_id,string,CL_FREQ
"[""optimized_artifact"",""fields"",91,""required""]",required,boolean,true
"[""optimized_artifact"",""fields"",91,""example""]",example,string,M
"[""optimized_artifact"",""fields"",91,""source_standard""]",source_standard,string,SDMX CL_FREQ candidate
"[""optimized_artifact"",""fields"",91,""source_url""]",source_url,string,https://registry.sdmx.org/items/codelist.html
"[""optimized_artifact"",""fields"",92]",92,object,
"[""optimized_artifact"",""fields"",92,""field_id""]",field_id,string,KF_AGR_FERTILIZER_RETAIL_PRICE.PRODUCT
"[""optimized_artifact"",""fields"",92,""name""]",name,string,Product
"[""optimized_artifact"",""fields"",92,""definition""]",definition,string,Fertilizer local market product category for retail price.
"[""optimized_artifact"",""fields"",92,""role""]",role,string,DIMENSION
"[""optimized_artifact"",""fields"",92,""representation""]",representation,string,Coded local CL_AGRI_FERTILIZER_PRODUCT_LOCAL v1.0; CPC mapping unresolved.
"[""optimized_artifact"",""fields"",92,""codelist_id""]",codelist_id,string,CL_AGRI_FERTILIZER_PRODUCT_LOCAL
"[""optimized_artifact"",""fields"",92,""required""]",required,boolean,true
"[""optimized_artifact"",""fields"",92,""example""]",example,string,UREA
"[""optimized_artifact"",""fields"",92,""source_standard""]",source_standard,string,Local codelist; CPC/product mapping not verified
"[""optimized_artifact"",""fields"",92,""source_url""]",source_url,string,example_04_agriculture.pdf
"[""optimized_artifact"",""fields"",93]",93,object,
"[""optimized_artifact"",""fields"",93,""field_id""]",field_id,string,KF_AGR_FERTILIZER_RETAIL_PRICE.TIME_PERIOD
"[""optimized_artifact"",""fields"",93,""name""]",name,string,Time period
"[""optimized_artifact"",""fields"",93,""definition""]",definition,string,Month for fertilizer price observations.
"[""optimized_artifact"",""fields"",93,""role""]",role,string,TIME
"[""optimized_artifact"",""fields"",93,""representation""]",representation,string,Gregorian month YYYY-MM.
"[""optimized_artifact"",""fields"",93,""codelist_id""]",codelist_id,null,
"[""optimized_artifact"",""fields"",93,""required""]",required,boolean,true
"[""optimized_artifact"",""fields"",93,""example""]",example,string,2025-01
"[""optimized_artifact"",""fields"",93,""source_standard""]",source_standard,string,SDMX TIME_PERIOD candidate
"[""optimized_artifact"",""fields"",93,""source_url""]",source_url,string,example_04_agriculture.pdf
"[""optimized_artifact"",""fields"",94]",94,object,
"[""optimized_artifact"",""fields"",94,""field_id""]",field_id,string,KF_AGR_FERTILIZER_RETAIL_PRICE.OBS_VALUE
"[""optimized_artifact"",""fields"",94,""name""]",name,string,Observation value
"[""optimized_artifact"",""fields"",94,""definition""]",definition,string,Numeric fertilizer retail price.
"[""optimized_artifact"",""fields"",94,""role""]",role,string,MEASURE
"[""optimized_artifact"",""fields"",94,""representation""]",representation,string,Numeric decimal; unit LOCAL_CURRENCY_PER_50KG_BAG.
"[""optimized_artifact"",""fields"",94,""codelist_id""]",codelist_id,null,
"[""optimized_artifact"",""fields"",94,""required""]",required,boolean,true
"[""optimized_artifact"",""fields"",94,""example""]",example,string,313.28
"[""optimized_artifact"",""fields"",94,""source_standard""]",source_standard,string,SDMX OBS_VALUE candidate
"[""optimized_artifact"",""fields"",94,""source_url""]",source_url,string,example_04_agriculture.pdf
"[""optimized_artifact"",""fields"",95]",95,object,
"[""optimized_artifact"",""fields"",95,""field_id""]",field_id,string,KF_AGR_FERTILIZER_RETAIL_PRICE.UNIT_MEASURE
"[""optimized_artifact"",""fields"",95,""name""]",name,string,Unit of measure
"[""optimized_artifact"",""fields"",95,""definition""]",definition,string,Unit for fertilizer retail price observations; currency unnamed.
"[""optimized_artifact"",""fields"",95,""role""]",role,string,ATTRIBUTE
"[""optimized_artifact"",""fields"",95,""representation""]",representation,string,Coded local CL_AGRI_UNIT_MEASURE_LOCAL v1.0; LOCAL_CURRENCY_PER_50KG_BAG.
"[""optimized_artifact"",""fields"",95,""codelist_id""]",codelist_id,string,CL_AGRI_UNIT_MEASURE_LOCAL
"[""optimized_artifact"",""fields"",95,""required""]",required,boolean,true
"[""optimized_artifact"",""fields"",95,""example""]",example,string,LOCAL_CURRENCY_PER_50KG_BAG
"[""optimized_artifact"",""fields"",95,""source_standard""]",source_standard,string,Local unit codelist; ISO 4217 unresolved
"[""optimized_artifact"",""fields"",95,""source_url""]",source_url,string,example_04_agriculture.pdf
"[""optimized_artifact"",""fields"",96]",96,object,
"[""optimized_artifact"",""fields"",96,""field_id""]",field_id,string,KF_AGR_FERTILIZER_RETAIL_PRICE.OBS_STATUS
"[""optimized_artifact"",""fields"",96,""name""]",name,string,Observation status
"[""optimized_artifact"",""fields"",96,""definition""]",definition,string,Status/nature of fertilizer price observations.
"[""optimized_artifact"",""fields"",96,""role""]",role,string,ATTRIBUTE
"[""optimized_artifact"",""fields"",96,""representation""]",representation,string,Coded local CL_AGRI_STATUS_LOCAL v1.0; OBSERVED; CL_OBS_STATUS unresolved.
"[""optimized_artifact"",""fields"",96,""codelist_id""]",codelist_id,string,CL_AGRI_STATUS_LOCAL
"[""optimized_artifact"",""fields"",96,""required""]",required,boolean,true
"[""optimized_artifact"",""fields"",96,""example""]",example,string,OBSERVED
"[""optimized_artifact"",""fields"",96,""source_standard""]",source_standard,string,Local status codelist
"[""optimized_artifact"",""fields"",96,""source_url""]",source_url,string,example_04_agriculture.pdf
"[""optimized_artifact"",""fields"",97]",97,object,
"[""optimized_artifact"",""fields"",97,""field_id""]",field_id,string,KF_SYNTH_CPI_DIVISION_MONTHLY.FREQ
"[""optimized_artifact"",""fields"",97,""name""]",name,string,Frequency
"[""optimized_artifact"",""fields"",97,""definition""]",definition,string,Frequency for monthly CPI by consumption division.
"[""optimized_artifact"",""fields"",97,""role""]",role,string,DIMENSION
"[""optimized_artifact"",""fields"",97,""representation""]",representation,string,Candidate CL_FREQ; code M Monthly review-required.
"[""optimized_artifact"",""fields"",97,""codelist_id""]",codelist_id,string,CL_FREQ
"[""optimized_artifact"",""fields"",97,""required""]",required,boolean,true
"[""optimized_artifact"",""fields"",97,""example""]",example,string,M
"[""optimized_artifact"",""fields"",97,""source_standard""]",source_standard,string,SDMX CL_FREQ candidate
"[""optimized_artifact"",""fields"",97,""source_url""]",source_url,string,https://registry.sdmx.org/items/codelist.html
"[""optimized_artifact"",""fields"",98]",98,object,
"[""optimized_artifact"",""fields"",98,""field_id""]",field_id,string,KF_SYNTH_CPI_DIVISION_MONTHLY.CONSUMPTION_DIVISION
"[""optimized_artifact"",""fields"",98,""name""]",name,string,Consumption division
"[""optimized_artifact"",""fields"",98,""definition""]",definition,string,Consumption-purpose division for PDF CPI observations; resembles COICOP but revision unconfirmed.
"[""optimized_artifact"",""fields"",98,""role""]",role,string,DIMENSION
"[""optimized_artifact"",""fields"",98,""representation""]",representation,string,Coded local CL_LOCAL_CPI_DIVISION v1.0.
"[""optimized_artifact"",""fields"",98,""codelist_id""]",codelist_id,string,CL_LOCAL_CPI_DIVISION
"[""optimized_artifact"",""fields"",98,""required""]",required,boolean,true
"[""optimized_artifact"",""fields"",98,""example""]",example,string,FOOD_NAB
"[""optimized_artifact"",""fields"",98,""source_standard""]",source_standard,string,Local codelist; COICOP candidate unresolved
"[""optimized_artifact"",""fields"",98,""source_url""]",source_url,string,example_05_prices_consumption.pdf
"[""optimized_artifact"",""fields"",99]",99,object,
"[""optimized_artifact"",""fields"",99,""field_id""]",field_id,string,KF_SYNTH_CPI_DIVISION_MONTHLY.TIME_PERIOD
"[""optimized_artifact"",""fields"",99,""name""]",name,string,Time period
"[""optimized_artifact"",""fields"",99,""definition""]",definition,string,Monthly CPI observation period.
"[""optimized_artifact"",""fields"",99,""role""]",role,string,TIME
"[""optimized_artifact"",""fields"",99,""representation""]",representation,string,YYYY-MM.
"[""optimized_artifact"",""fields"",99,""codelist_id""]",codelist_id,null,
"[""optimized_artifact"",""fields"",99,""required""]",required,boolean,true
"[""optimized_artifact"",""fields"",99,""example""]",example,string,2025-01
"[""optimized_artifact"",""fields"",99,""source_standard""]",source_standard,string,SDMX TIME_PERIOD candidate
"[""optimized_artifact"",""fields"",99,""source_url""]",source_url,string,example_05_prices_consumption.pdf
"[""optimized_artifact"",""fields"",100]",100,object,
"[""optimized_artifact"",""fields"",100,""field_id""]",field_id,string,KF_SYNTH_CPI_DIVISION_MONTHLY.OBS_VALUE
"[""optimized_artifact"",""fields"",100,""name""]",name,string,Observation value
"[""optimized_artifact"",""fields"",100,""definition""]",definition,string,CPI index numeric value.
"[""optimized_artifact"",""fields"",100,""role""]",role,string,MEASURE
"[""optimized_artifact"",""fields"",100,""representation""]",representation,string,Numeric decimal.
"[""optimized_artifact"",""fields"",100,""codelist_id""]",codelist_id,null,
"[""optimized_artifact"",""fields"",100,""required""]",required,boolean,true
"[""optimized_artifact"",""fields"",100,""example""]",example,string,108.92
"[""optimized_artifact"",""fields"",100,""source_standard""]",source_standard,string,SDMX OBS_VALUE candidate
"[""optimized_artifact"",""fields"",100,""source_url""]",source_url,string,example_05_prices_consumption.pdf
"[""optimized_artifact"",""fields"",101]",101,object,
"[""optimized_artifact"",""fields"",101,""field_id""]",field_id,string,KF_SYNTH_CPI_DIVISION_MONTHLY.UNIT_MEASURE
"[""optimized_artifact"",""fields"",101,""name""]",name,string,Unit of measure
"[""optimized_artifact"",""fields"",101,""definition""]",definition,string,Unit for PDF CPI index observations.
"[""optimized_artifact"",""fields"",101,""role""]",role,string,ATTRIBUTE
"[""optimized_artifact"",""fields"",101,""representation""]",representation,string,Coded local CL_LOCAL_UNIT_MEASURE v1.0; IDX_2023_100.
"[""optimized_artifact"",""fields"",101,""codelist_id""]",codelist_id,string,CL_LOCAL_UNIT_MEASURE
"[""optimized_artifact"",""fields"",101,""required""]",required,boolean,true
"[""optimized_artifact"",""fields"",101,""example""]",example,string,IDX_2023_100
"[""optimized_artifact"",""fields"",101,""source_standard""]",source_standard,string,Local unit codelist
"[""optimized_artifact"",""fields"",101,""source_url""]",source_url,string,example_05_prices_consumption.pdf
"[""optimized_artifact"",""fields"",102]",102,object,
"[""optimized_artifact"",""fields"",102,""field_id""]",field_id,string,KF_SYNTH_CPI_DIVISION_MONTHLY.BASE_PERIOD
"[""optimized_artifact"",""fields"",102,""name""]",name,string,Base period
"[""optimized_artifact"",""fields"",102,""definition""]",definition,string,"Optional derived CPI qualifier embedded in unit string Index, 2023=100."
"[""optimized_artifact"",""fields"",102,""role""]",role,string,ATTRIBUTE
"[""optimized_artifact"",""fields"",102,""representation""]",representation,string,Uncoded string/time-period attribute; allowed 2023.
"[""optimized_artifact"",""fields"",102,""codelist_id""]",codelist_id,null,
"[""optimized_artifact"",""fields"",102,""required""]",required,boolean,false
"[""optimized_artifact"",""fields"",102,""example""]",example,string,2023
"[""optimized_artifact"",""fields"",102,""source_standard""]",source_standard,string,Local derived qualifier
"[""optimized_artifact"",""fields"",102,""source_url""]",source_url,string,example_05_prices_consumption.pdf
"[""optimized_artifact"",""fields"",103]",103,object,
"[""optimized_artifact"",""fields"",103,""field_id""]",field_id,string,KF_SYNTH_CPI_DIVISION_MONTHLY.OBS_STATUS
"[""optimized_artifact"",""fields"",103,""name""]",name,string,Observation status
"[""optimized_artifact"",""fields"",103,""definition""]",definition,string,PDF CPI release status as final or provisional.
"[""optimized_artifact"",""fields"",103,""role""]",role,string,ATTRIBUTE
"[""optimized_artifact"",""fields"",103,""representation""]",representation,string,"Coded local CL_LOCAL_REPORT_STATUS v1.0; FINAL, PROVISIONAL."
"[""optimized_artifact"",""fields"",103,""codelist_id""]",codelist_id,string,CL_LOCAL_REPORT_STATUS
"[""optimized_artifact"",""fields"",103,""required""]",required,boolean,true
"[""optimized_artifact"",""fields"",103,""example""]",example,string,FINAL
"[""optimized_artifact"",""fields"",103,""source_standard""]",source_standard,string,Local report-status codelist; CL_OBS_STATUS unresolved
"[""optimized_artifact"",""fields"",103,""source_url""]",source_url,string,example_05_prices_consumption.pdf
"[""optimized_artifact"",""fields"",104]",104,object,
"[""optimized_artifact"",""fields"",104,""field_id""]",field_id,string,KF_SYNTH_HH_SPENDING_RESIDENCE_QUINTILE_ANNUAL.FREQ
"[""optimized_artifact"",""fields"",104,""name""]",name,string,Frequency
"[""optimized_artifact"",""fields"",104,""definition""]",definition,string,Frequency for annual household spending by residence and expenditure quintile.
"[""optimized_artifact"",""fields"",104,""role""]",role,string,DIMENSION
"[""optimized_artifact"",""fields"",104,""representation""]",representation,string,Candidate CL_FREQ; code A Annual review-required.
"[""optimized_artifact"",""fields"",104,""codelist_id""]",codelist_id,string,CL_FREQ
"[""optimized_artifact"",""fields"",104,""required""]",required,boolean,true
"[""optimized_artifact"",""fields"",104,""example""]",example,string,A
"[""optimized_artifact"",""fields"",104,""source_standard""]",source_standard,string,SDMX CL_FREQ candidate
"[""optimized_artifact"",""fields"",104,""source_url""]",source_url,string,https://registry.sdmx.org/items/codelist.html
"[""optimized_artifact"",""fields"",105]",105,object,
"[""optimized_artifact"",""fields"",105,""field_id""]",field_id,string,KF_SYNTH_HH_SPENDING_RESIDENCE_QUINTILE_ANNUAL.RESIDENCE_TYPE
"[""optimized_artifact"",""fields"",105,""name""]",name,string,Residence type
"[""optimized_artifact"",""fields"",105,""definition""]",definition,string,Residence type category for household spending estimates.
"[""optimized_artifact"",""fields"",105,""role""]",role,string,DIMENSION
"[""optimized_artifact"",""fields"",105,""representation""]",representation,string,"Coded local CL_LOCAL_RESIDENCE v1.0; URBAN, RURAL."
"[""optimized_artifact"",""fields"",105,""codelist_id""]",codelist_id,string,CL_LOCAL_RESIDENCE
"[""optimized_artifact"",""fields"",105,""required""]",required,boolean,true
"[""optimized_artifact"",""fields"",105,""example""]",example,string,URBAN
"[""optimized_artifact"",""fields"",105,""source_standard""]",source_standard,string,Local codelist; standard urban/rural classification unresolved
"[""optimized_artifact"",""fields"",105,""source_url""]",source_url,string,example_05_prices_consumption.pdf
"[""optimized_artifact"",""fields"",106]",106,object,
"[""optimized_artifact"",""fields"",106,""field_id""]",field_id,string,KF_SYNTH_HH_SPENDING_RESIDENCE_QUINTILE_ANNUAL.EXPENDITURE_QUINTILE
"[""optimized_artifact"",""fields"",106,""name""]",name,string,Expenditure quintile
"[""optimized_artifact"",""fields"",106,""definition""]",definition,string,Survey-defined household expenditure quintile; only lowest and highest evidenced.
"[""optimized_artifact"",""fields"",106,""role""]",role,string,DIMENSION
"[""optimized_artifact"",""fields"",106,""representation""]",representation,string,"Coded local CL_LOCAL_EXPENDITURE_QUINTILE v1.0; LOWEST, HIGHEST."
"[""optimized_artifact"",""fields"",106,""codelist_id""]",codelist_id,string,CL_LOCAL_EXPENDITURE_QUINTILE
"[""optimized_artifact"",""fields"",106,""required""]",required,boolean,true
"[""optimized_artifact"",""fields"",106,""example""]",example,string,LOWEST
"[""optimized_artifact"",""fields"",106,""source_standard""]",source_standard,string,Local codelist
"[""optimized_artifact"",""fields"",106,""source_url""]",source_url,string,example_05_prices_consumption.pdf
"[""optimized_artifact"",""fields"",107]",107,object,
"[""optimized_artifact"",""fields"",107,""field_id""]",field_id,string,KF_SYNTH_HH_SPENDING_RESIDENCE_QUINTILE_ANNUAL.TIME_PERIOD
"[""optimized_artifact"",""fields"",107,""name""]",name,string,Time period
"[""optimized_artifact"",""fields"",107,""definition""]",definition,string,Annual household-spending observation period.
"[""optimized_artifact"",""fields"",107,""role""]",role,string,TIME
"[""optimized_artifact"",""fields"",107,""representation""]",representation,string,Gregorian year.
"[""optimized_artifact"",""fields"",107,""codelist_id""]",codelist_id,null,
"[""optimized_artifact"",""fields"",107,""required""]",required,boolean,true
"[""optimized_artifact"",""fields"",107,""example""]",example,string,2024
"[""optimized_artifact"",""fields"",107,""source_standard""]",source_standard,string,SDMX TIME_PERIOD candidate
"[""optimized_artifact"",""fields"",107,""source_url""]",source_url,string,example_05_prices_consumption.pdf
"[""optimized_artifact"",""fields"",108]",108,object,
"[""optimized_artifact"",""fields"",108,""field_id""]",field_id,string,KF_SYNTH_HH_SPENDING_RESIDENCE_QUINTILE_ANNUAL.OBS_VALUE
"[""optimized_artifact"",""fields"",108,""name""]",name,string,Observation value
"[""optimized_artifact"",""fields"",108,""definition""]",definition,string,Mean monthly consumption expenditure per household; comma thousands separators normalised.
"[""optimized_artifact"",""fields"",108,""role""]",role,string,MEASURE
"[""optimized_artifact"",""fields"",108,""representation""]",representation,string,Numeric decimal.
"[""optimized_artifact"",""fields"",108,""codelist_id""]",codelist_id,null,
"[""optimized_artifact"",""fields"",108,""required""]",required,boolean,true
"[""optimized_artifact"",""fields"",108,""example""]",example,string,7072
"[""optimized_artifact"",""fields"",108,""source_standard""]",source_standard,string,SDMX OBS_VALUE candidate
"[""optimized_artifact"",""fields"",108,""source_url""]",source_url,string,example_05_prices_consumption.pdf
"[""optimized_artifact"",""fields"",109]",109,object,
"[""optimized_artifact"",""fields"",109,""field_id""]",field_id,string,KF_SYNTH_HH_SPENDING_RESIDENCE_QUINTILE_ANNUAL.UNIT_MEASURE
"[""optimized_artifact"",""fields"",109,""name""]",name,string,Unit of measure
"[""optimized_artifact"",""fields"",109,""definition""]",definition,string,Unit for household spending values; currency unnamed.
"[""optimized_artifact"",""fields"",109,""role""]",role,string,ATTRIBUTE
"[""optimized_artifact"",""fields"",109,""representation""]",representation,string,Coded local CL_LOCAL_UNIT_MEASURE v1.0; LCU_PER_HH_PER_MONTH.
"[""optimized_artifact"",""fields"",109,""codelist_id""]",codelist_id,string,CL_LOCAL_UNIT_MEASURE
"[""optimized_artifact"",""fields"",109,""required""]",required,boolean,true
"[""optimized_artifact"",""fields"",109,""example""]",example,string,LCU_PER_HH_PER_MONTH
"[""optimized_artifact"",""fields"",109,""source_standard""]",source_standard,string,Local unit codelist; ISO 4217 unresolved
"[""optimized_artifact"",""fields"",109,""source_url""]",source_url,string,example_05_prices_consumption.pdf
"[""optimized_artifact"",""fields"",110]",110,object,
"[""optimized_artifact"",""fields"",110,""field_id""]",field_id,string,KF_SYNTH_HH_SPENDING_RESIDENCE_QUINTILE_ANNUAL.ESTIMATION_TYPE
"[""optimized_artifact"",""fields"",110,""name""]",name,string,Estimation type
"[""optimized_artifact"",""fields"",110,""definition""]",definition,string,Qualifier identifying household spending values as survey estimates; not an OBS_STATUS code.
"[""optimized_artifact"",""fields"",110,""role""]",role,string,ATTRIBUTE
"[""optimized_artifact"",""fields"",110,""representation""]",representation,string,Coded local CL_LOCAL_REPORT_STATUS v1.0; SURVEY_ESTIMATE.
"[""optimized_artifact"",""fields"",110,""codelist_id""]",codelist_id,string,CL_LOCAL_REPORT_STATUS
"[""optimized_artifact"",""fields"",110,""required""]",required,boolean,true
"[""optimized_artifact"",""fields"",110,""example""]",example,string,SURVEY_ESTIMATE
"[""optimized_artifact"",""fields"",110,""source_standard""]",source_standard,string,Local report-status codelist used as estimation-type qualifier
"[""optimized_artifact"",""fields"",110,""source_url""]",source_url,string,example_05_prices_consumption.pdf
"[""optimized_artifact"",""fields"",111]",111,object,
"[""optimized_artifact"",""fields"",111,""field_id""]",field_id,string,KF_SYNTH_HH_SPENDING_RESIDENCE_QUINTILE_ANNUAL.STAT_UNIT
"[""optimized_artifact"",""fields"",111,""name""]",name,string,Statistical unit
"[""optimized_artifact"",""fields"",111,""definition""]",definition,string,Entity about which household spending is measured: household.
"[""optimized_artifact"",""fields"",111,""role""]",role,string,ATTRIBUTE
"[""optimized_artifact"",""fields"",111,""representation""]",representation,string,Controlled string; household.
"[""optimized_artifact"",""fields"",111,""codelist_id""]",codelist_id,null,
"[""optimized_artifact"",""fields"",111,""required""]",required,boolean,false
"[""optimized_artifact"",""fields"",111,""example""]",example,string,household
"[""optimized_artifact"",""fields"",111,""source_standard""]",source_standard,string,Local report-derived attribute
"[""optimized_artifact"",""fields"",111,""source_url""]",source_url,string,example_05_prices_consumption.pdf
"[""optimized_artifact"",""source_value_mappings""]",source_value_mappings,array,
"[""optimized_artifact"",""source_value_mappings"",0]",0,object,
"[""optimized_artifact"",""source_value_mappings"",0,""source_value""]",source_value,string,DATA_STRUCTURE_ROUTING
"[""optimized_artifact"",""source_value_mappings"",0,""source_context""]",source_context,string,legacy template alias
"[""optimized_artifact"",""source_value_mappings"",0,""target_field""]",target_field,string,STRUCTURE_ID
"[""optimized_artifact"",""source_value_mappings"",0,""target_code""]",target_code,null,
"[""optimized_artifact"",""source_value_mappings"",0,""target_code_label""]",target_code_label,null,
"[""optimized_artifact"",""source_value_mappings"",0,""mapping_type""]",mapping_type,string,DERIVED
"[""optimized_artifact"",""source_value_mappings"",0,""target_standard""]",target_standard,string,Aggregate template control field
"[""optimized_artifact"",""source_value_mappings"",0,""notes""]",notes,string,Alias only; not an SDMX component.
"[""optimized_artifact"",""source_value_mappings"",0,""evidence_quote""]",evidence_quote,string,DATA_STRUCTURE_ROUTING
"[""optimized_artifact"",""source_value_mappings"",1]",1,object,
"[""optimized_artifact"",""source_value_mappings"",1,""source_value""]",source_value,string,SDMX_KEY_FAMILY
"[""optimized_artifact"",""source_value_mappings"",1,""source_context""]",source_context,string,legacy template alias
"[""optimized_artifact"",""source_value_mappings"",1,""target_field""]",target_field,string,STRUCTURE_ID
"[""optimized_artifact"",""source_value_mappings"",1,""target_code""]",target_code,null,
"[""optimized_artifact"",""source_value_mappings"",1,""target_code_label""]",target_code_label,null,
"[""optimized_artifact"",""source_value_mappings"",1,""mapping_type""]",mapping_type,string,DERIVED
"[""optimized_artifact"",""source_value_mappings"",1,""target_standard""]",target_standard,string,Aggregate template control field
"[""optimized_artifact"",""source_value_mappings"",1,""notes""]",notes,string,Alias only; not an SDMX component.
"[""optimized_artifact"",""source_value_mappings"",1,""evidence_quote""]",evidence_quote,string,SDMX_KEY_FAMILY
"[""optimized_artifact"",""source_value_mappings"",2]",2,object,
"[""optimized_artifact"",""source_value_mappings"",2,""source_value""]",source_value,string,DATAFLOW_OR_KEY_FAMILY
"[""optimized_artifact"",""source_value_mappings"",2,""source_context""]",source_context,string,legacy template alias
"[""optimized_artifact"",""source_value_mappings"",2,""target_field""]",target_field,string,STRUCTURE_ID
"[""optimized_artifact"",""source_value_mappings"",2,""target_code""]",target_code,null,
"[""optimized_artifact"",""source_value_mappings"",2,""target_code_label""]",target_code_label,null,
"[""optimized_artifact"",""source_value_mappings"",2,""mapping_type""]",mapping_type,string,DERIVED
"[""optimized_artifact"",""source_value_mappings"",2,""target_standard""]",target_standard,string,Aggregate template control field
"[""optimized_artifact"",""source_value_mappings"",2,""notes""]",notes,string,Alias only; not an SDMX component.
"[""optimized_artifact"",""source_value_mappings"",2,""evidence_quote""]",evidence_quote,string,DATAFLOW_OR_KEY_FAMILY
"[""optimized_artifact"",""source_value_mappings"",3]",3,object,
"[""optimized_artifact"",""source_value_mappings"",3,""source_value""]",source_value,string,PUBLISHER
"[""optimized_artifact"",""source_value_mappings"",3,""source_context""]",source_context,string,legacy metadata alias
"[""optimized_artifact"",""source_value_mappings"",3,""target_field""]",target_field,string,REPORT_METADATA.COMPILING_ORG
"[""optimized_artifact"",""source_value_mappings"",3,""target_code""]",target_code,null,
"[""optimized_artifact"",""source_value_mappings"",3,""target_code_label""]",target_code_label,null,
"[""optimized_artifact"",""source_value_mappings"",3,""mapping_type""]",mapping_type,string,DERIVED
"[""optimized_artifact"",""source_value_mappings"",3,""target_standard""]",target_standard,string,Aggregate metadata namespace alias
"[""optimized_artifact"",""source_value_mappings"",3,""notes""]",notes,string,Backward-compatible alias.
"[""optimized_artifact"",""source_value_mappings"",3,""evidence_quote""]",evidence_quote,string,PUBLISHER
"[""optimized_artifact"",""source_value_mappings"",4]",4,object,
"[""optimized_artifact"",""source_value_mappings"",4,""source_value""]",source_value,string,PUBLICATION_DATE
"[""optimized_artifact"",""source_value_mappings"",4,""source_context""]",source_context,string,legacy metadata alias
"[""optimized_artifact"",""source_value_mappings"",4,""target_field""]",target_field,string,REPORT_METADATA.PUBLICATION_DATE
"[""optimized_artifact"",""source_value_mappings"",4,""target_code""]",target_code,null,
"[""optimized_artifact"",""source_value_mappings"",4,""target_code_label""]",target_code_label,null,
"[""optimized_artifact"",""source_value_mappings"",4,""mapping_type""]",mapping_type,string,DERIVED
"[""optimized_artifact"",""source_value_mappings"",4,""target_standard""]",target_standard,string,Aggregate metadata namespace alias
"[""optimized_artifact"",""source_value_mappings"",4,""notes""]",notes,string,Backward-compatible alias.
"[""optimized_artifact"",""source_value_mappings"",4,""evidence_quote""]",evidence_quote,string,PUBLICATION_DATE
"[""optimized_artifact"",""source_value_mappings"",5]",5,object,
"[""optimized_artifact"",""source_value_mappings"",5,""source_value""]",source_value,string,METHODOLOGY
"[""optimized_artifact"",""source_value_mappings"",5,""source_context""]",source_context,string,legacy metadata alias
"[""optimized_artifact"",""source_value_mappings"",5,""target_field""]",target_field,string,REPORT_METADATA.METHODOLOGY
"[""optimized_artifact"",""source_value_mappings"",5,""target_code""]",target_code,null,
"[""optimized_artifact"",""source_value_mappings"",5,""target_code_label""]",target_code_label,null,
"[""optimized_artifact"",""source_value_mappings"",5,""mapping_type""]",mapping_type,string,DERIVED
"[""optimized_artifact"",""source_value_mappings"",5,""target_standard""]",target_standard,string,Aggregate metadata namespace alias
"[""optimized_artifact"",""source_value_mappings"",5,""notes""]",notes,string,Backward-compatible alias.
"[""optimized_artifact"",""source_value_mappings"",5,""evidence_quote""]",evidence_quote,string,METHODOLOGY
"[""optimized_artifact"",""source_value_mappings"",6]",6,object,
"[""optimized_artifact"",""source_value_mappings"",6,""source_value""]",source_value,string,SOURCE
"[""optimized_artifact"",""source_value_mappings"",6,""source_context""]",source_context,string,legacy metadata alias
"[""optimized_artifact"",""source_value_mappings"",6,""target_field""]",target_field,string,REPORT_METADATA.SOURCE_DATA
"[""optimized_artifact"",""source_value_mappings"",6,""target_code""]",target_code,null,
"[""optimized_artifact"",""source_value_mappings"",6,""target_code_label""]",target_code_label,null,
"[""optimized_artifact"",""source_value_mappings"",6,""mapping_type""]",mapping_type,string,DERIVED
"[""optimized_artifact"",""source_value_mappings"",6,""target_standard""]",target_standard,string,Aggregate metadata namespace alias
"[""optimized_artifact"",""source_value_mappings"",6,""notes""]",notes,string,"Covers SOURCE, SOURCE_DATA and SOURCE_DESCRIPTION labels."
"[""optimized_artifact"",""source_value_mappings"",6,""evidence_quote""]",evidence_quote,string,SOURCE
"[""optimized_artifact"",""source_value_mappings"",7]",7,object,
"[""optimized_artifact"",""source_value_mappings"",7,""source_value""]",source_value,string,SOURCE_DATA
"[""optimized_artifact"",""source_value_mappings"",7,""source_context""]",source_context,string,legacy metadata alias
"[""optimized_artifact"",""source_value_mappings"",7,""target_field""]",target_field,string,REPORT_METADATA.SOURCE_DATA
"[""optimized_artifact"",""source_value_mappings"",7,""target_code""]",target_code,null,
"[""optimized_artifact"",""source_value_mappings"",7,""target_code_label""]",target_code_label,null,
"[""optimized_artifact"",""source_value_mappings"",7,""mapping_type""]",mapping_type,string,DERIVED
"[""optimized_artifact"",""source_value_mappings"",7,""target_standard""]",target_standard,string,Aggregate metadata namespace alias
"[""optimized_artifact"",""source_value_mappings"",7,""notes""]",notes,string,Backward-compatible alias.
"[""optimized_artifact"",""source_value_mappings"",7,""evidence_quote""]",evidence_quote,string,SOURCE_DATA
"[""optimized_artifact"",""source_value_mappings"",8]",8,object,
"[""optimized_artifact"",""source_value_mappings"",8,""source_value""]",source_value,string,SOURCE_DESCRIPTION
"[""optimized_artifact"",""source_value_mappings"",8,""source_context""]",source_context,string,legacy metadata alias
"[""optimized_artifact"",""source_value_mappings"",8,""target_field""]",target_field,string,REPORT_METADATA.SOURCE_DATA
"[""optimized_artifact"",""source_value_mappings"",8,""target_code""]",target_code,null,
"[""optimized_artifact"",""source_value_mappings"",8,""target_code_label""]",target_code_label,null,
"[""optimized_artifact"",""source_value_mappings"",8,""mapping_type""]",mapping_type,string,DERIVED
"[""optimized_artifact"",""source_value_mappings"",8,""target_standard""]",target_standard,string,Aggregate metadata namespace alias
"[""optimized_artifact"",""source_value_mappings"",8,""notes""]",notes,string,Backward-compatible alias.
"[""optimized_artifact"",""source_value_mappings"",8,""evidence_quote""]",evidence_quote,string,SOURCE_DESCRIPTION
"[""optimized_artifact"",""source_value_mappings"",9]",9,object,
"[""optimized_artifact"",""source_value_mappings"",9,""source_value""]",source_value,string,STAT_CONCEPT_DEF
"[""optimized_artifact"",""source_value_mappings"",9,""source_context""]",source_context,string,legacy metadata alias
"[""optimized_artifact"",""source_value_mappings"",9,""target_field""]",target_field,string,REPORT_METADATA.STAT_CONCEPT_DEF
"[""optimized_artifact"",""source_value_mappings"",9,""target_code""]",target_code,null,
"[""optimized_artifact"",""source_value_mappings"",9,""target_code_label""]",target_code_label,null,
"[""optimized_artifact"",""source_value_mappings"",9,""mapping_type""]",mapping_type,string,DERIVED
"[""optimized_artifact"",""source_value_mappings"",9,""target_standard""]",target_standard,string,Aggregate metadata namespace alias
"[""optimized_artifact"",""source_value_mappings"",9,""notes""]",notes,string,Backward-compatible alias.
"[""optimized_artifact"",""source_value_mappings"",9,""evidence_quote""]",evidence_quote,string,STAT_CONCEPT_DEF
"[""optimized_artifact"",""source_value_mappings"",10]",10,object,
"[""optimized_artifact"",""source_value_mappings"",10,""source_value""]",source_value,string,LIMITATIONS
"[""optimized_artifact"",""source_value_mappings"",10,""source_context""]",source_context,string,legacy metadata alias
"[""optimized_artifact"",""source_value_mappings"",10,""target_field""]",target_field,string,REPORT_METADATA.LIMITATIONS
"[""optimized_artifact"",""source_value_mappings"",10,""target_code""]",target_code,null,
"[""optimized_artifact"",""source_value_mappings"",10,""target_code_label""]",target_code_label,null,
"[""optimized_artifact"",""source_value_mappings"",10,""mapping_type""]",mapping_type,string,DERIVED
"[""optimized_artifact"",""source_value_mappings"",10,""target_standard""]",target_standard,string,Aggregate metadata namespace alias
"[""optimized_artifact"",""source_value_mappings"",10,""notes""]",notes,string,Backward-compatible alias.
"[""optimized_artifact"",""source_value_mappings"",10,""evidence_quote""]",evidence_quote,string,LIMITATIONS
"[""optimized_artifact"",""source_value_mappings"",11]",11,object,
"[""optimized_artifact"",""source_value_mappings"",11,""source_value""]",source_value,string,CAVEATS_LIMITATIONS
"[""optimized_artifact"",""source_value_mappings"",11,""source_context""]",source_context,string,legacy metadata alias
"[""optimized_artifact"",""source_value_mappings"",11,""target_field""]",target_field,string,REPORT_METADATA.LIMITATIONS
"[""optimized_artifact"",""source_value_mappings"",11,""target_code""]",target_code,null,
"[""optimized_artifact"",""source_value_mappings"",11,""target_code_label""]",target_code_label,null,
"[""optimized_artifact"",""source_value_mappings"",11,""mapping_type""]",mapping_type,string,DERIVED
"[""optimized_artifact"",""source_value_mappings"",11,""target_standard""]",target_standard,string,Aggregate metadata namespace alias
"[""optimized_artifact"",""source_value_mappings"",11,""notes""]",notes,string,Backward-compatible alias.
"[""optimized_artifact"",""source_value_mappings"",11,""evidence_quote""]",evidence_quote,string,CAVEATS_LIMITATIONS
"[""optimized_artifact"",""source_value_mappings"",12]",12,object,
"[""optimized_artifact"",""source_value_mappings"",12,""source_value""]",source_value,string,DATA_REV
"[""optimized_artifact"",""source_value_mappings"",12,""source_context""]",source_context,string,legacy metadata alias
"[""optimized_artifact"",""source_value_mappings"",12,""target_field""]",target_field,string,REPORT_METADATA.DATA_REV
"[""optimized_artifact"",""source_value_mappings"",12,""target_code""]",target_code,null,
"[""optimized_artifact"",""source_value_mappings"",12,""target_code_label""]",target_code_label,null,
"[""optimized_artifact"",""source_value_mappings"",12,""mapping_type""]",mapping_type,string,DERIVED
"[""optimized_artifact"",""source_value_mappings"",12,""target_standard""]",target_standard,string,Aggregate metadata namespace alias
"[""optimized_artifact"",""source_value_mappings"",12,""notes""]",notes,string,Backward-compatible alias.
"[""optimized_artifact"",""source_value_mappings"",12,""evidence_quote""]",evidence_quote,string,DATA_REV
"[""optimized_artifact"",""source_value_mappings"",13]",13,object,
"[""optimized_artifact"",""source_value_mappings"",13,""source_value""]",source_value,string,REVISION_POLICY
"[""optimized_artifact"",""source_value_mappings"",13,""source_context""]",source_context,string,legacy metadata alias
"[""optimized_artifact"",""source_value_mappings"",13,""target_field""]",target_field,string,REPORT_METADATA.DATA_REV
"[""optimized_artifact"",""source_value_mappings"",13,""target_code""]",target_code,null,
"[""optimized_artifact"",""source_value_mappings"",13,""target_code_label""]",target_code_label,null,
"[""optimized_artifact"",""source_value_mappings"",13,""mapping_type""]",mapping_type,string,DERIVED
"[""optimized_artifact"",""source_value_mappings"",13,""target_standard""]",target_standard,string,Aggregate metadata namespace alias
"[""optimized_artifact"",""source_value_mappings"",13,""notes""]",notes,string,Backward-compatible alias.
"[""optimized_artifact"",""source_value_mappings"",13,""evidence_quote""]",evidence_quote,string,REVISION_POLICY
"[""optimized_artifact"",""source_value_mappings"",14]",14,object,
"[""optimized_artifact"",""source_value_mappings"",14,""source_value""]",source_value,string,CONF
"[""optimized_artifact"",""source_value_mappings"",14,""source_context""]",source_context,string,legacy metadata alias
"[""optimized_artifact"",""source_value_mappings"",14,""target_field""]",target_field,string,REPORT_METADATA.CONF
"[""optimized_artifact"",""source_value_mappings"",14,""target_code""]",target_code,null,
"[""optimized_artifact"",""source_value_mappings"",14,""target_code_label""]",target_code_label,null,
"[""optimized_artifact"",""source_value_mappings"",14,""mapping_type""]",mapping_type,string,DERIVED
"[""optimized_artifact"",""source_value_mappings"",14,""target_standard""]",target_standard,string,Aggregate metadata namespace alias
"[""optimized_artifact"",""source_value_mappings"",14,""notes""]",notes,string,Backward-compatible alias.
"[""optimized_artifact"",""source_value_mappings"",14,""evidence_quote""]",evidence_quote,string,CONF
"[""optimized_artifact"",""source_value_mappings"",15]",15,object,
"[""optimized_artifact"",""source_value_mappings"",15,""source_value""]",source_value,string,CONFIDENTIALITY
"[""optimized_artifact"",""source_value_mappings"",15,""source_context""]",source_context,string,legacy metadata alias
"[""optimized_artifact"",""source_value_mappings"",15,""target_field""]",target_field,string,REPORT_METADATA.CONF
"[""optimized_artifact"",""source_value_mappings"",15,""target_code""]",target_code,null,
"[""optimized_artifact"",""source_value_mappings"",15,""target_code_label""]",target_code_label,null,
"[""optimized_artifact"",""source_value_mappings"",15,""mapping_type""]",mapping_type,string,DERIVED
"[""optimized_artifact"",""source_value_mappings"",15,""target_standard""]",target_standard,string,Aggregate metadata namespace alias
"[""optimized_artifact"",""source_value_mappings"",15,""notes""]",notes,string,Backward-compatible alias.
"[""optimized_artifact"",""source_value_mappings"",15,""evidence_quote""]",evidence_quote,string,CONFIDENTIALITY
"[""optimized_artifact"",""source_value_mappings"",16]",16,object,
"[""optimized_artifact"",""source_value_mappings"",16,""source_value""]",source_value,string,SOURCE_URL
"[""optimized_artifact"",""source_value_mappings"",16,""source_context""]",source_context,string,legacy metadata alias
"[""optimized_artifact"",""source_value_mappings"",16,""target_field""]",target_field,string,REPORT_METADATA.SOURCE_URL
"[""optimized_artifact"",""source_value_mappings"",16,""target_code""]",target_code,null,
"[""optimized_artifact"",""source_value_mappings"",16,""target_code_label""]",target_code_label,null,
"[""optimized_artifact"",""source_value_mappings"",16,""mapping_type""]",mapping_type,string,DERIVED
"[""optimized_artifact"",""source_value_mappings"",16,""target_standard""]",target_standard,string,Aggregate metadata namespace alias
"[""optimized_artifact"",""source_value_mappings"",16,""notes""]",notes,string,Backward-compatible alias.
"[""optimized_artifact"",""source_value_mappings"",16,""evidence_quote""]",evidence_quote,string,SOURCE_URL
"[""optimized_artifact"",""source_value_mappings"",17]",17,object,
"[""optimized_artifact"",""source_value_mappings"",17,""source_value""]",source_value,string,01_sdmx_20_population_full_case.xml
"[""optimized_artifact"",""source_value_mappings"",17,""source_context""]",source_context,string,XML source routing
"[""optimized_artifact"",""source_value_mappings"",17,""target_field""]",target_field,string,STRUCTURE_ID
"[""optimized_artifact"",""source_value_mappings"",17,""target_code""]",target_code,string,KF_POPULATION
"[""optimized_artifact"",""source_value_mappings"",17,""target_code_label""]",target_code_label,string,Population XML structure
"[""optimized_artifact"",""source_value_mappings"",17,""mapping_type""]",mapping_type,string,DERIVED
"[""optimized_artifact"",""source_value_mappings"",17,""target_standard""]",target_standard,string,Local aggregate template routing identifier
"[""optimized_artifact"",""source_value_mappings"",17,""notes""]",notes,string,Mechanically imported XML content.
"[""optimized_artifact"",""source_value_mappings"",17,""evidence_quote""]",evidence_quote,string,Mechanically converted from XML; no AI interpretation was used.
"[""optimized_artifact"",""source_value_mappings"",18]",18,object,
"[""optimized_artifact"",""source_value_mappings"",18,""source_value""]",source_value,string,02_sdmx_20_consumer_prices_full_case.xml
"[""optimized_artifact"",""source_value_mappings"",18,""source_context""]",source_context,string,XML source routing
"[""optimized_artifact"",""source_value_mappings"",18,""target_field""]",target_field,string,STRUCTURE_ID
"[""optimized_artifact"",""source_value_mappings"",18,""target_code""]",target_code,string,KF_XML_CPI
"[""optimized_artifact"",""source_value_mappings"",18,""target_code_label""]",target_code_label,string,Consumer-prices XML structure
"[""optimized_artifact"",""source_value_mappings"",18,""mapping_type""]",mapping_type,string,DERIVED
"[""optimized_artifact"",""source_value_mappings"",18,""target_standard""]",target_standard,string,Local aggregate template routing identifier
"[""optimized_artifact"",""source_value_mappings"",18,""notes""]",notes,string,Mechanically imported XML content; not the PDF prices structure.
"[""optimized_artifact"",""source_value_mappings"",18,""evidence_quote""]",evidence_quote,string,Mechanically converted from XML; no AI interpretation was used.
"[""optimized_artifact"",""source_value_mappings"",19]",19,object,
"[""optimized_artifact"",""source_value_mappings"",19,""source_value""]",source_value,string,03_sdmx_21_labour_market_full_case.xml
"[""optimized_artifact"",""source_value_mappings"",19,""source_context""]",source_context,string,XML source routing
"[""optimized_artifact"",""source_value_mappings"",19,""target_field""]",target_field,string,STRUCTURE_ID
"[""optimized_artifact"",""source_value_mappings"",19,""target_code""]",target_code,string,KF_XML_LABOUR_MARKET
"[""optimized_artifact"",""source_value_mappings"",19,""target_code_label""]",target_code_label,string,Labour-market XML structure
"[""optimized_artifact"",""source_value_mappings"",19,""mapping_type""]",mapping_type,string,DERIVED
"[""optimized_artifact"",""source_value_mappings"",19,""target_standard""]",target_standard,string,Local aggregate template routing identifier
"[""optimized_artifact"",""source_value_mappings"",19,""notes""]",notes,string,Mechanically imported XML content; not the PDF labour structures.
"[""optimized_artifact"",""source_value_mappings"",19,""evidence_quote""]",evidence_quote,string,Mechanically converted from XML; no AI interpretation was used.
"[""optimized_artifact"",""source_value_mappings"",20]",20,object,
"[""optimized_artifact"",""source_value_mappings"",20,""source_value""]",source_value,string,04_sdmx_21_external_trade_full_case.xml
"[""optimized_artifact"",""source_value_mappings"",20,""source_context""]",source_context,string,XML source routing
"[""optimized_artifact"",""source_value_mappings"",20,""target_field""]",target_field,string,STRUCTURE_ID
"[""optimized_artifact"",""source_value_mappings"",20,""target_code""]",target_code,string,KF_XML_EXTERNAL_TRADE
"[""optimized_artifact"",""source_value_mappings"",20,""target_code_label""]",target_code_label,string,External-trade XML structure
"[""optimized_artifact"",""source_value_mappings"",20,""mapping_type""]",mapping_type,string,DERIVED
"[""optimized_artifact"",""source_value_mappings"",20,""target_standard""]",target_standard,string,Local aggregate template routing identifier
"[""optimized_artifact"",""source_value_mappings"",20,""notes""]",notes,string,Mechanically imported XML content.
"[""optimized_artifact"",""source_value_mappings"",20,""evidence_quote""]",evidence_quote,string,Mechanically converted from XML; no AI interpretation was used.
"[""optimized_artifact"",""source_value_mappings"",21]",21,object,
"[""optimized_artifact"",""source_value_mappings"",21,""source_value""]",source_value,string,Country
"[""optimized_artifact"",""source_value_mappings"",21,""source_context""]",source_context,string,01 XML FieldMappings
"[""optimized_artifact"",""source_value_mappings"",21,""target_field""]",target_field,string,KF_POPULATION.REF_AREA
"[""optimized_artifact"",""source_value_mappings"",21,""target_code""]",target_code,null,
"[""optimized_artifact"",""source_value_mappings"",21,""target_code_label""]",target_code_label,null,
"[""optimized_artifact"",""source_value_mappings"",21,""mapping_type""]",mapping_type,string,EXACT
"[""optimized_artifact"",""source_value_mappings"",21,""target_standard""]",target_standard,string,Accepted XML codebook field
"[""optimized_artifact"",""source_value_mappings"",21,""notes""]",notes,string,Mechanically imported field mapping.
"[""optimized_artifact"",""source_value_mappings"",21,""evidence_quote""]",evidence_quote,string,Country
"[""optimized_artifact"",""source_value_mappings"",22]",22,object,
"[""optimized_artifact"",""source_value_mappings"",22,""source_value""]",source_value,string,Measure
"[""optimized_artifact"",""source_value_mappings"",22,""source_context""]",source_context,string,01 XML FieldMappings
"[""optimized_artifact"",""source_value_mappings"",22,""target_field""]",target_field,string,KF_POPULATION.INDICATOR
"[""optimized_artifact"",""source_value_mappings"",22,""target_code""]",target_code,null,
"[""optimized_artifact"",""source_value_mappings"",22,""target_code_label""]",target_code_label,null,
"[""optimized_artifact"",""source_value_mappings"",22,""mapping_type""]",mapping_type,string,EXACT
"[""optimized_artifact"",""source_value_mappings"",22,""target_standard""]",target_standard,string,Accepted XML codebook field
"[""optimized_artifact"",""source_value_mappings"",22,""notes""]",notes,string,Mechanically imported field mapping restored.
"[""optimized_artifact"",""source_value_mappings"",22,""evidence_quote""]",evidence_quote,string,Measure
"[""optimized_artifact"",""source_value_mappings"",23]",23,object,
"[""optimized_artifact"",""source_value_mappings"",23,""source_value""]",source_value,string,Age
"[""optimized_artifact"",""source_value_mappings"",23,""source_context""]",source_context,string,01 XML FieldMappings
"[""optimized_artifact"",""source_value_mappings"",23,""target_field""]",target_field,string,KF_POPULATION.AGE_GROUP
"[""optimized_artifact"",""source_value_mappings"",23,""target_code""]",target_code,null,
"[""optimized_artifact"",""source_value_mappings"",23,""target_code_label""]",target_code_label,null,
"[""optimized_artifact"",""source_value_mappings"",23,""mapping_type""]",mapping_type,string,EXACT
"[""optimized_artifact"",""source_value_mappings"",23,""target_standard""]",target_standard,string,Accepted XML codebook field
"[""optimized_artifact"",""source_value_mappings"",23,""notes""]",notes,string,Mechanically imported field mapping restored.
"[""optimized_artifact"",""source_value_mappings"",23,""evidence_quote""]",evidence_quote,string,Age
"[""optimized_artifact"",""source_value_mappings"",24]",24,object,
"[""optimized_artifact"",""source_value_mappings"",24,""source_value""]",source_value,string,Year
"[""optimized_artifact"",""source_value_mappings"",24,""source_context""]",source_context,string,01 XML FieldMappings
"[""optimized_artifact"",""source_value_mappings"",24,""target_field""]",target_field,string,KF_POPULATION.TIME_PERIOD
"[""optimized_artifact"",""source_value_mappings"",24,""target_code""]",target_code,null,
"[""optimized_artifact"",""source_value_mappings"",24,""target_code_label""]",target_code_label,null,
"[""optimized_artifact"",""source_value_mappings"",24,""mapping_type""]",mapping_type,string,EXACT
"[""optimized_artifact"",""source_value_mappings"",24,""target_standard""]",target_standard,string,Accepted XML codebook field
"[""optimized_artifact"",""source_value_mappings"",24,""notes""]",notes,string,Mechanically imported field mapping restored.
"[""optimized_artifact"",""source_value_mappings"",24,""evidence_quote""]",evidence_quote,string,Year
"[""optimized_artifact"",""source_value_mappings"",25]",25,object,
"[""optimized_artifact"",""source_value_mappings"",25,""source_value""]",source_value,string,Value
"[""optimized_artifact"",""source_value_mappings"",25,""source_context""]",source_context,string,01 XML FieldMappings
"[""optimized_artifact"",""source_value_mappings"",25,""target_field""]",target_field,string,KF_POPULATION.OBS_VALUE
"[""optimized_artifact"",""source_value_mappings"",25,""target_code""]",target_code,null,
"[""optimized_artifact"",""source_value_mappings"",25,""target_code_label""]",target_code_label,null,
"[""optimized_artifact"",""source_value_mappings"",25,""mapping_type""]",mapping_type,string,EXACT
"[""optimized_artifact"",""source_value_mappings"",25,""target_standard""]",target_standard,string,Accepted XML codebook field
"[""optimized_artifact"",""source_value_mappings"",25,""notes""]",notes,string,Mechanically imported field mapping restored.
"[""optimized_artifact"",""source_value_mappings"",25,""evidence_quote""]",evidence_quote,string,Value
"[""optimized_artifact"",""source_value_mappings"",26]",26,object,
"[""optimized_artifact"",""source_value_mappings"",26,""source_value""]",source_value,string,Unit
"[""optimized_artifact"",""source_value_mappings"",26,""source_context""]",source_context,string,01 XML FieldMappings
"[""optimized_artifact"",""source_value_mappings"",26,""target_field""]",target_field,string,KF_POPULATION.UNIT_MEASURE
"[""optimized_artifact"",""source_value_mappings"",26,""target_code""]",target_code,null,
"[""optimized_artifact"",""source_value_mappings"",26,""target_code_label""]",target_code_label,null,
"[""optimized_artifact"",""source_value_mappings"",26,""mapping_type""]",mapping_type,string,EXACT
"[""optimized_artifact"",""source_value_mappings"",26,""target_standard""]",target_standard,string,Accepted XML codebook field
"[""optimized_artifact"",""source_value_mappings"",26,""notes""]",notes,string,Mechanically imported field mapping restored.
"[""optimized_artifact"",""source_value_mappings"",26,""evidence_quote""]",evidence_quote,string,Unit
"[""optimized_artifact"",""source_value_mappings"",27]",27,object,
"[""optimized_artifact"",""source_value_mappings"",27,""source_value""]",source_value,string,"Korea, Republic of"
"[""optimized_artifact"",""source_value_mappings"",27,""source_context""]",source_context,string,01 XML REF_AREA value
"[""optimized_artifact"",""source_value_mappings"",27,""target_field""]",target_field,string,KF_POPULATION.REF_AREA
"[""optimized_artifact"",""source_value_mappings"",27,""target_code""]",target_code,string,KR
"[""optimized_artifact"",""source_value_mappings"",27,""target_code_label""]",target_code_label,string,"Korea, Republic of"
"[""optimized_artifact"",""source_value_mappings"",27,""mapping_type""]",mapping_type,string,EXACT
"[""optimized_artifact"",""source_value_mappings"",27,""target_standard""]",target_standard,string,CL_POP_REF_AREA
"[""optimized_artifact"",""source_value_mappings"",27,""notes""]",notes,string,Mechanically imported value mapping.
"[""optimized_artifact"",""source_value_mappings"",27,""evidence_quote""]",evidence_quote,string,"Korea, Republic of"
"[""optimized_artifact"",""source_value_mappings"",28]",28,object,
"[""optimized_artifact"",""source_value_mappings"",28,""source_value""]",source_value,string,Japan
"[""optimized_artifact"",""source_value_mappings"",28,""source_context""]",source_context,string,01 XML REF_AREA value
"[""optimized_artifact"",""source_value_mappings"",28,""target_field""]",target_field,string,KF_POPULATION.REF_AREA
"[""optimized_artifact"",""source_value_mappings"",28,""target_code""]",target_code,string,JP
"[""optimized_artifact"",""source_value_mappings"",28,""target_code_label""]",target_code_label,string,Japan
"[""optimized_artifact"",""source_value_mappings"",28,""mapping_type""]",mapping_type,string,EXACT
"[""optimized_artifact"",""source_value_mappings"",28,""target_standard""]",target_standard,string,CL_POP_REF_AREA
"[""optimized_artifact"",""source_value_mappings"",28,""notes""]",notes,string,Mechanically imported value mapping.
"[""optimized_artifact"",""source_value_mappings"",28,""evidence_quote""]",evidence_quote,string,Japan
"[""optimized_artifact"",""source_value_mappings"",29]",29,object,
"[""optimized_artifact"",""source_value_mappings"",29,""source_value""]",source_value,string,United States
"[""optimized_artifact"",""source_value_mappings"",29,""source_context""]",source_context,string,01 XML REF_AREA value
"[""optimized_artifact"",""source_value_mappings"",29,""target_field""]",target_field,string,KF_POPULATION.REF_AREA
"[""optimized_artifact"",""source_value_mappings"",29,""target_code""]",target_code,string,US
"[""optimized_artifact"",""source_value_mappings"",29,""target_code_label""]",target_code_label,string,United States
"[""optimized_artifact"",""source_value_mappings"",29,""mapping_type""]",mapping_type,string,EXACT
"[""optimized_artifact"",""source_value_mappings"",29,""target_standard""]",target_standard,string,CL_POP_REF_AREA
"[""optimized_artifact"",""source_value_mappings"",29,""notes""]",notes,string,Mechanically imported value mapping.
"[""optimized_artifact"",""source_value_mappings"",29,""evidence_quote""]",evidence_quote,string,United States
"[""optimized_artifact"",""source_value_mappings"",30]",30,object,
"[""optimized_artifact"",""source_value_mappings"",30,""source_value""]",source_value,string,Total population
"[""optimized_artifact"",""source_value_mappings"",30,""source_context""]",source_context,string,01 XML INDICATOR value
"[""optimized_artifact"",""source_value_mappings"",30,""target_field""]",target_field,string,KF_POPULATION.INDICATOR
"[""optimized_artifact"",""source_value_mappings"",30,""target_code""]",target_code,string,POP_TOTAL
"[""optimized_artifact"",""source_value_mappings"",30,""target_code_label""]",target_code_label,string,Total population
"[""optimized_artifact"",""source_value_mappings"",30,""mapping_type""]",mapping_type,string,EXACT
"[""optimized_artifact"",""source_value_mappings"",30,""target_standard""]",target_standard,string,CL_POP_INDICATOR
"[""optimized_artifact"",""source_value_mappings"",30,""notes""]",notes,string,Mechanically imported value mapping.
"[""optimized_artifact"",""source_value_mappings"",30,""evidence_quote""]",evidence_quote,string,Total population
"[""optimized_artifact"",""source_value_mappings"",31]",31,object,
"[""optimized_artifact"",""source_value_mappings"",31,""source_value""]",source_value,string,Population growth rate
"[""optimized_artifact"",""source_value_mappings"",31,""source_context""]",source_context,string,01 XML INDICATOR value
"[""optimized_artifact"",""source_value_mappings"",31,""target_field""]",target_field,string,KF_POPULATION.INDICATOR
"[""optimized_artifact"",""source_value_mappings"",31,""target_code""]",target_code,string,POP_GROWTH
"[""optimized_artifact"",""source_value_mappings"",31,""target_code_label""]",target_code_label,string,Population growth rate
"[""optimized_artifact"",""source_value_mappings"",31,""mapping_type""]",mapping_type,string,EXACT
"[""optimized_artifact"",""source_value_mappings"",31,""target_standard""]",target_standard,string,CL_POP_INDICATOR
"[""optimized_artifact"",""source_value_mappings"",31,""notes""]",notes,string,Mechanically imported value mapping.
"[""optimized_artifact"",""source_value_mappings"",31,""evidence_quote""]",evidence_quote,string,Population growth rate
"[""optimized_artifact"",""source_value_mappings"",32]",32,object,
"[""optimized_artifact"",""source_value_mappings"",32,""source_value""]",source_value,string,All ages
"[""optimized_artifact"",""source_value_mappings"",32,""source_context""]",source_context,string,01 XML AGE_GROUP value
"[""optimized_artifact"",""source_value_mappings"",32,""target_field""]",target_field,string,KF_POPULATION.AGE_GROUP
"[""optimized_artifact"",""source_value_mappings"",32,""target_code""]",target_code,string,ALL
"[""optimized_artifact"",""source_value_mappings"",32,""target_code_label""]",target_code_label,string,All ages
"[""optimized_artifact"",""source_value_mappings"",32,""mapping_type""]",mapping_type,string,EXACT
"[""optimized_artifact"",""source_value_mappings"",32,""target_standard""]",target_standard,string,CL_POP_AGE_GROUP
"[""optimized_artifact"",""source_value_mappings"",32,""notes""]",notes,string,Mechanically imported value mapping.
"[""optimized_artifact"",""source_value_mappings"",32,""evidence_quote""]",evidence_quote,string,All ages
"[""optimized_artifact"",""source_value_mappings"",33]",33,object,
"[""optimized_artifact"",""source_value_mappings"",33,""source_value""]",source_value,string,0–14 years
"[""optimized_artifact"",""source_value_mappings"",33,""source_context""]",source_context,string,01 XML AGE_GROUP value
"[""optimized_artifact"",""source_value_mappings"",33,""target_field""]",target_field,string,KF_POPULATION.AGE_GROUP
"[""optimized_artifact"",""source_value_mappings"",33,""target_code""]",target_code,string,Y0T14
"[""optimized_artifact"",""source_value_mappings"",33,""target_code_label""]",target_code_label,string,0–14 years
"[""optimized_artifact"",""source_value_mappings"",33,""mapping_type""]",mapping_type,string,EXACT
"[""optimized_artifact"",""source_value_mappings"",33,""target_standard""]",target_standard,string,CL_POP_AGE_GROUP
"[""optimized_artifact"",""source_value_mappings"",33,""notes""]",notes,string,Mechanically imported value mapping.
"[""optimized_artifact"",""source_value_mappings"",33,""evidence_quote""]",evidence_quote,string,0–14 years
"[""optimized_artifact"",""source_value_mappings"",34]",34,object,
"[""optimized_artifact"",""source_value_mappings"",34,""source_value""]",source_value,string,15–64 years
"[""optimized_artifact"",""source_value_mappings"",34,""source_context""]",source_context,string,01 XML AGE_GROUP value
"[""optimized_artifact"",""source_value_mappings"",34,""target_field""]",target_field,string,KF_POPULATION.AGE_GROUP
"[""optimized_artifact"",""source_value_mappings"",34,""target_code""]",target_code,string,Y15T64
"[""optimized_artifact"",""source_value_mappings"",34,""target_code_label""]",target_code_label,string,15–64 years
"[""optimized_artifact"",""source_value_mappings"",34,""mapping_type""]",mapping_type,string,EXACT
"[""optimized_artifact"",""source_value_mappings"",34,""target_standard""]",target_standard,string,CL_POP_AGE_GROUP
"[""optimized_artifact"",""source_value_mappings"",34,""notes""]",notes,string,Mechanically imported value mapping.
"[""optimized_artifact"",""source_value_mappings"",34,""evidence_quote""]",evidence_quote,string,15–64 years
"[""optimized_artifact"",""source_value_mappings"",35]",35,object,
"[""optimized_artifact"",""source_value_mappings"",35,""source_value""]",source_value,string,65 years and over
"[""optimized_artifact"",""source_value_mappings"",35,""source_context""]",source_context,string,01 XML AGE_GROUP value
"[""optimized_artifact"",""source_value_mappings"",35,""target_field""]",target_field,string,KF_POPULATION.AGE_GROUP
"[""optimized_artifact"",""source_value_mappings"",35,""target_code""]",target_code,string,Y_GE65
"[""optimized_artifact"",""source_value_mappings"",35,""target_code_label""]",target_code_label,string,65 years and over
"[""optimized_artifact"",""source_value_mappings"",35,""mapping_type""]",mapping_type,string,EXACT
"[""optimized_artifact"",""source_value_mappings"",35,""target_standard""]",target_standard,string,CL_POP_AGE_GROUP
"[""optimized_artifact"",""source_value_mappings"",35,""notes""]",notes,string,Mechanically imported value mapping.
"[""optimized_artifact"",""source_value_mappings"",35,""evidence_quote""]",evidence_quote,string,65 years and over
"[""optimized_artifact"",""source_value_mappings"",36]",36,object,
"[""optimized_artifact"",""source_value_mappings"",36,""source_value""]",source_value,string,Data source
"[""optimized_artifact"",""source_value_mappings"",36,""source_context""]",source_context,string,01 XML MetadataMappings
"[""optimized_artifact"",""source_value_mappings"",36,""target_field""]",target_field,string,REPORT_METADATA.SOURCE_DATA
"[""optimized_artifact"",""source_value_mappings"",36,""target_code""]",target_code,null,
"[""optimized_artifact"",""source_value_mappings"",36,""target_code_label""]",target_code_label,null,
"[""optimized_artifact"",""source_value_mappings"",36,""mapping_type""]",mapping_type,string,EXACT
"[""optimized_artifact"",""source_value_mappings"",36,""target_standard""]",target_standard,string,MSD_POP / aggregate metadata handoff
"[""optimized_artifact"",""source_value_mappings"",36,""notes""]",notes,string,Legacy XML target SOURCE normalised to REPORT_METADATA.SOURCE_DATA.
"[""optimized_artifact"",""source_value_mappings"",36,""evidence_quote""]",evidence_quote,string,Data source
"[""optimized_artifact"",""source_value_mappings"",37]",37,object,
"[""optimized_artifact"",""source_value_mappings"",37,""source_value""]",source_value,string,Methodological notes
"[""optimized_artifact"",""source_value_mappings"",37,""source_context""]",source_context,string,01 XML MetadataMappings
"[""optimized_artifact"",""source_value_mappings"",37,""target_field""]",target_field,string,REPORT_METADATA.METHODOLOGY
"[""optimized_artifact"",""source_value_mappings"",37,""target_code""]",target_code,null,
"[""optimized_artifact"",""source_value_mappings"",37,""target_code_label""]",target_code_label,null,
"[""optimized_artifact"",""source_value_mappings"",37,""mapping_type""]",mapping_type,string,EXACT
"[""optimized_artifact"",""source_value_mappings"",37,""target_standard""]",target_standard,string,MSD_POP / aggregate metadata handoff
"[""optimized_artifact"",""source_value_mappings"",37,""notes""]",notes,string,Mechanically imported metadata mapping.
"[""optimized_artifact"",""source_value_mappings"",37,""evidence_quote""]",evidence_quote,string,Methodological notes
"[""optimized_artifact"",""source_value_mappings"",38]",38,object,
"[""optimized_artifact"",""source_value_mappings"",38,""source_value""]",source_value,string,Source URL
"[""optimized_artifact"",""source_value_mappings"",38,""source_context""]",source_context,string,01 XML MetadataMappings
"[""optimized_artifact"",""source_value_mappings"",38,""target_field""]",target_field,string,REPORT_METADATA.SOURCE_URL
"[""optimized_artifact"",""source_value_mappings"",38,""target_code""]",target_code,null,
"[""optimized_artifact"",""source_value_mappings"",38,""target_code_label""]",target_code_label,null,
"[""optimized_artifact"",""source_value_mappings"",38,""mapping_type""]",mapping_type,string,EXACT
"[""optimized_artifact"",""source_value_mappings"",38,""target_standard""]",target_standard,string,MSD_POP / aggregate metadata handoff
"[""optimized_artifact"",""source_value_mappings"",38,""notes""]",notes,string,Mechanically imported metadata mapping.
"[""optimized_artifact"",""source_value_mappings"",38,""evidence_quote""]",evidence_quote,string,Source URL
"[""optimized_artifact"",""source_value_mappings"",39]",39,object,
"[""optimized_artifact"",""source_value_mappings"",39,""source_value""]",source_value,string,Area
"[""optimized_artifact"",""source_value_mappings"",39,""source_context""]",source_context,string,02 XML FieldMappings
"[""optimized_artifact"",""source_value_mappings"",39,""target_field""]",target_field,string,KF_XML_CPI.REF_AREA
"[""optimized_artifact"",""source_value_mappings"",39,""target_code""]",target_code,null,
"[""optimized_artifact"",""source_value_mappings"",39,""target_code_label""]",target_code_label,null,
"[""optimized_artifact"",""source_value_mappings"",39,""mapping_type""]",mapping_type,string,EXACT
"[""optimized_artifact"",""source_value_mappings"",39,""target_standard""]",target_standard,string,Accepted XML codebook field
"[""optimized_artifact"",""source_value_mappings"",39,""notes""]",notes,string,Mechanically imported field mapping.
"[""optimized_artifact"",""source_value_mappings"",39,""evidence_quote""]",evidence_quote,string,Area
"[""optimized_artifact"",""source_value_mappings"",40]",40,object,
"[""optimized_artifact"",""source_value_mappings"",40,""source_value""]",source_value,string,Series
"[""optimized_artifact"",""source_value_mappings"",40,""source_context""]",source_context,string,02 XML FieldMappings
"[""optimized_artifact"",""source_value_mappings"",40,""target_field""]",target_field,string,KF_XML_CPI.INDICATOR
"[""optimized_artifact"",""source_value_mappings"",40,""target_code""]",target_code,null,
"[""optimized_artifact"",""source_value_mappings"",40,""target_code_label""]",target_code_label,null,
"[""optimized_artifact"",""source_value_mappings"",40,""mapping_type""]",mapping_type,string,EXACT
"[""optimized_artifact"",""source_value_mappings"",40,""target_standard""]",target_standard,string,Accepted XML codebook field
"[""optimized_artifact"",""source_value_mappings"",40,""notes""]",notes,string,Mechanically imported field mapping.
"[""optimized_artifact"",""source_value_mappings"",40,""evidence_quote""]",evidence_quote,string,Series
"[""optimized_artifact"",""source_value_mappings"",41]",41,object,
"[""optimized_artifact"",""source_value_mappings"",41,""source_value""]",source_value,string,Product
"[""optimized_artifact"",""source_value_mappings"",41,""source_context""]",source_context,string,02 XML FieldMappings
"[""optimized_artifact"",""source_value_mappings"",41,""target_field""]",target_field,string,KF_XML_CPI.PRODUCT_GROUP
"[""optimized_artifact"",""source_value_mappings"",41,""target_code""]",target_code,null,
"[""optimized_artifact"",""source_value_mappings"",41,""target_code_label""]",target_code_label,null,
"[""optimized_artifact"",""source_value_mappings"",41,""mapping_type""]",mapping_type,string,EXACT
"[""optimized_artifact"",""source_value_mappings"",41,""target_standard""]",target_standard,string,Accepted XML codebook field
"[""optimized_artifact"",""source_value_mappings"",41,""notes""]",notes,string,Mechanically imported field mapping.
"[""optimized_artifact"",""source_value_mappings"",41,""evidence_quote""]",evidence_quote,string,Product
"[""optimized_artifact"",""source_value_mappings"",42]",42,object,
"[""optimized_artifact"",""source_value_mappings"",42,""source_value""]",source_value,string,Month
"[""optimized_artifact"",""source_value_mappings"",42,""source_context""]",source_context,string,02 XML FieldMappings
"[""optimized_artifact"",""source_value_mappings"",42,""target_field""]",target_field,string,KF_XML_CPI.TIME_PERIOD
"[""optimized_artifact"",""source_value_mappings"",42,""target_code""]",target_code,null,
"[""optimized_artifact"",""source_value_mappings"",42,""target_code_label""]",target_code_label,null,
"[""optimized_artifact"",""source_value_mappings"",42,""mapping_type""]",mapping_type,string,EXACT
"[""optimized_artifact"",""source_value_mappings"",42,""target_standard""]",target_standard,string,Accepted XML codebook field
"[""optimized_artifact"",""source_value_mappings"",42,""notes""]",notes,string,Mechanically imported field mapping.
"[""optimized_artifact"",""source_value_mappings"",42,""evidence_quote""]",evidence_quote,string,Month
"[""optimized_artifact"",""source_value_mappings"",43]",43,object,
"[""optimized_artifact"",""source_value_mappings"",43,""source_value""]",source_value,string,Observation
"[""optimized_artifact"",""source_value_mappings"",43,""source_context""]",source_context,string,02 XML FieldMappings
"[""optimized_artifact"",""source_value_mappings"",43,""target_field""]",target_field,string,KF_XML_CPI.OBS_VALUE
"[""optimized_artifact"",""source_value_mappings"",43,""target_code""]",target_code,null,
"[""optimized_artifact"",""source_value_mappings"",43,""target_code_label""]",target_code_label,null,
"[""optimized_artifact"",""source_value_mappings"",43,""mapping_type""]",mapping_type,string,EXACT
"[""optimized_artifact"",""source_value_mappings"",43,""target_standard""]",target_standard,string,Accepted XML codebook field
"[""optimized_artifact"",""source_value_mappings"",43,""notes""]",notes,string,Mechanically imported field mapping.
"[""optimized_artifact"",""source_value_mappings"",43,""evidence_quote""]",evidence_quote,string,Observation
"[""optimized_artifact"",""source_value_mappings"",44]",44,object,
"[""optimized_artifact"",""source_value_mappings"",44,""source_value""]",source_value,string,Unit
"[""optimized_artifact"",""source_value_mappings"",44,""source_context""]",source_context,string,02 XML FieldMappings
"[""optimized_artifact"",""source_value_mappings"",44,""target_field""]",target_field,string,KF_XML_CPI.UNIT_MEASURE
"[""optimized_artifact"",""source_value_mappings"",44,""target_code""]",target_code,null,
"[""optimized_artifact"",""source_value_mappings"",44,""target_code_label""]",target_code_label,null,
"[""optimized_artifact"",""source_value_mappings"",44,""mapping_type""]",mapping_type,string,EXACT
"[""optimized_artifact"",""source_value_mappings"",44,""target_standard""]",target_standard,string,Accepted XML codebook field
"[""optimized_artifact"",""source_value_mappings"",44,""notes""]",notes,string,Inspector-required mapping preserved.
"[""optimized_artifact"",""source_value_mappings"",44,""evidence_quote""]",evidence_quote,string,Unit
"[""optimized_artifact"",""source_value_mappings"",45]",45,object,
"[""optimized_artifact"",""source_value_mappings"",45,""source_value""]",source_value,string,"Korea, Republic of"
"[""optimized_artifact"",""source_value_mappings"",45,""source_context""]",source_context,string,02 XML REF_AREA value
"[""optimized_artifact"",""source_value_mappings"",45,""target_field""]",target_field,string,KF_XML_CPI.REF_AREA
"[""optimized_artifact"",""source_value_mappings"",45,""target_code""]",target_code,string,KR
"[""optimized_artifact"",""source_value_mappings"",45,""target_code_label""]",target_code_label,string,"Korea, Republic of"
"[""optimized_artifact"",""source_value_mappings"",45,""mapping_type""]",mapping_type,string,EXACT
"[""optimized_artifact"",""source_value_mappings"",45,""target_standard""]",target_standard,string,CL_CPI_REF_AREA
"[""optimized_artifact"",""source_value_mappings"",45,""notes""]",notes,string,Mechanically imported value mapping.
"[""optimized_artifact"",""source_value_mappings"",45,""evidence_quote""]",evidence_quote,string,"Korea, Republic of"
"[""optimized_artifact"",""source_value_mappings"",46]",46,object,
"[""optimized_artifact"",""source_value_mappings"",46,""source_value""]",source_value,string,Japan
"[""optimized_artifact"",""source_value_mappings"",46,""source_context""]",source_context,string,02 XML REF_AREA value
"[""optimized_artifact"",""source_value_mappings"",46,""target_field""]",target_field,string,KF_XML_CPI.REF_AREA
"[""optimized_artifact"",""source_value_mappings"",46,""target_code""]",target_code,string,JP
"[""optimized_artifact"",""source_value_mappings"",46,""target_code_label""]",target_code_label,string,Japan
"[""optimized_artifact"",""source_value_mappings"",46,""mapping_type""]",mapping_type,string,EXACT
"[""optimized_artifact"",""source_value_mappings"",46,""target_standard""]",target_standard,string,CL_CPI_REF_AREA
"[""optimized_artifact"",""source_value_mappings"",46,""notes""]",notes,string,Mechanically imported value mapping.
"[""optimized_artifact"",""source_value_mappings"",46,""evidence_quote""]",evidence_quote,string,Japan
"[""optimized_artifact"",""source_value_mappings"",47]",47,object,
"[""optimized_artifact"",""source_value_mappings"",47,""source_value""]",source_value,string,United States
"[""optimized_artifact"",""source_value_mappings"",47,""source_context""]",source_context,string,02 XML REF_AREA value
"[""optimized_artifact"",""source_value_mappings"",47,""target_field""]",target_field,string,KF_XML_CPI.REF_AREA
"[""optimized_artifact"",""source_value_mappings"",47,""target_code""]",target_code,string,US
"[""optimized_artifact"",""source_value_mappings"",47,""target_code_label""]",target_code_label,string,United States
"[""optimized_artifact"",""source_value_mappings"",47,""mapping_type""]",mapping_type,string,EXACT
"[""optimized_artifact"",""source_value_mappings"",47,""target_standard""]",target_standard,string,CL_CPI_REF_AREA
"[""optimized_artifact"",""source_value_mappings"",47,""notes""]",notes,string,Mechanically imported value mapping.
"[""optimized_artifact"",""source_value_mappings"",47,""evidence_quote""]",evidence_quote,string,United States
"[""optimized_artifact"",""source_value_mappings"",48]",48,object,
"[""optimized_artifact"",""source_value_mappings"",48,""source_value""]",source_value,string,Consumer price index
"[""optimized_artifact"",""source_value_mappings"",48,""source_context""]",source_context,string,02 XML INDICATOR value
"[""optimized_artifact"",""source_value_mappings"",48,""target_field""]",target_field,string,KF_XML_CPI.INDICATOR
"[""optimized_artifact"",""source_value_mappings"",48,""target_code""]",target_code,string,CPI_INDEX
"[""optimized_artifact"",""source_value_mappings"",48,""target_code_label""]",target_code_label,string,Consumer price index
"[""optimized_artifact"",""source_value_mappings"",48,""mapping_type""]",mapping_type,string,EXACT
"[""optimized_artifact"",""source_value_mappings"",48,""target_standard""]",target_standard,string,CL_CPI_INDICATOR
"[""optimized_artifact"",""source_value_mappings"",48,""notes""]",notes,string,Mechanically imported value mapping.
"[""optimized_artifact"",""source_value_mappings"",48,""evidence_quote""]",evidence_quote,string,Consumer price index
"[""optimized_artifact"",""source_value_mappings"",49]",49,object,
"[""optimized_artifact"",""source_value_mappings"",49,""source_value""]",source_value,string,Year-on-year CPI change
"[""optimized_artifact"",""source_value_mappings"",49,""source_context""]",source_context,string,02 XML INDICATOR value
"[""optimized_artifact"",""source_value_mappings"",49,""target_field""]",target_field,string,KF_XML_CPI.INDICATOR
"[""optimized_artifact"",""source_value_mappings"",49,""target_code""]",target_code,string,CPI_YOY
"[""optimized_artifact"",""source_value_mappings"",49,""target_code_label""]",target_code_label,string,Year-on-year CPI change
"[""optimized_artifact"",""source_value_mappings"",49,""mapping_type""]",mapping_type,string,EXACT
"[""optimized_artifact"",""source_value_mappings"",49,""target_standard""]",target_standard,string,CL_CPI_INDICATOR
"[""optimized_artifact"",""source_value_mappings"",49,""notes""]",notes,string,Mechanically imported value mapping.
"[""optimized_artifact"",""source_value_mappings"",49,""evidence_quote""]",evidence_quote,string,Year-on-year CPI change
"[""optimized_artifact"",""source_value_mappings"",50]",50,object,
"[""optimized_artifact"",""source_value_mappings"",50,""source_value""]",source_value,string,All-items CPI
"[""optimized_artifact"",""source_value_mappings"",50,""source_context""]",source_context,string,02 XML PRODUCT_GROUP value
"[""optimized_artifact"",""source_value_mappings"",50,""target_field""]",target_field,string,KF_XML_CPI.PRODUCT_GROUP
"[""optimized_artifact"",""source_value_mappings"",50,""target_code""]",target_code,string,ALL
"[""optimized_artifact"",""source_value_mappings"",50,""target_code_label""]",target_code_label,string,All-items CPI
"[""optimized_artifact"",""source_value_mappings"",50,""mapping_type""]",mapping_type,string,EXACT
"[""optimized_artifact"",""source_value_mappings"",50,""target_standard""]",target_standard,string,CL_CPI_PRODUCT_GROUP
"[""optimized_artifact"",""source_value_mappings"",50,""notes""]",notes,string,Mechanically imported value mapping.
"[""optimized_artifact"",""source_value_mappings"",50,""evidence_quote""]",evidence_quote,string,All-items CPI
"[""optimized_artifact"",""source_value_mappings"",51]",51,object,
"[""optimized_artifact"",""source_value_mappings"",51,""source_value""]",source_value,string,Food and non-alcoholic beverages
"[""optimized_artifact"",""source_value_mappings"",51,""source_context""]",source_context,string,02 XML PRODUCT_GROUP value
"[""optimized_artifact"",""source_value_mappings"",51,""target_field""]",target_field,string,KF_XML_CPI.PRODUCT_GROUP
"[""optimized_artifact"",""source_value_mappings"",51,""target_code""]",target_code,string,FOOD
"[""optimized_artifact"",""source_value_mappings"",51,""target_code_label""]",target_code_label,string,Food and non-alcoholic beverages
"[""optimized_artifact"",""source_value_mappings"",51,""mapping_type""]",mapping_type,string,EXACT
"[""optimized_artifact"",""source_value_mappings"",51,""target_standard""]",target_standard,string,CL_CPI_PRODUCT_GROUP
"[""optimized_artifact"",""source_value_mappings"",51,""notes""]",notes,string,XML product group; not merged with PDF FOOD_NAB.
"[""optimized_artifact"",""source_value_mappings"",51,""evidence_quote""]",evidence_quote,string,Food and non-alcoholic beverages
"[""optimized_artifact"",""source_value_mappings"",52]",52,object,
"[""optimized_artifact"",""source_value_mappings"",52,""source_value""]",source_value,string,Housing and utilities
"[""optimized_artifact"",""source_value_mappings"",52,""source_context""]",source_context,string,02 XML PRODUCT_GROUP value
"[""optimized_artifact"",""source_value_mappings"",52,""target_field""]",target_field,string,KF_XML_CPI.PRODUCT_GROUP
"[""optimized_artifact"",""source_value_mappings"",52,""target_code""]",target_code,string,HOUSING
"[""optimized_artifact"",""source_value_mappings"",52,""target_code_label""]",target_code_label,string,Housing and utilities
"[""optimized_artifact"",""source_value_mappings"",52,""mapping_type""]",mapping_type,string,EXACT
"[""optimized_artifact"",""source_value_mappings"",52,""target_standard""]",target_standard,string,CL_CPI_PRODUCT_GROUP
"[""optimized_artifact"",""source_value_mappings"",52,""notes""]",notes,string,XML product group; not merged with PDF HOUS_UTIL.
"[""optimized_artifact"",""source_value_mappings"",52,""evidence_quote""]",evidence_quote,string,Housing and utilities
"[""optimized_artifact"",""source_value_mappings"",53]",53,object,
"[""optimized_artifact"",""source_value_mappings"",53,""source_value""]",source_value,string,Data source
"[""optimized_artifact"",""source_value_mappings"",53,""source_context""]",source_context,string,02 XML MetadataMappings
"[""optimized_artifact"",""source_value_mappings"",53,""target_field""]",target_field,string,REPORT_METADATA.SOURCE_DATA
"[""optimized_artifact"",""source_value_mappings"",53,""target_code""]",target_code,null,
"[""optimized_artifact"",""source_value_mappings"",53,""target_code_label""]",target_code_label,null,
"[""optimized_artifact"",""source_value_mappings"",53,""mapping_type""]",mapping_type,string,EXACT
"[""optimized_artifact"",""source_value_mappings"",53,""target_standard""]",target_standard,string,MSD_CPI / aggregate metadata handoff
"[""optimized_artifact"",""source_value_mappings"",53,""notes""]",notes,string,Legacy XML target SOURCE normalised to REPORT_METADATA.SOURCE_DATA.
"[""optimized_artifact"",""source_value_mappings"",53,""evidence_quote""]",evidence_quote,string,Data source
"[""optimized_artifact"",""source_value_mappings"",54]",54,object,
"[""optimized_artifact"",""source_value_mappings"",54,""source_value""]",source_value,string,Methodological notes
"[""optimized_artifact"",""source_value_mappings"",54,""source_context""]",source_context,string,02 XML MetadataMappings
"[""optimized_artifact"",""source_value_mappings"",54,""target_field""]",target_field,string,REPORT_METADATA.METHODOLOGY
"[""optimized_artifact"",""source_value_mappings"",54,""target_code""]",target_code,null,
"[""optimized_artifact"",""source_value_mappings"",54,""target_code_label""]",target_code_label,null,
"[""optimized_artifact"",""source_value_mappings"",54,""mapping_type""]",mapping_type,string,EXACT
"[""optimized_artifact"",""source_value_mappings"",54,""target_standard""]",target_standard,string,MSD_CPI / aggregate metadata handoff
"[""optimized_artifact"",""source_value_mappings"",54,""notes""]",notes,string,Mechanically imported metadata mapping.
"[""optimized_artifact"",""source_value_mappings"",54,""evidence_quote""]",evidence_quote,string,Methodological notes
"[""optimized_artifact"",""source_value_mappings"",55]",55,object,
"[""optimized_artifact"",""source_value_mappings"",55,""source_value""]",source_value,string,Source URL
"[""optimized_artifact"",""source_value_mappings"",55,""source_context""]",source_context,string,02 XML MetadataMappings
"[""optimized_artifact"",""source_value_mappings"",55,""target_field""]",target_field,string,REPORT_METADATA.SOURCE_URL
"[""optimized_artifact"",""source_value_mappings"",55,""target_code""]",target_code,null,
"[""optimized_artifact"",""source_value_mappings"",55,""target_code_label""]",target_code_label,null,
"[""optimized_artifact"",""source_value_mappings"",55,""mapping_type""]",mapping_type,string,EXACT
"[""optimized_artifact"",""source_value_mappings"",55,""target_standard""]",target_standard,string,MSD_CPI / aggregate metadata handoff
"[""optimized_artifact"",""source_value_mappings"",55,""notes""]",notes,string,Mechanically imported metadata mapping.
"[""optimized_artifact"",""source_value_mappings"",55,""evidence_quote""]",evidence_quote,string,Source URL
"[""optimized_artifact"",""source_value_mappings"",56]",56,object,
"[""optimized_artifact"",""source_value_mappings"",56,""source_value""]",source_value,string,Country
"[""optimized_artifact"",""source_value_mappings"",56,""source_context""]",source_context,string,03 XML FieldMappings
"[""optimized_artifact"",""source_value_mappings"",56,""target_field""]",target_field,string,KF_XML_LABOUR_MARKET.REF_AREA
"[""optimized_artifact"",""source_value_mappings"",56,""target_code""]",target_code,null,
"[""optimized_artifact"",""source_value_mappings"",56,""target_code_label""]",target_code_label,null,
"[""optimized_artifact"",""source_value_mappings"",56,""mapping_type""]",mapping_type,string,EXACT
"[""optimized_artifact"",""source_value_mappings"",56,""target_standard""]",target_standard,string,Accepted XML codebook field
"[""optimized_artifact"",""source_value_mappings"",56,""notes""]",notes,string,Mechanically imported field mapping.
"[""optimized_artifact"",""source_value_mappings"",56,""evidence_quote""]",evidence_quote,string,Country
"[""optimized_artifact"",""source_value_mappings"",57]",57,object,
"[""optimized_artifact"",""source_value_mappings"",57,""source_value""]",source_value,string,Indicator
"[""optimized_artifact"",""source_value_mappings"",57,""source_context""]",source_context,string,03 XML FieldMappings
"[""optimized_artifact"",""source_value_mappings"",57,""target_field""]",target_field,string,KF_XML_LABOUR_MARKET.INDICATOR
"[""optimized_artifact"",""source_value_mappings"",57,""target_code""]",target_code,null,
"[""optimized_artifact"",""source_value_mappings"",57,""target_code_label""]",target_code_label,null,
"[""optimized_artifact"",""source_value_mappings"",57,""mapping_type""]",mapping_type,string,EXACT
"[""optimized_artifact"",""source_value_mappings"",57,""target_standard""]",target_standard,string,Accepted XML codebook field
"[""optimized_artifact"",""source_value_mappings"",57,""notes""]",notes,string,Mechanically imported field mapping.
"[""optimized_artifact"",""source_value_mappings"",57,""evidence_quote""]",evidence_quote,string,Indicator
"[""optimized_artifact"",""source_value_mappings"",58]",58,object,
"[""optimized_artifact"",""source_value_mappings"",58,""source_value""]",source_value,string,Sex
"[""optimized_artifact"",""source_value_mappings"",58,""source_context""]",source_context,string,03 XML FieldMappings
"[""optimized_artifact"",""source_value_mappings"",58,""target_field""]",target_field,string,KF_XML_LABOUR_MARKET.SEX
"[""optimized_artifact"",""source_value_mappings"",58,""target_code""]",target_code,null,
"[""optimized_artifact"",""source_value_mappings"",58,""target_code_label""]",target_code_label,null,
"[""optimized_artifact"",""source_value_mappings"",58,""mapping_type""]",mapping_type,string,EXACT
"[""optimized_artifact"",""source_value_mappings"",58,""target_standard""]",target_standard,string,Accepted XML codebook field
"[""optimized_artifact"",""source_value_mappings"",58,""notes""]",notes,string,Mechanically imported field mapping.
"[""optimized_artifact"",""source_value_mappings"",58,""evidence_quote""]",evidence_quote,string,Sex
"[""optimized_artifact"",""source_value_mappings"",59]",59,object,
"[""optimized_artifact"",""source_value_mappings"",59,""source_value""]",source_value,string,Period
"[""optimized_artifact"",""source_value_mappings"",59,""source_context""]",source_context,string,03 XML FieldMappings
"[""optimized_artifact"",""source_value_mappings"",59,""target_field""]",target_field,string,KF_XML_LABOUR_MARKET.TIME_PERIOD
"[""optimized_artifact"",""source_value_mappings"",59,""target_code""]",target_code,null,
"[""optimized_artifact"",""source_value_mappings"",59,""target_code_label""]",target_code_label,null,
"[""optimized_artifact"",""source_value_mappings"",59,""mapping_type""]",mapping_type,string,EXACT
"[""optimized_artifact"",""source_value_mappings"",59,""target_standard""]",target_standard,string,Accepted XML codebook field
"[""optimized_artifact"",""source_value_mappings"",59,""notes""]",notes,string,Mechanically imported field mapping.
"[""optimized_artifact"",""source_value_mappings"",59,""evidence_quote""]",evidence_quote,string,Period
"[""optimized_artifact"",""source_value_mappings"",60]",60,object,
"[""optimized_artifact"",""source_value_mappings"",60,""source_value""]",source_value,string,Rate
"[""optimized_artifact"",""source_value_mappings"",60,""source_context""]",source_context,string,03 XML FieldMappings
"[""optimized_artifact"",""source_value_mappings"",60,""target_field""]",target_field,string,KF_XML_LABOUR_MARKET.OBS_VALUE
"[""optimized_artifact"",""source_value_mappings"",60,""target_code""]",target_code,null,
"[""optimized_artifact"",""source_value_mappings"",60,""target_code_label""]",target_code_label,null,
"[""optimized_artifact"",""source_value_mappings"",60,""mapping_type""]",mapping_type,string,EXACT
"[""optimized_artifact"",""source_value_mappings"",60,""target_standard""]",target_standard,string,Accepted XML codebook field
"[""optimized_artifact"",""source_value_mappings"",60,""notes""]",notes,string,Mechanically imported field mapping.
"[""optimized_artifact"",""source_value_mappings"",60,""evidence_quote""]",evidence_quote,string,Rate
"[""optimized_artifact"",""source_value_mappings"",61]",61,object,
"[""optimized_artifact"",""source_value_mappings"",61,""source_value""]",source_value,string,Status
"[""optimized_artifact"",""source_value_mappings"",61,""source_context""]",source_context,string,03 XML FieldMappings
"[""optimized_artifact"",""source_value_mappings"",61,""target_field""]",target_field,string,KF_XML_LABOUR_MARKET.OBS_STATUS
"[""optimized_artifact"",""source_value_mappings"",61,""target_code""]",target_code,null,
"[""optimized_artifact"",""source_value_mappings"",61,""target_code_label""]",target_code_label,null,
"[""optimized_artifact"",""source_value_mappings"",61,""mapping_type""]",mapping_type,string,EXACT
"[""optimized_artifact"",""source_value_mappings"",61,""target_standard""]",target_standard,string,Accepted XML codebook field
"[""optimized_artifact"",""source_value_mappings"",61,""notes""]",notes,string,Mechanically imported field mapping.
"[""optimized_artifact"",""source_value_mappings"",61,""evidence_quote""]",evidence_quote,string,Status
"[""optimized_artifact"",""source_value_mappings"",62]",62,object,
"[""optimized_artifact"",""source_value_mappings"",62,""source_value""]",source_value,string,Unemployment rate
"[""optimized_artifact"",""source_value_mappings"",62,""source_context""]",source_context,string,03 XML INDICATOR value
"[""optimized_artifact"",""source_value_mappings"",62,""target_field""]",target_field,string,KF_XML_LABOUR_MARKET.INDICATOR
"[""optimized_artifact"",""source_value_mappings"",62,""target_code""]",target_code,string,UNE_RATE
"[""optimized_artifact"",""source_value_mappings"",62,""target_code_label""]",target_code_label,string,Unemployment rate
"[""optimized_artifact"",""source_value_mappings"",62,""mapping_type""]",mapping_type,string,EXACT
"[""optimized_artifact"",""source_value_mappings"",62,""target_standard""]",target_standard,string,CL_LAB_INDICATOR
"[""optimized_artifact"",""source_value_mappings"",62,""notes""]",notes,string,Mechanically imported value mapping.
"[""optimized_artifact"",""source_value_mappings"",62,""evidence_quote""]",evidence_quote,string,Unemployment rate
"[""optimized_artifact"",""source_value_mappings"",63]",63,object,
"[""optimized_artifact"",""source_value_mappings"",63,""source_value""]",source_value,string,Employment rate
"[""optimized_artifact"",""source_value_mappings"",63,""source_context""]",source_context,string,03 XML INDICATOR value
"[""optimized_artifact"",""source_value_mappings"",63,""target_field""]",target_field,string,KF_XML_LABOUR_MARKET.INDICATOR
"[""optimized_artifact"",""source_value_mappings"",63,""target_code""]",target_code,string,EMP_RATE
"[""optimized_artifact"",""source_value_mappings"",63,""target_code_label""]",target_code_label,string,Employment rate
"[""optimized_artifact"",""source_value_mappings"",63,""mapping_type""]",mapping_type,string,EXACT
"[""optimized_artifact"",""source_value_mappings"",63,""target_standard""]",target_standard,string,CL_LAB_INDICATOR
"[""optimized_artifact"",""source_value_mappings"",63,""notes""]",notes,string,Mechanically imported value mapping.
"[""optimized_artifact"",""source_value_mappings"",63,""evidence_quote""]",evidence_quote,string,Employment rate
"[""optimized_artifact"",""source_value_mappings"",64]",64,object,
"[""optimized_artifact"",""source_value_mappings"",64,""source_value""]",source_value,string,Total
"[""optimized_artifact"",""source_value_mappings"",64,""source_context""]",source_context,string,03 XML SEX value
"[""optimized_artifact"",""source_value_mappings"",64,""target_field""]",target_field,string,KF_XML_LABOUR_MARKET.SEX
"[""optimized_artifact"",""source_value_mappings"",64,""target_code""]",target_code,string,_T
"[""optimized_artifact"",""source_value_mappings"",64,""target_code_label""]",target_code_label,string,Total
"[""optimized_artifact"",""source_value_mappings"",64,""mapping_type""]",mapping_type,string,EXACT
"[""optimized_artifact"",""source_value_mappings"",64,""target_standard""]",target_standard,string,CL_LAB_SEX
"[""optimized_artifact"",""source_value_mappings"",64,""notes""]",notes,string,Mechanically imported XML sex code; not same as PDF Total categories.
"[""optimized_artifact"",""source_value_mappings"",64,""evidence_quote""]",evidence_quote,string,Total
"[""optimized_artifact"",""source_value_mappings"",65]",65,object,
"[""optimized_artifact"",""source_value_mappings"",65,""source_value""]",source_value,string,Male
"[""optimized_artifact"",""source_value_mappings"",65,""source_context""]",source_context,string,03 XML SEX value
"[""optimized_artifact"",""source_value_mappings"",65,""target_field""]",target_field,string,KF_XML_LABOUR_MARKET.SEX
"[""optimized_artifact"",""source_value_mappings"",65,""target_code""]",target_code,string,M
"[""optimized_artifact"",""source_value_mappings"",65,""target_code_label""]",target_code_label,string,Male
"[""optimized_artifact"",""source_value_mappings"",65,""mapping_type""]",mapping_type,string,EXACT
"[""optimized_artifact"",""source_value_mappings"",65,""target_standard""]",target_standard,string,CL_LAB_SEX
"[""optimized_artifact"",""source_value_mappings"",65,""notes""]",notes,string,Mechanically imported XML sex code.
"[""optimized_artifact"",""source_value_mappings"",65,""evidence_quote""]",evidence_quote,string,Male
"[""optimized_artifact"",""source_value_mappings"",66]",66,object,
"[""optimized_artifact"",""source_value_mappings"",66,""source_value""]",source_value,string,Female
"[""optimized_artifact"",""source_value_mappings"",66,""source_context""]",source_context,string,03 XML SEX value
"[""optimized_artifact"",""source_value_mappings"",66,""target_field""]",target_field,string,KF_XML_LABOUR_MARKET.SEX
"[""optimized_artifact"",""source_value_mappings"",66,""target_code""]",target_code,string,F
"[""optimized_artifact"",""source_value_mappings"",66,""target_code_label""]",target_code_label,string,Female
"[""optimized_artifact"",""source_value_mappings"",66,""mapping_type""]",mapping_type,string,EXACT
"[""optimized_artifact"",""source_value_mappings"",66,""target_standard""]",target_standard,string,CL_LAB_SEX
"[""optimized_artifact"",""source_value_mappings"",66,""notes""]",notes,string,Mechanically imported XML sex code.
"[""optimized_artifact"",""source_value_mappings"",66,""evidence_quote""]",evidence_quote,string,Female
"[""optimized_artifact"",""source_value_mappings"",67]",67,object,
"[""optimized_artifact"",""source_value_mappings"",67,""source_value""]",source_value,string,"Korea, Republic of"
"[""optimized_artifact"",""source_value_mappings"",67,""source_context""]",source_context,string,03 XML REF_AREA value
"[""optimized_artifact"",""source_value_mappings"",67,""target_field""]",target_field,string,KF_XML_LABOUR_MARKET.REF_AREA
"[""optimized_artifact"",""source_value_mappings"",67,""target_code""]",target_code,string,KR
"[""optimized_artifact"",""source_value_mappings"",67,""target_code_label""]",target_code_label,string,"Korea, Republic of"
"[""optimized_artifact"",""source_value_mappings"",67,""mapping_type""]",mapping_type,string,EXACT
"[""optimized_artifact"",""source_value_mappings"",67,""target_standard""]",target_standard,string,CL_LAB_REF_AREA
"[""optimized_artifact"",""source_value_mappings"",67,""notes""]",notes,string,Mechanically imported value mapping.
"[""optimized_artifact"",""source_value_mappings"",67,""evidence_quote""]",evidence_quote,string,"Korea, Republic of"
"[""optimized_artifact"",""source_value_mappings"",68]",68,object,
"[""optimized_artifact"",""source_value_mappings"",68,""source_value""]",source_value,string,Japan
"[""optimized_artifact"",""source_value_mappings"",68,""source_context""]",source_context,string,03 XML REF_AREA value
"[""optimized_artifact"",""source_value_mappings"",68,""target_field""]",target_field,string,KF_XML_LABOUR_MARKET.REF_AREA
"[""optimized_artifact"",""source_value_mappings"",68,""target_code""]",target_code,string,JP
"[""optimized_artifact"",""source_value_mappings"",68,""target_code_label""]",target_code_label,string,Japan
"[""optimized_artifact"",""source_value_mappings"",68,""mapping_type""]",mapping_type,string,EXACT
"[""optimized_artifact"",""source_value_mappings"",68,""target_standard""]",target_standard,string,CL_LAB_REF_AREA
"[""optimized_artifact"",""source_value_mappings"",68,""notes""]",notes,string,Mechanically imported value mapping.
"[""optimized_artifact"",""source_value_mappings"",68,""evidence_quote""]",evidence_quote,string,Japan
"[""optimized_artifact"",""source_value_mappings"",69]",69,object,
"[""optimized_artifact"",""source_value_mappings"",69,""source_value""]",source_value,string,United States
"[""optimized_artifact"",""source_value_mappings"",69,""source_context""]",source_context,string,03 XML REF_AREA value
"[""optimized_artifact"",""source_value_mappings"",69,""target_field""]",target_field,string,KF_XML_LABOUR_MARKET.REF_AREA
"[""optimized_artifact"",""source_value_mappings"",69,""target_code""]",target_code,string,US
"[""optimized_artifact"",""source_value_mappings"",69,""target_code_label""]",target_code_label,string,United States
"[""optimized_artifact"",""source_value_mappings"",69,""mapping_type""]",mapping_type,string,EXACT
"[""optimized_artifact"",""source_value_mappings"",69,""target_standard""]",target_standard,string,CL_LAB_REF_AREA
"[""optimized_artifact"",""source_value_mappings"",69,""notes""]",notes,string,Mechanically imported value mapping.
"[""optimized_artifact"",""source_value_mappings"",69,""evidence_quote""]",evidence_quote,string,United States
"[""optimized_artifact"",""source_value_mappings"",70]",70,object,
"[""optimized_artifact"",""source_value_mappings"",70,""source_value""]",source_value,string,Reporter
"[""optimized_artifact"",""source_value_mappings"",70,""source_context""]",source_context,string,04 XML FieldMappings
"[""optimized_artifact"",""source_value_mappings"",70,""target_field""]",target_field,string,KF_XML_EXTERNAL_TRADE.REF_AREA
"[""optimized_artifact"",""source_value_mappings"",70,""target_code""]",target_code,null,
"[""optimized_artifact"",""source_value_mappings"",70,""target_code_label""]",target_code_label,null,
"[""optimized_artifact"",""source_value_mappings"",70,""mapping_type""]",mapping_type,string,EXACT
"[""optimized_artifact"",""source_value_mappings"",70,""target_standard""]",target_standard,string,Accepted XML codebook field
"[""optimized_artifact"",""source_value_mappings"",70,""notes""]",notes,string,"Reporter maps to REF_AREA, distinct from PARTNER."
"[""optimized_artifact"",""source_value_mappings"",70,""evidence_quote""]",evidence_quote,string,Reporter
"[""optimized_artifact"",""source_value_mappings"",71]",71,object,
"[""optimized_artifact"",""source_value_mappings"",71,""source_value""]",source_value,string,Flow
"[""optimized_artifact"",""source_value_mappings"",71,""source_context""]",source_context,string,04 XML FieldMappings
"[""optimized_artifact"",""source_value_mappings"",71,""target_field""]",target_field,string,KF_XML_EXTERNAL_TRADE.INDICATOR
"[""optimized_artifact"",""source_value_mappings"",71,""target_code""]",target_code,null,
"[""optimized_artifact"",""source_value_mappings"",71,""target_code_label""]",target_code_label,null,
"[""optimized_artifact"",""source_value_mappings"",71,""mapping_type""]",mapping_type,string,EXACT
"[""optimized_artifact"",""source_value_mappings"",71,""target_standard""]",target_standard,string,Accepted XML codebook field
"[""optimized_artifact"",""source_value_mappings"",71,""notes""]",notes,string,Mechanically imported field mapping.
"[""optimized_artifact"",""source_value_mappings"",71,""evidence_quote""]",evidence_quote,string,Flow
"[""optimized_artifact"",""source_value_mappings"",72]",72,object,
"[""optimized_artifact"",""source_value_mappings"",72,""source_value""]",source_value,string,Partner
"[""optimized_artifact"",""source_value_mappings"",72,""source_context""]",source_context,string,04 XML FieldMappings
"[""optimized_artifact"",""source_value_mappings"",72,""target_field""]",target_field,string,KF_XML_EXTERNAL_TRADE.PARTNER
"[""optimized_artifact"",""source_value_mappings"",72,""target_code""]",target_code,null,
"[""optimized_artifact"",""source_value_mappings"",72,""target_code_label""]",target_code_label,null,
"[""optimized_artifact"",""source_value_mappings"",72,""mapping_type""]",mapping_type,string,EXACT
"[""optimized_artifact"",""source_value_mappings"",72,""target_standard""]",target_standard,string,Accepted XML codebook field
"[""optimized_artifact"",""source_value_mappings"",72,""notes""]",notes,string,"Partner/counterpart area, not reporter."
"[""optimized_artifact"",""source_value_mappings"",72,""evidence_quote""]",evidence_quote,string,Partner
"[""optimized_artifact"",""source_value_mappings"",73]",73,object,
"[""optimized_artifact"",""source_value_mappings"",73,""source_value""]",source_value,string,Month
"[""optimized_artifact"",""source_value_mappings"",73,""source_context""]",source_context,string,04 XML FieldMappings
"[""optimized_artifact"",""source_value_mappings"",73,""target_field""]",target_field,string,KF_XML_EXTERNAL_TRADE.TIME_PERIOD
"[""optimized_artifact"",""source_value_mappings"",73,""target_code""]",target_code,null,
"[""optimized_artifact"",""source_value_mappings"",73,""target_code_label""]",target_code_label,null,
"[""optimized_artifact"",""source_value_mappings"",73,""mapping_type""]",mapping_type,string,EXACT
"[""optimized_artifact"",""source_value_mappings"",73,""target_standard""]",target_standard,string,Accepted XML codebook field
"[""optimized_artifact"",""source_value_mappings"",73,""notes""]",notes,string,Mechanically imported field mapping.
"[""optimized_artifact"",""source_value_mappings"",73,""evidence_quote""]",evidence_quote,string,Month
"[""optimized_artifact"",""source_value_mappings"",74]",74,object,
"[""optimized_artifact"",""source_value_mappings"",74,""source_value""]",source_value,string,Trade value
"[""optimized_artifact"",""source_value_mappings"",74,""source_context""]",source_context,string,04 XML FieldMappings
"[""optimized_artifact"",""source_value_mappings"",74,""target_field""]",target_field,string,KF_XML_EXTERNAL_TRADE.OBS_VALUE
"[""optimized_artifact"",""source_value_mappings"",74,""target_code""]",target_code,null,
"[""optimized_artifact"",""source_value_mappings"",74,""target_code_label""]",target_code_label,null,
"[""optimized_artifact"",""source_value_mappings"",74,""mapping_type""]",mapping_type,string,EXACT
"[""optimized_artifact"",""source_value_mappings"",74,""target_standard""]",target_standard,string,Accepted XML codebook field
"[""optimized_artifact"",""source_value_mappings"",74,""notes""]",notes,string,Mechanically imported field mapping.
"[""optimized_artifact"",""source_value_mappings"",74,""evidence_quote""]",evidence_quote,string,Trade value
"[""optimized_artifact"",""source_value_mappings"",75]",75,object,
"[""optimized_artifact"",""source_value_mappings"",75,""source_value""]",source_value,string,Unit
"[""optimized_artifact"",""source_value_mappings"",75,""source_context""]",source_context,string,04 XML FieldMappings
"[""optimized_artifact"",""source_value_mappings"",75,""target_field""]",target_field,string,KF_XML_EXTERNAL_TRADE.UNIT_MEASURE
"[""optimized_artifact"",""source_value_mappings"",75,""target_code""]",target_code,null,
"[""optimized_artifact"",""source_value_mappings"",75,""target_code_label""]",target_code_label,null,
"[""optimized_artifact"",""source_value_mappings"",75,""mapping_type""]",mapping_type,string,EXACT
"[""optimized_artifact"",""source_value_mappings"",75,""target_standard""]",target_standard,string,Accepted XML codebook field
"[""optimized_artifact"",""source_value_mappings"",75,""notes""]",notes,string,Inspector-required mapping preserved.
"[""optimized_artifact"",""source_value_mappings"",75,""evidence_quote""]",evidence_quote,string,Unit
"[""optimized_artifact"",""source_value_mappings"",76]",76,object,
"[""optimized_artifact"",""source_value_mappings"",76,""source_value""]",source_value,string,"Korea, Republic of"
"[""optimized_artifact"",""source_value_mappings"",76,""source_context""]",source_context,string,04 XML REF_AREA value
"[""optimized_artifact"",""source_value_mappings"",76,""target_field""]",target_field,string,KF_XML_EXTERNAL_TRADE.REF_AREA
"[""optimized_artifact"",""source_value_mappings"",76,""target_code""]",target_code,string,KR
"[""optimized_artifact"",""source_value_mappings"",76,""target_code_label""]",target_code_label,string,"Korea, Republic of"
"[""optimized_artifact"",""source_value_mappings"",76,""mapping_type""]",mapping_type,string,EXACT
"[""optimized_artifact"",""source_value_mappings"",76,""target_standard""]",target_standard,string,CL_TRD_REF_AREA
"[""optimized_artifact"",""source_value_mappings"",76,""notes""]",notes,string,Mechanically imported value mapping.
"[""optimized_artifact"",""source_value_mappings"",76,""evidence_quote""]",evidence_quote,string,"Korea, Republic of"
"[""optimized_artifact"",""source_value_mappings"",77]",77,object,
"[""optimized_artifact"",""source_value_mappings"",77,""source_value""]",source_value,string,Japan
"[""optimized_artifact"",""source_value_mappings"",77,""source_context""]",source_context,string,04 XML REF_AREA value
"[""optimized_artifact"",""source_value_mappings"",77,""target_field""]",target_field,string,KF_XML_EXTERNAL_TRADE.REF_AREA
"[""optimized_artifact"",""source_value_mappings"",77,""target_code""]",target_code,string,JP
"[""optimized_artifact"",""source_value_mappings"",77,""target_code_label""]",target_code_label,string,Japan
"[""optimized_artifact"",""source_value_mappings"",77,""mapping_type""]",mapping_type,string,EXACT
"[""optimized_artifact"",""source_value_mappings"",77,""target_standard""]",target_standard,string,CL_TRD_REF_AREA
"[""optimized_artifact"",""source_value_mappings"",77,""notes""]",notes,string,Mechanically imported value mapping.
"[""optimized_artifact"",""source_value_mappings"",77,""evidence_quote""]",evidence_quote,string,Japan
"[""optimized_artifact"",""source_value_mappings"",78]",78,object,
"[""optimized_artifact"",""source_value_mappings"",78,""source_value""]",source_value,string,United States
"[""optimized_artifact"",""source_value_mappings"",78,""source_context""]",source_context,string,04 XML REF_AREA value
"[""optimized_artifact"",""source_value_mappings"",78,""target_field""]",target_field,string,KF_XML_EXTERNAL_TRADE.REF_AREA
"[""optimized_artifact"",""source_value_mappings"",78,""target_code""]",target_code,string,US
"[""optimized_artifact"",""source_value_mappings"",78,""target_code_label""]",target_code_label,string,United States
"[""optimized_artifact"",""source_value_mappings"",78,""mapping_type""]",mapping_type,string,EXACT
"[""optimized_artifact"",""source_value_mappings"",78,""target_standard""]",target_standard,string,CL_TRD_REF_AREA
"[""optimized_artifact"",""source_value_mappings"",78,""notes""]",notes,string,Reporter mapping.
"[""optimized_artifact"",""source_value_mappings"",78,""evidence_quote""]",evidence_quote,string,United States
"[""optimized_artifact"",""source_value_mappings"",79]",79,object,
"[""optimized_artifact"",""source_value_mappings"",79,""source_value""]",source_value,string,Exports
"[""optimized_artifact"",""source_value_mappings"",79,""source_context""]",source_context,string,04 XML INDICATOR value
"[""optimized_artifact"",""source_value_mappings"",79,""target_field""]",target_field,string,KF_XML_EXTERNAL_TRADE.INDICATOR
"[""optimized_artifact"",""source_value_mappings"",79,""target_code""]",target_code,string,EXPORTS
"[""optimized_artifact"",""source_value_mappings"",79,""target_code_label""]",target_code_label,string,Exports
"[""optimized_artifact"",""source_value_mappings"",79,""mapping_type""]",mapping_type,string,EXACT
"[""optimized_artifact"",""source_value_mappings"",79,""target_standard""]",target_standard,string,CL_TRD_INDICATOR
"[""optimized_artifact"",""source_value_mappings"",79,""notes""]",notes,string,Mechanically imported value mapping.
"[""optimized_artifact"",""source_value_mappings"",79,""evidence_quote""]",evidence_quote,string,Exports
"[""optimized_artifact"",""source_value_mappings"",80]",80,object,
"[""optimized_artifact"",""source_value_mappings"",80,""source_value""]",source_value,string,Imports
"[""optimized_artifact"",""source_value_mappings"",80,""source_context""]",source_context,string,04 XML INDICATOR value
"[""optimized_artifact"",""source_value_mappings"",80,""target_field""]",target_field,string,KF_XML_EXTERNAL_TRADE.INDICATOR
"[""optimized_artifact"",""source_value_mappings"",80,""target_code""]",target_code,string,IMPORTS
"[""optimized_artifact"",""source_value_mappings"",80,""target_code_label""]",target_code_label,string,Imports
"[""optimized_artifact"",""source_value_mappings"",80,""mapping_type""]",mapping_type,string,EXACT
"[""optimized_artifact"",""source_value_mappings"",80,""target_standard""]",target_standard,string,CL_TRD_INDICATOR
"[""optimized_artifact"",""source_value_mappings"",80,""notes""]",notes,string,Mechanically imported value mapping.
"[""optimized_artifact"",""source_value_mappings"",80,""evidence_quote""]",evidence_quote,string,Imports
"[""optimized_artifact"",""source_value_mappings"",81]",81,object,
"[""optimized_artifact"",""source_value_mappings"",81,""source_value""]",source_value,string,Trade balance
"[""optimized_artifact"",""source_value_mappings"",81,""source_context""]",source_context,string,04 XML INDICATOR value
"[""optimized_artifact"",""source_value_mappings"",81,""target_field""]",target_field,string,KF_XML_EXTERNAL_TRADE.INDICATOR
"[""optimized_artifact"",""source_value_mappings"",81,""target_code""]",target_code,string,BALANCE
"[""optimized_artifact"",""source_value_mappings"",81,""target_code_label""]",target_code_label,string,Trade balance
"[""optimized_artifact"",""source_value_mappings"",81,""mapping_type""]",mapping_type,string,EXACT
"[""optimized_artifact"",""source_value_mappings"",81,""target_standard""]",target_standard,string,CL_TRD_INDICATOR
"[""optimized_artifact"",""source_value_mappings"",81,""notes""]",notes,string,Mechanically imported value mapping.
"[""optimized_artifact"",""source_value_mappings"",81,""evidence_quote""]",evidence_quote,string,Trade balance
"[""optimized_artifact"",""source_value_mappings"",82]",82,object,
"[""optimized_artifact"",""source_value_mappings"",82,""source_value""]",source_value,string,World
"[""optimized_artifact"",""source_value_mappings"",82,""source_context""]",source_context,string,04 XML PARTNER value
"[""optimized_artifact"",""source_value_mappings"",82,""target_field""]",target_field,string,KF_XML_EXTERNAL_TRADE.PARTNER
"[""optimized_artifact"",""source_value_mappings"",82,""target_code""]",target_code,string,WORLD
"[""optimized_artifact"",""source_value_mappings"",82,""target_code_label""]",target_code_label,string,World
"[""optimized_artifact"",""source_value_mappings"",82,""mapping_type""]",mapping_type,string,EXACT
"[""optimized_artifact"",""source_value_mappings"",82,""target_standard""]",target_standard,string,CL_TRD_PARTNER
"[""optimized_artifact"",""source_value_mappings"",82,""notes""]",notes,string,Mechanically imported partner mapping.
"[""optimized_artifact"",""source_value_mappings"",82,""evidence_quote""]",evidence_quote,string,World
"[""optimized_artifact"",""source_value_mappings"",83]",83,object,
"[""optimized_artifact"",""source_value_mappings"",83,""source_value""]",source_value,string,China
"[""optimized_artifact"",""source_value_mappings"",83,""source_context""]",source_context,string,04 XML PARTNER value
"[""optimized_artifact"",""source_value_mappings"",83,""target_field""]",target_field,string,KF_XML_EXTERNAL_TRADE.PARTNER
"[""optimized_artifact"",""source_value_mappings"",83,""target_code""]",target_code,string,CN
"[""optimized_artifact"",""source_value_mappings"",83,""target_code_label""]",target_code_label,string,China
"[""optimized_artifact"",""source_value_mappings"",83,""mapping_type""]",mapping_type,string,EXACT
"[""optimized_artifact"",""source_value_mappings"",83,""target_standard""]",target_standard,string,CL_TRD_PARTNER
"[""optimized_artifact"",""source_value_mappings"",83,""notes""]",notes,string,Mechanically imported partner mapping.
"[""optimized_artifact"",""source_value_mappings"",83,""evidence_quote""]",evidence_quote,string,China
"[""optimized_artifact"",""source_value_mappings"",84]",84,object,
"[""optimized_artifact"",""source_value_mappings"",84,""source_value""]",source_value,string,United States
"[""optimized_artifact"",""source_value_mappings"",84,""source_context""]",source_context,string,04 XML PARTNER value
"[""optimized_artifact"",""source_value_mappings"",84,""target_field""]",target_field,string,KF_XML_EXTERNAL_TRADE.PARTNER
"[""optimized_artifact"",""source_value_mappings"",84,""target_code""]",target_code,string,US
"[""optimized_artifact"",""source_value_mappings"",84,""target_code_label""]",target_code_label,string,United States
"[""optimized_artifact"",""source_value_mappings"",84,""mapping_type""]",mapping_type,string,EXACT
"[""optimized_artifact"",""source_value_mappings"",84,""target_standard""]",target_standard,string,CL_TRD_PARTNER
"[""optimized_artifact"",""source_value_mappings"",84,""notes""]",notes,string,Partner mapping; distinct from reporter REF_AREA US.
"[""optimized_artifact"",""source_value_mappings"",84,""evidence_quote""]",evidence_quote,string,United States
"[""optimized_artifact"",""source_value_mappings"",85]",85,object,
"[""optimized_artifact"",""source_value_mappings"",85,""source_value""]",source_value,string,European Union (27)
"[""optimized_artifact"",""source_value_mappings"",85,""source_context""]",source_context,string,04 XML PARTNER value
"[""optimized_artifact"",""source_value_mappings"",85,""target_field""]",target_field,string,KF_XML_EXTERNAL_TRADE.PARTNER
"[""optimized_artifact"",""source_value_mappings"",85,""target_code""]",target_code,string,EU27
"[""optimized_artifact"",""source_value_mappings"",85,""target_code_label""]",target_code_label,string,European Union (27)
"[""optimized_artifact"",""source_value_mappings"",85,""mapping_type""]",mapping_type,string,EXACT
"[""optimized_artifact"",""source_value_mappings"",85,""target_standard""]",target_standard,string,CL_TRD_PARTNER
"[""optimized_artifact"",""source_value_mappings"",85,""notes""]",notes,string,Mechanically imported partner aggregate mapping.
"[""optimized_artifact"",""source_value_mappings"",85,""evidence_quote""]",evidence_quote,string,European Union (27)
"[""optimized_artifact"",""source_value_mappings"",86]",86,object,
"[""optimized_artifact"",""source_value_mappings"",86,""source_value""]",source_value,string,Data source
"[""optimized_artifact"",""source_value_mappings"",86,""source_context""]",source_context,string,03/04 XML MetadataMappings
"[""optimized_artifact"",""source_value_mappings"",86,""target_field""]",target_field,string,REPORT_METADATA.SOURCE_DATA
"[""optimized_artifact"",""source_value_mappings"",86,""target_code""]",target_code,null,
"[""optimized_artifact"",""source_value_mappings"",86,""target_code_label""]",target_code_label,null,
"[""optimized_artifact"",""source_value_mappings"",86,""mapping_type""]",mapping_type,string,EXACT
"[""optimized_artifact"",""source_value_mappings"",86,""target_standard""]",target_standard,string,MSD_LAB/MSD_TRD / aggregate metadata handoff
"[""optimized_artifact"",""source_value_mappings"",86,""notes""]",notes,string,Legacy XML target SOURCE normalised to REPORT_METADATA.SOURCE_DATA for XML labour and trade.
"[""optimized_artifact"",""source_value_mappings"",86,""evidence_quote""]",evidence_quote,string,Data source
"[""optimized_artifact"",""source_value_mappings"",87]",87,object,
"[""optimized_artifact"",""source_value_mappings"",87,""source_value""]",source_value,string,Methodological notes
"[""optimized_artifact"",""source_value_mappings"",87,""source_context""]",source_context,string,03/04 XML MetadataMappings
"[""optimized_artifact"",""source_value_mappings"",87,""target_field""]",target_field,string,REPORT_METADATA.METHODOLOGY
"[""optimized_artifact"",""source_value_mappings"",87,""target_code""]",target_code,null,
"[""optimized_artifact"",""source_value_mappings"",87,""target_code_label""]",target_code_label,null,
"[""optimized_artifact"",""source_value_mappings"",87,""mapping_type""]",mapping_type,string,EXACT
"[""optimized_artifact"",""source_value_mappings"",87,""target_standard""]",target_standard,string,MSD_LAB/MSD_TRD / aggregate metadata handoff
"[""optimized_artifact"",""source_value_mappings"",87,""notes""]",notes,string,Mechanically imported metadata mapping for XML labour and trade.
"[""optimized_artifact"",""source_value_mappings"",87,""evidence_quote""]",evidence_quote,string,Methodological notes
"[""optimized_artifact"",""source_value_mappings"",88]",88,object,
"[""optimized_artifact"",""source_value_mappings"",88,""source_value""]",source_value,string,Source URL
"[""optimized_artifact"",""source_value_mappings"",88,""source_context""]",source_context,string,03/04 XML MetadataMappings
"[""optimized_artifact"",""source_value_mappings"",88,""target_field""]",target_field,string,REPORT_METADATA.SOURCE_URL
"[""optimized_artifact"",""source_value_mappings"",88,""target_code""]",target_code,null,
"[""optimized_artifact"",""source_value_mappings"",88,""target_code_label""]",target_code_label,null,
"[""optimized_artifact"",""source_value_mappings"",88,""mapping_type""]",mapping_type,string,EXACT
"[""optimized_artifact"",""source_value_mappings"",88,""target_standard""]",target_standard,string,MSD_LAB/MSD_TRD / aggregate metadata handoff
"[""optimized_artifact"",""source_value_mappings"",88,""notes""]",notes,string,Mechanically imported metadata mapping for XML labour and trade.
"[""optimized_artifact"",""source_value_mappings"",88,""evidence_quote""]",evidence_quote,string,Source URL
"[""optimized_artifact"",""source_value_mappings"",89]",89,object,
"[""optimized_artifact"",""source_value_mappings"",89,""source_value""]",source_value,string,"Table 1. Unemployment rate by region, sex and quarter"
"[""optimized_artifact"",""source_value_mappings"",89,""source_context""]",source_context,string,example_01_labour_market.pdf; table routing
"[""optimized_artifact"",""source_value_mappings"",89,""target_field""]",target_field,string,STRUCTURE_ID
"[""optimized_artifact"",""source_value_mappings"",89,""target_code""]",target_code,string,KF_SYNTHETIC_LABOUR_UNEMP_RATE_Q
"[""optimized_artifact"",""source_value_mappings"",89,""target_code_label""]",target_code_label,string,Quarterly unemployment rate
"[""optimized_artifact"",""source_value_mappings"",89,""mapping_type""]",mapping_type,string,DERIVED
"[""optimized_artifact"",""source_value_mappings"",89,""target_standard""]",target_standard,string,Accepted Key Family
"[""optimized_artifact"",""source_value_mappings"",89,""notes""]",notes,string,Route unemployment-rate rows to quarterly structure.
"[""optimized_artifact"",""source_value_mappings"",89,""evidence_quote""]",evidence_quote,string,"Table 1. Unemployment rate by region, sex and quarter"
"[""optimized_artifact"",""source_value_mappings"",90]",90,object,
"[""optimized_artifact"",""source_value_mappings"",90,""source_value""]",source_value,string,Table 2. Job vacancies by industry and month
"[""optimized_artifact"",""source_value_mappings"",90,""source_context""]",source_context,string,example_01_labour_market.pdf; table routing
"[""optimized_artifact"",""source_value_mappings"",90,""target_field""]",target_field,string,STRUCTURE_ID
"[""optimized_artifact"",""source_value_mappings"",90,""target_code""]",target_code,string,KF_SYNTHETIC_LABOUR_VACANCIES_M
"[""optimized_artifact"",""source_value_mappings"",90,""target_code_label""]",target_code_label,string,Monthly job vacancy counts
"[""optimized_artifact"",""source_value_mappings"",90,""mapping_type""]",mapping_type,string,DERIVED
"[""optimized_artifact"",""source_value_mappings"",90,""target_standard""]",target_standard,string,Accepted Key Family
"[""optimized_artifact"",""source_value_mappings"",90,""notes""]",notes,string,Route vacancy rows to monthly structure.
"[""optimized_artifact"",""source_value_mappings"",90,""evidence_quote""]",evidence_quote,string,Table 2. Job vacancies by industry and month
"[""optimized_artifact"",""source_value_mappings"",91]",91,object,
"[""optimized_artifact"",""source_value_mappings"",91,""source_value""]",source_value,string,Quarterly
"[""optimized_artifact"",""source_value_mappings"",91,""source_context""]",source_context,string,example_01_labour_market.pdf; unemployment frequency
"[""optimized_artifact"",""source_value_mappings"",91,""target_field""]",target_field,string,KF_SYNTHETIC_LABOUR_UNEMP_RATE_Q.FREQ
"[""optimized_artifact"",""source_value_mappings"",91,""target_code""]",target_code,string,QUARTERLY
"[""optimized_artifact"",""source_value_mappings"",91,""target_code_label""]",target_code_label,string,Quarterly
"[""optimized_artifact"",""source_value_mappings"",91,""mapping_type""]",mapping_type,string,EXACT
"[""optimized_artifact"",""source_value_mappings"",91,""target_standard""]",target_standard,string,CL_SYN_FREQ_LM v1.0-draft
"[""optimized_artifact"",""source_value_mappings"",91,""notes""]",notes,string,Local staging only; SDMX CL_FREQ unresolved.
"[""optimized_artifact"",""source_value_mappings"",91,""evidence_quote""]",evidence_quote,string,Quarterly rates and monthly vacancy counts represent different statistical structures.
"[""optimized_artifact"",""source_value_mappings"",92]",92,object,
"[""optimized_artifact"",""source_value_mappings"",92,""source_value""]",source_value,string,monthly
"[""optimized_artifact"",""source_value_mappings"",92,""source_context""]",source_context,string,example_01_labour_market.pdf; vacancy methodology
"[""optimized_artifact"",""source_value_mappings"",92,""target_field""]",target_field,string,KF_SYNTHETIC_LABOUR_VACANCIES_M.FREQ
"[""optimized_artifact"",""source_value_mappings"",92,""target_code""]",target_code,string,MONTHLY
"[""optimized_artifact"",""source_value_mappings"",92,""target_code_label""]",target_code_label,string,Monthly
"[""optimized_artifact"",""source_value_mappings"",92,""mapping_type""]",mapping_type,string,EXACT
"[""optimized_artifact"",""source_value_mappings"",92,""target_standard""]",target_standard,string,CL_SYN_FREQ_LM v1.0-draft
"[""optimized_artifact"",""source_value_mappings"",92,""notes""]",notes,string,Local staging only; separate from quarterly unemployment.
"[""optimized_artifact"",""source_value_mappings"",92,""evidence_quote""]",evidence_quote,string,Vacancy counts are compiled independently from a synthetic employer survey and use a monthly reference period.
"[""optimized_artifact"",""source_value_mappings"",93]",93,object,
"[""optimized_artifact"",""source_value_mappings"",93,""source_value""]",source_value,string,Northland
"[""optimized_artifact"",""source_value_mappings"",93,""source_context""]",source_context,string,example_01_labour_market.pdf; unemployment Region
"[""optimized_artifact"",""source_value_mappings"",93,""target_field""]",target_field,string,KF_SYNTHETIC_LABOUR_UNEMP_RATE_Q.REF_AREA
"[""optimized_artifact"",""source_value_mappings"",93,""target_code""]",target_code,string,NORTHLAND
"[""optimized_artifact"",""source_value_mappings"",93,""target_code_label""]",target_code_label,string,Northland
"[""optimized_artifact"",""source_value_mappings"",93,""mapping_type""]",mapping_type,string,EXACT
"[""optimized_artifact"",""source_value_mappings"",93,""target_standard""]",target_standard,string,CL_SYN_REF_AREA_LM v1.0-draft
"[""optimized_artifact"",""source_value_mappings"",93,""notes""]",notes,string,Labour local region; not merged with health/agriculture.
"[""optimized_artifact"",""source_value_mappings"",93,""evidence_quote""]",evidence_quote,string,Northland
"[""optimized_artifact"",""source_value_mappings"",94]",94,object,
"[""optimized_artifact"",""source_value_mappings"",94,""source_value""]",source_value,string,Centralia
"[""optimized_artifact"",""source_value_mappings"",94,""source_context""]",source_context,string,example_01_labour_market.pdf; unemployment Region
"[""optimized_artifact"",""source_value_mappings"",94,""target_field""]",target_field,string,KF_SYNTHETIC_LABOUR_UNEMP_RATE_Q.REF_AREA
"[""optimized_artifact"",""source_value_mappings"",94,""target_code""]",target_code,string,CENTRALIA
"[""optimized_artifact"",""source_value_mappings"",94,""target_code_label""]",target_code_label,string,Centralia
"[""optimized_artifact"",""source_value_mappings"",94,""mapping_type""]",mapping_type,string,EXACT
"[""optimized_artifact"",""source_value_mappings"",94,""target_standard""]",target_standard,string,CL_SYN_REF_AREA_LM v1.0-draft
"[""optimized_artifact"",""source_value_mappings"",94,""notes""]",notes,string,Labour local region.
"[""optimized_artifact"",""source_value_mappings"",94,""evidence_quote""]",evidence_quote,string,Centralia
"[""optimized_artifact"",""source_value_mappings"",95]",95,object,
"[""optimized_artifact"",""source_value_mappings"",95,""source_value""]",source_value,string,South Coast
"[""optimized_artifact"",""source_value_mappings"",95,""source_context""]",source_context,string,example_01_labour_market.pdf; unemployment Region
"[""optimized_artifact"",""source_value_mappings"",95,""target_field""]",target_field,string,KF_SYNTHETIC_LABOUR_UNEMP_RATE_Q.REF_AREA
"[""optimized_artifact"",""source_value_mappings"",95,""target_code""]",target_code,string,SOUTH_COAST
"[""optimized_artifact"",""source_value_mappings"",95,""target_code_label""]",target_code_label,string,South Coast
"[""optimized_artifact"",""source_value_mappings"",95,""mapping_type""]",mapping_type,string,EXACT
"[""optimized_artifact"",""source_value_mappings"",95,""target_standard""]",target_standard,string,CL_SYN_REF_AREA_LM v1.0-draft
"[""optimized_artifact"",""source_value_mappings"",95,""notes""]",notes,string,Labour local region.
"[""optimized_artifact"",""source_value_mappings"",95,""evidence_quote""]",evidence_quote,string,South Coast
"[""optimized_artifact"",""source_value_mappings"",96]",96,object,
"[""optimized_artifact"",""source_value_mappings"",96,""source_value""]",source_value,string,Women
"[""optimized_artifact"",""source_value_mappings"",96,""source_context""]",source_context,string,example_01_labour_market.pdf; unemployment Sex
"[""optimized_artifact"",""source_value_mappings"",96,""target_field""]",target_field,string,KF_SYNTHETIC_LABOUR_UNEMP_RATE_Q.SEX
"[""optimized_artifact"",""source_value_mappings"",96,""target_code""]",target_code,string,WOMEN
"[""optimized_artifact"",""source_value_mappings"",96,""target_code_label""]",target_code_label,string,Women
"[""optimized_artifact"",""source_value_mappings"",96,""mapping_type""]",mapping_type,string,EXACT
"[""optimized_artifact"",""source_value_mappings"",96,""target_standard""]",target_standard,string,CL_SYN_SEX_COVERAGE v1.0-draft
"[""optimized_artifact"",""source_value_mappings"",96,""notes""]",notes,string,Local labour sex-coverage code; SDMX CL_SEX unresolved.
"[""optimized_artifact"",""source_value_mappings"",96,""evidence_quote""]",evidence_quote,string,Women
"[""optimized_artifact"",""source_value_mappings"",97]",97,object,
"[""optimized_artifact"",""source_value_mappings"",97,""source_value""]",source_value,string,Men
"[""optimized_artifact"",""source_value_mappings"",97,""source_context""]",source_context,string,example_01_labour_market.pdf; unemployment Sex
"[""optimized_artifact"",""source_value_mappings"",97,""target_field""]",target_field,string,KF_SYNTHETIC_LABOUR_UNEMP_RATE_Q.SEX
"[""optimized_artifact"",""source_value_mappings"",97,""target_code""]",target_code,string,MEN
"[""optimized_artifact"",""source_value_mappings"",97,""target_code_label""]",target_code_label,string,Men
"[""optimized_artifact"",""source_value_mappings"",97,""mapping_type""]",mapping_type,string,EXACT
"[""optimized_artifact"",""source_value_mappings"",97,""target_standard""]",target_standard,string,CL_SYN_SEX_COVERAGE v1.0-draft
"[""optimized_artifact"",""source_value_mappings"",97,""notes""]",notes,string,Local labour sex-coverage code.
"[""optimized_artifact"",""source_value_mappings"",97,""evidence_quote""]",evidence_quote,string,Men
"[""optimized_artifact"",""source_value_mappings"",98]",98,object,
"[""optimized_artifact"",""source_value_mappings"",98,""source_value""]",source_value,string,Total
"[""optimized_artifact"",""source_value_mappings"",98,""source_context""]",source_context,string,example_01_labour_market.pdf; unemployment Sex and caveat
"[""optimized_artifact"",""source_value_mappings"",98,""target_field""]",target_field,string,KF_SYNTHETIC_LABOUR_UNEMP_RATE_Q.SEX
"[""optimized_artifact"",""source_value_mappings"",98,""target_code""]",target_code,string,TOTAL
"[""optimized_artifact"",""source_value_mappings"",98,""target_code_label""]",target_code_label,string,Total
"[""optimized_artifact"",""source_value_mappings"",98,""mapping_type""]",mapping_type,string,LOCAL_EQUIVALENT
"[""optimized_artifact"",""source_value_mappings"",98,""target_standard""]",target_standard,string,CL_SYN_SEX_COVERAGE v1.0-draft
"[""optimized_artifact"",""source_value_mappings"",98,""notes""]",notes,string,Report-specific Total; must not be inferred by summing Women and Men.
"[""optimized_artifact"",""source_value_mappings"",98,""evidence_quote""]",evidence_quote,string,Total sex coverage includes respondents outside the displayed women/men categories; it must not be inferred by summing displayed rows.
"[""optimized_artifact"",""source_value_mappings"",99]",99,object,
"[""optimized_artifact"",""source_value_mappings"",99,""source_value""]",source_value,string,Manufacturing
"[""optimized_artifact"",""source_value_mappings"",99,""source_context""]",source_context,string,example_01_labour_market.pdf; vacancy Industry
"[""optimized_artifact"",""source_value_mappings"",99,""target_field""]",target_field,string,KF_SYNTHETIC_LABOUR_VACANCIES_M.ACTIVITY
"[""optimized_artifact"",""source_value_mappings"",99,""target_code""]",target_code,string,MANUFACTURING
"[""optimized_artifact"",""source_value_mappings"",99,""target_code_label""]",target_code_label,string,Manufacturing
"[""optimized_artifact"",""source_value_mappings"",99,""mapping_type""]",mapping_type,string,EXACT
"[""optimized_artifact"",""source_value_mappings"",99,""target_standard""]",target_standard,string,CL_SYN_ACTIVITY_LOCAL v1.0-draft
"[""optimized_artifact"",""source_value_mappings"",99,""notes""]",notes,string,Exact local activity only; no ISIC mapping without revision.
"[""optimized_artifact"",""source_value_mappings"",99,""evidence_quote""]",evidence_quote,string,Manufacturing
"[""optimized_artifact"",""source_value_mappings"",100]",100,object,
"[""optimized_artifact"",""source_value_mappings"",100,""source_value""]",source_value,string,Construction
"[""optimized_artifact"",""source_value_mappings"",100,""source_context""]",source_context,string,example_01_labour_market.pdf; vacancy Industry
"[""optimized_artifact"",""source_value_mappings"",100,""target_field""]",target_field,string,KF_SYNTHETIC_LABOUR_VACANCIES_M.ACTIVITY
"[""optimized_artifact"",""source_value_mappings"",100,""target_code""]",target_code,string,CONSTRUCTION
"[""optimized_artifact"",""source_value_mappings"",100,""target_code_label""]",target_code_label,string,Construction
"[""optimized_artifact"",""source_value_mappings"",100,""mapping_type""]",mapping_type,string,EXACT
"[""optimized_artifact"",""source_value_mappings"",100,""target_standard""]",target_standard,string,CL_SYN_ACTIVITY_LOCAL v1.0-draft
"[""optimized_artifact"",""source_value_mappings"",100,""notes""]",notes,string,Exact local activity only.
"[""optimized_artifact"",""source_value_mappings"",100,""evidence_quote""]",evidence_quote,string,Construction
"[""optimized_artifact"",""source_value_mappings"",101]",101,object,
"[""optimized_artifact"",""source_value_mappings"",101,""source_value""]",source_value,string,Information services
"[""optimized_artifact"",""source_value_mappings"",101,""source_context""]",source_context,string,example_01_labour_market.pdf; vacancy Industry
"[""optimized_artifact"",""source_value_mappings"",101,""target_field""]",target_field,string,KF_SYNTHETIC_LABOUR_VACANCIES_M.ACTIVITY
"[""optimized_artifact"",""source_value_mappings"",101,""target_code""]",target_code,string,INFORMATION_SERVICES
"[""optimized_artifact"",""source_value_mappings"",101,""target_code_label""]",target_code_label,string,Information services
"[""optimized_artifact"",""source_value_mappings"",101,""mapping_type""]",mapping_type,string,EXACT
"[""optimized_artifact"",""source_value_mappings"",101,""target_standard""]",target_standard,string,CL_SYN_ACTIVITY_LOCAL v1.0-draft
"[""optimized_artifact"",""source_value_mappings"",101,""notes""]",notes,string,Exact local activity only.
"[""optimized_artifact"",""source_value_mappings"",101,""evidence_quote""]",evidence_quote,string,Information services
"[""optimized_artifact"",""source_value_mappings"",102]",102,object,
"[""optimized_artifact"",""source_value_mappings"",102,""source_value""]",source_value,string,Industry labels are local aggregates and are not confirmed ISIC categories.
"[""optimized_artifact"",""source_value_mappings"",102,""source_context""]",source_context,string,example_01_labour_market.pdf; vacancy footnote
"[""optimized_artifact"",""source_value_mappings"",102,""target_field""]",target_field,string,KF_SYNTHETIC_LABOUR_VACANCIES_M.ACTIVITY
"[""optimized_artifact"",""source_value_mappings"",102,""target_code""]",target_code,null,
"[""optimized_artifact"",""source_value_mappings"",102,""target_code_label""]",target_code_label,null,
"[""optimized_artifact"",""source_value_mappings"",102,""mapping_type""]",mapping_type,string,UNRESOLVED
"[""optimized_artifact"",""source_value_mappings"",102,""target_standard""]",target_standard,string,UNSD ISIC candidate
"[""optimized_artifact"",""source_value_mappings"",102,""notes""]",notes,string,Prevents automatic ISIC mappings.
"[""optimized_artifact"",""source_value_mappings"",102,""evidence_quote""]",evidence_quote,string,Industry labels are local aggregates and are not confirmed ISIC categories.
"[""optimized_artifact"",""source_value_mappings"",103]",103,object,
"[""optimized_artifact"",""source_value_mappings"",103,""source_value""]",source_value,string,Value
"[""optimized_artifact"",""source_value_mappings"",103,""source_context""]",source_context,string,example_01_labour_market.pdf; unemployment measure column
"[""optimized_artifact"",""source_value_mappings"",103,""target_field""]",target_field,string,KF_SYNTHETIC_LABOUR_UNEMP_RATE_Q.OBS_VALUE
"[""optimized_artifact"",""source_value_mappings"",103,""target_code""]",target_code,null,
"[""optimized_artifact"",""source_value_mappings"",103,""target_code_label""]",target_code_label,null,
"[""optimized_artifact"",""source_value_mappings"",103,""mapping_type""]",mapping_type,string,LOCAL_EQUIVALENT
"[""optimized_artifact"",""source_value_mappings"",103,""target_standard""]",target_standard,string,SDMX OBS_VALUE candidate
"[""optimized_artifact"",""source_value_mappings"",103,""notes""]",notes,string,Numeric unemployment-rate observations; structure defines phenomenon.
"[""optimized_artifact"",""source_value_mappings"",103,""evidence_quote""]",evidence_quote,string,Value
"[""optimized_artifact"",""source_value_mappings"",104]",104,object,
"[""optimized_artifact"",""source_value_mappings"",104,""source_value""]",source_value,string,Vacancies
"[""optimized_artifact"",""source_value_mappings"",104,""source_context""]",source_context,string,example_01_labour_market.pdf; vacancy measure column
"[""optimized_artifact"",""source_value_mappings"",104,""target_field""]",target_field,string,KF_SYNTHETIC_LABOUR_VACANCIES_M.OBS_VALUE
"[""optimized_artifact"",""source_value_mappings"",104,""target_code""]",target_code,null,
"[""optimized_artifact"",""source_value_mappings"",104,""target_code_label""]",target_code_label,null,
"[""optimized_artifact"",""source_value_mappings"",104,""mapping_type""]",mapping_type,string,LOCAL_EQUIVALENT
"[""optimized_artifact"",""source_value_mappings"",104,""target_standard""]",target_standard,string,SDMX OBS_VALUE candidate
"[""optimized_artifact"",""source_value_mappings"",104,""notes""]",notes,string,Numeric job-vacancy counts.
"[""optimized_artifact"",""source_value_mappings"",104,""evidence_quote""]",evidence_quote,string,Vacancies
"[""optimized_artifact"",""source_value_mappings"",105]",105,object,
"[""optimized_artifact"",""source_value_mappings"",105,""source_value""]",source_value,string,Unemployment rate is unemployed persons as a percentage of the labour force.
"[""optimized_artifact"",""source_value_mappings"",105,""source_context""]",source_context,string,example_01_labour_market.pdf; Definitions
"[""optimized_artifact"",""source_value_mappings"",105,""target_field""]",target_field,string,KF_SYNTHETIC_LABOUR_UNEMP_RATE_Q.OBS_VALUE
"[""optimized_artifact"",""source_value_mappings"",105,""target_code""]",target_code,null,
"[""optimized_artifact"",""source_value_mappings"",105,""target_code_label""]",target_code_label,null,
"[""optimized_artifact"",""source_value_mappings"",105,""mapping_type""]",mapping_type,string,DERIVED
"[""optimized_artifact"",""source_value_mappings"",105,""target_standard""]",target_standard,string,Measure semantics
"[""optimized_artifact"",""source_value_mappings"",105,""notes""]",notes,string,Restored structure-level definition mapping; also metadata.
"[""optimized_artifact"",""source_value_mappings"",105,""evidence_quote""]",evidence_quote,string,Unemployment rate is unemployed persons as a percentage of the labour force.
"[""optimized_artifact"",""source_value_mappings"",106]",106,object,
"[""optimized_artifact"",""source_value_mappings"",106,""source_value""]",source_value,string,A job vacancy is an unfilled position available for immediate recruitment.
"[""optimized_artifact"",""source_value_mappings"",106,""source_context""]",source_context,string,example_01_labour_market.pdf; Definitions
"[""optimized_artifact"",""source_value_mappings"",106,""target_field""]",target_field,string,KF_SYNTHETIC_LABOUR_VACANCIES_M.OBS_VALUE
"[""optimized_artifact"",""source_value_mappings"",106,""target_code""]",target_code,null,
"[""optimized_artifact"",""source_value_mappings"",106,""target_code_label""]",target_code_label,null,
"[""optimized_artifact"",""source_value_mappings"",106,""mapping_type""]",mapping_type,string,DERIVED
"[""optimized_artifact"",""source_value_mappings"",106,""target_standard""]",target_standard,string,Measure semantics
"[""optimized_artifact"",""source_value_mappings"",106,""notes""]",notes,string,Restored structure-level definition mapping; also metadata.
"[""optimized_artifact"",""source_value_mappings"",106,""evidence_quote""]",evidence_quote,string,A job vacancy is an unfilled position available for immediate recruitment.
"[""optimized_artifact"",""source_value_mappings"",107]",107,object,
"[""optimized_artifact"",""source_value_mappings"",107,""source_value""]",source_value,string,Percent
"[""optimized_artifact"",""source_value_mappings"",107,""source_context""]",source_context,string,example_01_labour_market.pdf; unemployment Unit
"[""optimized_artifact"",""source_value_mappings"",107,""target_field""]",target_field,string,KF_SYNTHETIC_LABOUR_UNEMP_RATE_Q.UNIT_MEASURE
"[""optimized_artifact"",""source_value_mappings"",107,""target_code""]",target_code,string,PERCENT
"[""optimized_artifact"",""source_value_mappings"",107,""target_code_label""]",target_code_label,string,Percent
"[""optimized_artifact"",""source_value_mappings"",107,""mapping_type""]",mapping_type,string,EXACT
"[""optimized_artifact"",""source_value_mappings"",107,""target_standard""]",target_standard,string,CL_SYN_UNIT_MEASURE_LM v1.0-draft
"[""optimized_artifact"",""source_value_mappings"",107,""notes""]",notes,string,Labour local unit; not merged with education PERCENT.
"[""optimized_artifact"",""source_value_mappings"",107,""evidence_quote""]",evidence_quote,string,Percent
"[""optimized_artifact"",""source_value_mappings"",108]",108,object,
"[""optimized_artifact"",""source_value_mappings"",108,""source_value""]",source_value,string,Open positions
"[""optimized_artifact"",""source_value_mappings"",108,""source_context""]",source_context,string,example_01_labour_market.pdf; vacancy Unit
"[""optimized_artifact"",""source_value_mappings"",108,""target_field""]",target_field,string,KF_SYNTHETIC_LABOUR_VACANCIES_M.UNIT_MEASURE
"[""optimized_artifact"",""source_value_mappings"",108,""target_code""]",target_code,string,OPEN_POSITIONS
"[""optimized_artifact"",""source_value_mappings"",108,""target_code_label""]",target_code_label,string,Open positions
"[""optimized_artifact"",""source_value_mappings"",108,""mapping_type""]",mapping_type,string,EXACT
"[""optimized_artifact"",""source_value_mappings"",108,""target_standard""]",target_standard,string,CL_SYN_UNIT_MEASURE_LM v1.0-draft
"[""optimized_artifact"",""source_value_mappings"",108,""notes""]",notes,string,Labour local unit.
"[""optimized_artifact"",""source_value_mappings"",108,""evidence_quote""]",evidence_quote,string,Open positions
"[""optimized_artifact"",""source_value_mappings"",109]",109,object,
"[""optimized_artifact"",""source_value_mappings"",109,""source_value""]",source_value,string,Final
"[""optimized_artifact"",""source_value_mappings"",109,""source_context""]",source_context,string,example_01_labour_market.pdf; unemployment Status
"[""optimized_artifact"",""source_value_mappings"",109,""target_field""]",target_field,string,KF_SYNTHETIC_LABOUR_UNEMP_RATE_Q.OBS_STATUS
"[""optimized_artifact"",""source_value_mappings"",109,""target_code""]",target_code,string,FINAL
"[""optimized_artifact"",""source_value_mappings"",109,""target_code_label""]",target_code_label,string,Final
"[""optimized_artifact"",""source_value_mappings"",109,""mapping_type""]",mapping_type,string,EXACT
"[""optimized_artifact"",""source_value_mappings"",109,""target_standard""]",target_standard,string,CL_SYN_REPORT_STATUS v1.0-draft
"[""optimized_artifact"",""source_value_mappings"",109,""notes""]",notes,string,Local status; SDMX CL_OBS_STATUS unresolved.
"[""optimized_artifact"",""source_value_mappings"",109,""evidence_quote""]",evidence_quote,string,Final
"[""optimized_artifact"",""source_value_mappings"",110]",110,object,
"[""optimized_artifact"",""source_value_mappings"",110,""source_value""]",source_value,string,Provisional
"[""optimized_artifact"",""source_value_mappings"",110,""source_context""]",source_context,string,example_01_labour_market.pdf; unemployment Status/footnote
"[""optimized_artifact"",""source_value_mappings"",110,""target_field""]",target_field,string,KF_SYNTHETIC_LABOUR_UNEMP_RATE_Q.OBS_STATUS
"[""optimized_artifact"",""source_value_mappings"",110,""target_code""]",target_code,string,PROVISIONAL
"[""optimized_artifact"",""source_value_mappings"",110,""target_code_label""]",target_code_label,string,Provisional
"[""optimized_artifact"",""source_value_mappings"",110,""mapping_type""]",mapping_type,string,EXACT
"[""optimized_artifact"",""source_value_mappings"",110,""target_standard""]",target_standard,string,CL_SYN_REPORT_STATUS v1.0-draft
"[""optimized_artifact"",""source_value_mappings"",110,""notes""]",notes,string,Local status.
"[""optimized_artifact"",""source_value_mappings"",110,""evidence_quote""]",evidence_quote,string,Footnote: 2025-Q2 rates are provisional.
"[""optimized_artifact"",""source_value_mappings"",111]",111,object,
"[""optimized_artifact"",""source_value_mappings"",111,""source_value""]",source_value,string,Seasonally adjusted
"[""optimized_artifact"",""source_value_mappings"",111,""source_context""]",source_context,string,example_01_labour_market.pdf; vacancy Adjustment
"[""optimized_artifact"",""source_value_mappings"",111,""target_field""]",target_field,string,KF_SYNTHETIC_LABOUR_VACANCIES_M.SEASONAL_ADJUST
"[""optimized_artifact"",""source_value_mappings"",111,""target_code""]",target_code,string,SEASONALLY_ADJUSTED
"[""optimized_artifact"",""source_value_mappings"",111,""target_code_label""]",target_code_label,string,Seasonally adjusted
"[""optimized_artifact"",""source_value_mappings"",111,""mapping_type""]",mapping_type,string,EXACT
"[""optimized_artifact"",""source_value_mappings"",111,""target_standard""]",target_standard,string,CL_SYN_SEASONAL_ADJUSTMENT v1.0-draft
"[""optimized_artifact"",""source_value_mappings"",111,""notes""]",notes,string,Local seasonal adjustment; SDMX CL_SEASONAL_ADJUST unresolved.
"[""optimized_artifact"",""source_value_mappings"",111,""evidence_quote""]",evidence_quote,string,Seasonally adjusted
"[""optimized_artifact"",""source_value_mappings"",112]",112,object,
"[""optimized_artifact"",""source_value_mappings"",112,""source_value""]",source_value,string,Publication date: 20 August 2026
"[""optimized_artifact"",""source_value_mappings"",112,""source_context""]",source_context,string,example_01_labour_market.pdf; report metadata
"[""optimized_artifact"",""source_value_mappings"",112,""target_field""]",target_field,string,REPORT_METADATA.PUBLICATION_DATE
"[""optimized_artifact"",""source_value_mappings"",112,""target_code""]",target_code,null,
"[""optimized_artifact"",""source_value_mappings"",112,""target_code_label""]",target_code_label,string,2026-08-20
"[""optimized_artifact"",""source_value_mappings"",112,""mapping_type""]",mapping_type,string,DERIVED
"[""optimized_artifact"",""source_value_mappings"",112,""target_standard""]",target_standard,string,Reference metadata date
"[""optimized_artifact"",""source_value_mappings"",112,""notes""]",notes,string,Labour publication date.
"[""optimized_artifact"",""source_value_mappings"",112,""evidence_quote""]",evidence_quote,string,Publication date: 20 August 2026
"[""optimized_artifact"",""source_value_mappings"",113]",113,object,
"[""optimized_artifact"",""source_value_mappings"",113,""source_value""]",source_value,string,Unemployment rates are synthetic survey estimates for persons aged 15-64. Vacancy counts are compiled independently from a synthetic employer survey and use a monthly reference period.
"[""optimized_artifact"",""source_value_mappings"",113,""source_context""]",source_context,string,example_01_labour_market.pdf; Methodology
"[""optimized_artifact"",""source_value_mappings"",113,""target_field""]",target_field,string,REPORT_METADATA.METHODOLOGY
"[""optimized_artifact"",""source_value_mappings"",113,""target_code""]",target_code,null,
"[""optimized_artifact"",""source_value_mappings"",113,""target_code_label""]",target_code_label,null,
"[""optimized_artifact"",""source_value_mappings"",113,""mapping_type""]",mapping_type,string,EXACT
"[""optimized_artifact"",""source_value_mappings"",113,""target_standard""]",target_standard,string,Reference metadata
"[""optimized_artifact"",""source_value_mappings"",113,""notes""]",notes,string,Labour methodology metadata.
"[""optimized_artifact"",""source_value_mappings"",113,""evidence_quote""]",evidence_quote,string,Unemployment rates are synthetic survey estimates for persons aged 15-64. Vacancy counts are compiled independently from a synthetic employer survey and use a monthly reference period.
"[""optimized_artifact"",""source_value_mappings"",114]",114,object,
"[""optimized_artifact"",""source_value_mappings"",114,""source_value""]",source_value,string,Synthetic Labour Force Survey and Synthetic Establishment Vacancy Survey.
"[""optimized_artifact"",""source_value_mappings"",114,""source_context""]",source_context,string,example_01_labour_market.pdf; Source description
"[""optimized_artifact"",""source_value_mappings"",114,""target_field""]",target_field,string,REPORT_METADATA.SOURCE_DATA
"[""optimized_artifact"",""source_value_mappings"",114,""target_code""]",target_code,null,
"[""optimized_artifact"",""source_value_mappings"",114,""target_code_label""]",target_code_label,null,
"[""optimized_artifact"",""source_value_mappings"",114,""mapping_type""]",mapping_type,string,EXACT
"[""optimized_artifact"",""source_value_mappings"",114,""target_standard""]",target_standard,string,Reference metadata
"[""optimized_artifact"",""source_value_mappings"",114,""notes""]",notes,string,Labour source metadata.
"[""optimized_artifact"",""source_value_mappings"",114,""evidence_quote""]",evidence_quote,string,Synthetic Labour Force Survey and Synthetic Establishment Vacancy Survey.
"[""optimized_artifact"",""source_value_mappings"",115]",115,object,
"[""optimized_artifact"",""source_value_mappings"",115,""source_value""]",source_value,string,Unemployment rate is unemployed persons as a percentage of the labour force. A job vacancy is an unfilled position available for immediate recruitment.
"[""optimized_artifact"",""source_value_mappings"",115,""source_context""]",source_context,string,example_01_labour_market.pdf; Definitions
"[""optimized_artifact"",""source_value_mappings"",115,""target_field""]",target_field,string,REPORT_METADATA.STAT_CONCEPT_DEF
"[""optimized_artifact"",""source_value_mappings"",115,""target_code""]",target_code,null,
"[""optimized_artifact"",""source_value_mappings"",115,""target_code_label""]",target_code_label,null,
"[""optimized_artifact"",""source_value_mappings"",115,""mapping_type""]",mapping_type,string,EXACT
"[""optimized_artifact"",""source_value_mappings"",115,""target_standard""]",target_standard,string,Reference metadata
"[""optimized_artifact"",""source_value_mappings"",115,""notes""]",notes,string,Labour statistical definitions.
"[""optimized_artifact"",""source_value_mappings"",115,""evidence_quote""]",evidence_quote,string,Unemployment rate is unemployed persons as a percentage of the labour force. A job vacancy is an unfilled position available for immediate recruitment.
"[""optimized_artifact"",""source_value_mappings"",116]",116,object,
"[""optimized_artifact"",""source_value_mappings"",116,""source_value""]",source_value,string,Quarterly rates and monthly vacancy counts represent different statistical structures. Total sex coverage includes respondents outside the displayed women/men categories; it must not be inferred by summing displayed rows.
"[""optimized_artifact"",""source_value_mappings"",116,""source_context""]",source_context,string,example_01_labour_market.pdf; Caveats and limitations
"[""optimized_artifact"",""source_value_mappings"",116,""target_field""]",target_field,string,REPORT_METADATA.LIMITATIONS
"[""optimized_artifact"",""source_value_mappings"",116,""target_code""]",target_code,null,
"[""optimized_artifact"",""source_value_mappings"",116,""target_code_label""]",target_code_label,null,
"[""optimized_artifact"",""source_value_mappings"",116,""mapping_type""]",mapping_type,string,EXACT
"[""optimized_artifact"",""source_value_mappings"",116,""target_standard""]",target_standard,string,Reference metadata
"[""optimized_artifact"",""source_value_mappings"",116,""notes""]",notes,string,Full labour limitations restored.
"[""optimized_artifact"",""source_value_mappings"",116,""evidence_quote""]",evidence_quote,string,Quarterly rates and monthly vacancy counts represent different statistical structures. Total sex coverage includes respondents outside the displayed women/men categories; it must not be inferred by summing displayed rows.
"[""optimized_artifact"",""source_value_mappings"",117]",117,object,
"[""optimized_artifact"",""source_value_mappings"",117,""source_value""]",source_value,string,Provisional quarterly estimates are revised after annual weighting. Final vacancy counts may be corrected for reporting errors.
"[""optimized_artifact"",""source_value_mappings"",117,""source_context""]",source_context,string,example_01_labour_market.pdf; Revision policy
"[""optimized_artifact"",""source_value_mappings"",117,""target_field""]",target_field,string,REPORT_METADATA.DATA_REV
"[""optimized_artifact"",""source_value_mappings"",117,""target_code""]",target_code,null,
"[""optimized_artifact"",""source_value_mappings"",117,""target_code_label""]",target_code_label,null,
"[""optimized_artifact"",""source_value_mappings"",117,""mapping_type""]",mapping_type,string,EXACT
"[""optimized_artifact"",""source_value_mappings"",117,""target_standard""]",target_standard,string,Reference metadata
"[""optimized_artifact"",""source_value_mappings"",117,""notes""]",notes,string,Labour revision policy.
"[""optimized_artifact"",""source_value_mappings"",117,""evidence_quote""]",evidence_quote,string,Provisional quarterly estimates are revised after annual weighting. Final vacancy counts may be corrected for reporting errors.
"[""optimized_artifact"",""source_value_mappings"",118]",118,object,
"[""optimized_artifact"",""source_value_mappings"",118,""source_value""]",source_value,string,All records and values are synthetic. No person-level or confidential data are included.
"[""optimized_artifact"",""source_value_mappings"",118,""source_context""]",source_context,string,example_01_labour_market.pdf; Confidentiality
"[""optimized_artifact"",""source_value_mappings"",118,""target_field""]",target_field,string,REPORT_METADATA.CONF
"[""optimized_artifact"",""source_value_mappings"",118,""target_code""]",target_code,null,
"[""optimized_artifact"",""source_value_mappings"",118,""target_code_label""]",target_code_label,null,
"[""optimized_artifact"",""source_value_mappings"",118,""mapping_type""]",mapping_type,string,EXACT
"[""optimized_artifact"",""source_value_mappings"",118,""target_standard""]",target_standard,string,Reference metadata CONF candidate
"[""optimized_artifact"",""source_value_mappings"",118,""notes""]",notes,string,Labour confidentiality metadata.
"[""optimized_artifact"",""source_value_mappings"",118,""evidence_quote""]",evidence_quote,string,All records and values are synthetic. No person-level or confidential data are included.
"[""optimized_artifact"",""source_value_mappings"",119]",119,object,
"[""optimized_artifact"",""source_value_mappings"",119,""source_value""]",source_value,string,"Table 1. Registered deaths by area, cause, age and year"
"[""optimized_artifact"",""source_value_mappings"",119,""source_context""]",source_context,string,example_02_health_system.pdf; table routing
"[""optimized_artifact"",""source_value_mappings"",119,""target_field""]",target_field,string,STRUCTURE_ID
"[""optimized_artifact"",""source_value_mappings"",119,""target_code""]",target_code,string,KF_HEALTH_REGISTERED_DEATHS
"[""optimized_artifact"",""source_value_mappings"",119,""target_code_label""]",target_code_label,string,Registered deaths
"[""optimized_artifact"",""source_value_mappings"",119,""mapping_type""]",mapping_type,string,EXACT
"[""optimized_artifact"",""source_value_mappings"",119,""target_standard""]",target_standard,string,Accepted Key Family
"[""optimized_artifact"",""source_value_mappings"",119,""notes""]",notes,string,Route health Table 1 rows.
"[""optimized_artifact"",""source_value_mappings"",119,""evidence_quote""]",evidence_quote,string,"Table 1. Registered deaths by area, cause, age and year"
"[""optimized_artifact"",""source_value_mappings"",120]",120,object,
"[""optimized_artifact"",""source_value_mappings"",120,""source_value""]",source_value,string,Table 2. Available hospital beds by ownership
"[""optimized_artifact"",""source_value_mappings"",120,""source_context""]",source_context,string,example_02_health_system.pdf; table routing
"[""optimized_artifact"",""source_value_mappings"",120,""target_field""]",target_field,string,STRUCTURE_ID
"[""optimized_artifact"",""source_value_mappings"",120,""target_code""]",target_code,string,KF_HEALTH_AVAILABLE_HOSPITAL_BEDS
"[""optimized_artifact"",""source_value_mappings"",120,""target_code_label""]",target_code_label,string,Available hospital beds
"[""optimized_artifact"",""source_value_mappings"",120,""mapping_type""]",mapping_type,string,EXACT
"[""optimized_artifact"",""source_value_mappings"",120,""target_standard""]",target_standard,string,Accepted Key Family
"[""optimized_artifact"",""source_value_mappings"",120,""notes""]",notes,string,Route health Table 2 rows.
"[""optimized_artifact"",""source_value_mappings"",120,""evidence_quote""]",evidence_quote,string,Table 2. Available hospital beds by ownership
"[""optimized_artifact"",""source_value_mappings"",121]",121,object,
"[""optimized_artifact"",""source_value_mappings"",121,""source_value""]",source_value,string,Registered deaths count events during the calendar year.
"[""optimized_artifact"",""source_value_mappings"",121,""source_context""]",source_context,string,example_02_health_system.pdf; definitions; FREQ derivation
"[""optimized_artifact"",""source_value_mappings"",121,""target_field""]",target_field,string,KF_HEALTH_REGISTERED_DEATHS.FREQ
"[""optimized_artifact"",""source_value_mappings"",121,""target_code""]",target_code,null,
"[""optimized_artifact"",""source_value_mappings"",121,""target_code_label""]",target_code_label,null,
"[""optimized_artifact"",""source_value_mappings"",121,""mapping_type""]",mapping_type,string,UNRESOLVED
"[""optimized_artifact"",""source_value_mappings"",121,""target_standard""]",target_standard,string,SDMX CL_FREQ candidate
"[""optimized_artifact"",""source_value_mappings"",121,""notes""]",notes,string,Annual semantics derived; no code auto-filled until CL_FREQ confirmed.
"[""optimized_artifact"",""source_value_mappings"",121,""evidence_quote""]",evidence_quote,string,Registered deaths count events during the calendar year.
"[""optimized_artifact"",""source_value_mappings"",122]",122,object,
"[""optimized_artifact"",""source_value_mappings"",122,""source_value""]",source_value,string,Available beds are staffed beds available on 31 December.
"[""optimized_artifact"",""source_value_mappings"",122,""source_context""]",source_context,string,example_02_health_system.pdf; definitions; FREQ derivation
"[""optimized_artifact"",""source_value_mappings"",122,""target_field""]",target_field,string,KF_HEALTH_AVAILABLE_HOSPITAL_BEDS.FREQ
"[""optimized_artifact"",""source_value_mappings"",122,""target_code""]",target_code,null,
"[""optimized_artifact"",""source_value_mappings"",122,""target_code_label""]",target_code_label,null,
"[""optimized_artifact"",""source_value_mappings"",122,""mapping_type""]",mapping_type,string,UNRESOLVED
"[""optimized_artifact"",""source_value_mappings"",122,""target_standard""]",target_standard,string,SDMX CL_FREQ candidate
"[""optimized_artifact"",""source_value_mappings"",122,""notes""]",notes,string,Annual/year-end semantics derived; no code auto-filled until CL_FREQ confirmed.
"[""optimized_artifact"",""source_value_mappings"",122,""evidence_quote""]",evidence_quote,string,Available beds are staffed beds available on 31 December.
"[""optimized_artifact"",""source_value_mappings"",123]",123,object,
"[""optimized_artifact"",""source_value_mappings"",123,""source_value""]",source_value,string,Northland
"[""optimized_artifact"",""source_value_mappings"",123,""source_context""]",source_context,string,example_02_health_system.pdf; mortality Area
"[""optimized_artifact"",""source_value_mappings"",123,""target_field""]",target_field,string,KF_HEALTH_REGISTERED_DEATHS.REF_AREA
"[""optimized_artifact"",""source_value_mappings"",123,""target_code""]",target_code,string,NORTHLAND
"[""optimized_artifact"",""source_value_mappings"",123,""target_code_label""]",target_code_label,string,Northland
"[""optimized_artifact"",""source_value_mappings"",123,""mapping_type""]",mapping_type,string,LOCAL_EQUIVALENT
"[""optimized_artifact"",""source_value_mappings"",123,""target_standard""]",target_standard,string,CL_HEALTH_AREA_LOCAL v1.0-proposed
"[""optimized_artifact"",""source_value_mappings"",123,""notes""]",notes,string,Health local reporting area; no cross-domain equivalence assumed.
"[""optimized_artifact"",""source_value_mappings"",123,""evidence_quote""]",evidence_quote,string,Northland
"[""optimized_artifact"",""source_value_mappings"",124]",124,object,
"[""optimized_artifact"",""source_value_mappings"",124,""source_value""]",source_value,string,Centralia
"[""optimized_artifact"",""source_value_mappings"",124,""source_context""]",source_context,string,example_02_health_system.pdf; mortality Area
"[""optimized_artifact"",""source_value_mappings"",124,""target_field""]",target_field,string,KF_HEALTH_REGISTERED_DEATHS.REF_AREA
"[""optimized_artifact"",""source_value_mappings"",124,""target_code""]",target_code,string,CENTRALIA
"[""optimized_artifact"",""source_value_mappings"",124,""target_code_label""]",target_code_label,string,Centralia
"[""optimized_artifact"",""source_value_mappings"",124,""mapping_type""]",mapping_type,string,LOCAL_EQUIVALENT
"[""optimized_artifact"",""source_value_mappings"",124,""target_standard""]",target_standard,string,CL_HEALTH_AREA_LOCAL v1.0-proposed
"[""optimized_artifact"",""source_value_mappings"",124,""notes""]",notes,string,Health local reporting area.
"[""optimized_artifact"",""source_value_mappings"",124,""evidence_quote""]",evidence_quote,string,Centralia
"[""optimized_artifact"",""source_value_mappings"",125]",125,object,
"[""optimized_artifact"",""source_value_mappings"",125,""source_value""]",source_value,string,South Coast
"[""optimized_artifact"",""source_value_mappings"",125,""source_context""]",source_context,string,example_02_health_system.pdf; mortality Area
"[""optimized_artifact"",""source_value_mappings"",125,""target_field""]",target_field,string,KF_HEALTH_REGISTERED_DEATHS.REF_AREA
"[""optimized_artifact"",""source_value_mappings"",125,""target_code""]",target_code,string,SOUTH_COAST
"[""optimized_artifact"",""source_value_mappings"",125,""target_code_label""]",target_code_label,string,South Coast
"[""optimized_artifact"",""source_value_mappings"",125,""mapping_type""]",mapping_type,string,LOCAL_EQUIVALENT
"[""optimized_artifact"",""source_value_mappings"",125,""target_standard""]",target_standard,string,CL_HEALTH_AREA_LOCAL v1.0-proposed
"[""optimized_artifact"",""source_value_mappings"",125,""notes""]",notes,string,Health local reporting area.
"[""optimized_artifact"",""source_value_mappings"",125,""evidence_quote""]",evidence_quote,string,South Coast
"[""optimized_artifact"",""source_value_mappings"",126]",126,object,
"[""optimized_artifact"",""source_value_mappings"",126,""source_value""]",source_value,string,Circulatory diseases
"[""optimized_artifact"",""source_value_mappings"",126,""source_context""]",source_context,string,example_02_health_system.pdf; Cause
"[""optimized_artifact"",""source_value_mappings"",126,""target_field""]",target_field,string,KF_HEALTH_REGISTERED_DEATHS.CAUSE_OF_DEATH
"[""optimized_artifact"",""source_value_mappings"",126,""target_code""]",target_code,string,CIRCULATORY_DISEASES
"[""optimized_artifact"",""source_value_mappings"",126,""target_code_label""]",target_code_label,string,Circulatory diseases
"[""optimized_artifact"",""source_value_mappings"",126,""mapping_type""]",mapping_type,string,LOCAL_EQUIVALENT
"[""optimized_artifact"",""source_value_mappings"",126,""target_standard""]",target_standard,string,CL_HEALTH_CAUSE_LOCAL v1.0-proposed
"[""optimized_artifact"",""source_value_mappings"",126,""notes""]",notes,string,Local broad cause; no ICD mapping without version.
"[""optimized_artifact"",""source_value_mappings"",126,""evidence_quote""]",evidence_quote,string,Circulatory diseases
"[""optimized_artifact"",""source_value_mappings"",127]",127,object,
"[""optimized_artifact"",""source_value_mappings"",127,""source_value""]",source_value,string,Neoplasms
"[""optimized_artifact"",""source_value_mappings"",127,""source_context""]",source_context,string,example_02_health_system.pdf; Cause
"[""optimized_artifact"",""source_value_mappings"",127,""target_field""]",target_field,string,KF_HEALTH_REGISTERED_DEATHS.CAUSE_OF_DEATH
"[""optimized_artifact"",""source_value_mappings"",127,""target_code""]",target_code,string,NEOPLASMS
"[""optimized_artifact"",""source_value_mappings"",127,""target_code_label""]",target_code_label,string,Neoplasms
"[""optimized_artifact"",""source_value_mappings"",127,""mapping_type""]",mapping_type,string,LOCAL_EQUIVALENT
"[""optimized_artifact"",""source_value_mappings"",127,""target_standard""]",target_standard,string,CL_HEALTH_CAUSE_LOCAL v1.0-proposed
"[""optimized_artifact"",""source_value_mappings"",127,""notes""]",notes,string,Local broad cause; no ICD mapping without version.
"[""optimized_artifact"",""source_value_mappings"",127,""evidence_quote""]",evidence_quote,string,Neoplasms
"[""optimized_artifact"",""source_value_mappings"",128]",128,object,
"[""optimized_artifact"",""source_value_mappings"",128,""source_value""]",source_value,string,Cause labels resemble broad ICD families but no ICD version is confirmed.
"[""optimized_artifact"",""source_value_mappings"",128,""source_context""]",source_context,string,example_02_health_system.pdf; caveats
"[""optimized_artifact"",""source_value_mappings"",128,""target_field""]",target_field,string,KF_HEALTH_REGISTERED_DEATHS.CAUSE_OF_DEATH
"[""optimized_artifact"",""source_value_mappings"",128,""target_code""]",target_code,null,
"[""optimized_artifact"",""source_value_mappings"",128,""target_code_label""]",target_code_label,null,
"[""optimized_artifact"",""source_value_mappings"",128,""mapping_type""]",mapping_type,string,UNRESOLVED
"[""optimized_artifact"",""source_value_mappings"",128,""target_standard""]",target_standard,string,ICD candidate
"[""optimized_artifact"",""source_value_mappings"",128,""notes""]",notes,string,Prevents confirmed ICD mapping.
"[""optimized_artifact"",""source_value_mappings"",128,""evidence_quote""]",evidence_quote,string,Cause labels resemble broad ICD families but no ICD version is confirmed.
"[""optimized_artifact"",""source_value_mappings"",129]",129,object,
"[""optimized_artifact"",""source_value_mappings"",129,""source_value""]",source_value,string,45-64
"[""optimized_artifact"",""source_value_mappings"",129,""source_context""]",source_context,string,example_02_health_system.pdf; Age
"[""optimized_artifact"",""source_value_mappings"",129,""target_field""]",target_field,string,KF_HEALTH_REGISTERED_DEATHS.AGE
"[""optimized_artifact"",""source_value_mappings"",129,""target_code""]",target_code,string,Y45T64
"[""optimized_artifact"",""source_value_mappings"",129,""target_code_label""]",target_code_label,string,45-64
"[""optimized_artifact"",""source_value_mappings"",129,""mapping_type""]",mapping_type,string,LOCAL_EQUIVALENT
"[""optimized_artifact"",""source_value_mappings"",129,""target_standard""]",target_standard,string,CL_HEALTH_AGE_GROUP_LOCAL v1.0-proposed
"[""optimized_artifact"",""source_value_mappings"",129,""notes""]",notes,string,Local age group.
"[""optimized_artifact"",""source_value_mappings"",129,""evidence_quote""]",evidence_quote,string,45-64
"[""optimized_artifact"",""source_value_mappings"",130]",130,object,
"[""optimized_artifact"",""source_value_mappings"",130,""source_value""]",source_value,string,65+
"[""optimized_artifact"",""source_value_mappings"",130,""source_context""]",source_context,string,example_02_health_system.pdf; Age
"[""optimized_artifact"",""source_value_mappings"",130,""target_field""]",target_field,string,KF_HEALTH_REGISTERED_DEATHS.AGE
"[""optimized_artifact"",""source_value_mappings"",130,""target_code""]",target_code,string,Y65_PLUS
"[""optimized_artifact"",""source_value_mappings"",130,""target_code_label""]",target_code_label,string,65+
"[""optimized_artifact"",""source_value_mappings"",130,""mapping_type""]",mapping_type,string,LOCAL_EQUIVALENT
"[""optimized_artifact"",""source_value_mappings"",130,""target_standard""]",target_standard,string,CL_HEALTH_AGE_GROUP_LOCAL v1.0-proposed
"[""optimized_artifact"",""source_value_mappings"",130,""notes""]",notes,string,Local age group.
"[""optimized_artifact"",""source_value_mappings"",130,""evidence_quote""]",evidence_quote,string,65+
"[""optimized_artifact"",""source_value_mappings"",131]",131,object,
"[""optimized_artifact"",""source_value_mappings"",131,""source_value""]",source_value,string,Public
"[""optimized_artifact"",""source_value_mappings"",131,""source_context""]",source_context,string,example_02_health_system.pdf; Ownership
"[""optimized_artifact"",""source_value_mappings"",131,""target_field""]",target_field,string,KF_HEALTH_AVAILABLE_HOSPITAL_BEDS.OWNERSHIP
"[""optimized_artifact"",""source_value_mappings"",131,""target_code""]",target_code,string,PUBLIC
"[""optimized_artifact"",""source_value_mappings"",131,""target_code_label""]",target_code_label,string,Public
"[""optimized_artifact"",""source_value_mappings"",131,""mapping_type""]",mapping_type,string,LOCAL_EQUIVALENT
"[""optimized_artifact"",""source_value_mappings"",131,""target_standard""]",target_standard,string,CL_HEALTH_OWNERSHIP_LOCAL v1.0-proposed
"[""optimized_artifact"",""source_value_mappings"",131,""notes""]",notes,string,Local ownership code.
"[""optimized_artifact"",""source_value_mappings"",131,""evidence_quote""]",evidence_quote,string,Public
"[""optimized_artifact"",""source_value_mappings"",132]",132,object,
"[""optimized_artifact"",""source_value_mappings"",132,""source_value""]",source_value,string,Private non-profit
"[""optimized_artifact"",""source_value_mappings"",132,""source_context""]",source_context,string,example_02_health_system.pdf; Ownership
"[""optimized_artifact"",""source_value_mappings"",132,""target_field""]",target_field,string,KF_HEALTH_AVAILABLE_HOSPITAL_BEDS.OWNERSHIP
"[""optimized_artifact"",""source_value_mappings"",132,""target_code""]",target_code,string,PRIVATE_NON_PROFIT
"[""optimized_artifact"",""source_value_mappings"",132,""target_code_label""]",target_code_label,string,Private non-profit
"[""optimized_artifact"",""source_value_mappings"",132,""mapping_type""]",mapping_type,string,LOCAL_EQUIVALENT
"[""optimized_artifact"",""source_value_mappings"",132,""target_standard""]",target_standard,string,CL_HEALTH_OWNERSHIP_LOCAL v1.0-proposed
"[""optimized_artifact"",""source_value_mappings"",132,""notes""]",notes,string,Local ownership code.
"[""optimized_artifact"",""source_value_mappings"",132,""evidence_quote""]",evidence_quote,string,Private non-profit
"[""optimized_artifact"",""source_value_mappings"",133]",133,object,
"[""optimized_artifact"",""source_value_mappings"",133,""source_value""]",source_value,string,Private for-profit
"[""optimized_artifact"",""source_value_mappings"",133,""source_context""]",source_context,string,example_02_health_system.pdf; Ownership
"[""optimized_artifact"",""source_value_mappings"",133,""target_field""]",target_field,string,KF_HEALTH_AVAILABLE_HOSPITAL_BEDS.OWNERSHIP
"[""optimized_artifact"",""source_value_mappings"",133,""target_code""]",target_code,string,PRIVATE_FOR_PROFIT
"[""optimized_artifact"",""source_value_mappings"",133,""target_code_label""]",target_code_label,string,Private for-profit
"[""optimized_artifact"",""source_value_mappings"",133,""mapping_type""]",mapping_type,string,LOCAL_EQUIVALENT
"[""optimized_artifact"",""source_value_mappings"",133,""target_standard""]",target_standard,string,CL_HEALTH_OWNERSHIP_LOCAL v1.0-proposed
"[""optimized_artifact"",""source_value_mappings"",133,""notes""]",notes,string,Local ownership code.
"[""optimized_artifact"",""source_value_mappings"",133,""evidence_quote""]",evidence_quote,string,Private for-profit
"[""optimized_artifact"",""source_value_mappings"",134]",134,object,
"[""optimized_artifact"",""source_value_mappings"",134,""source_value""]",source_value,string,Value
"[""optimized_artifact"",""source_value_mappings"",134,""source_context""]",source_context,string,example_02_health_system.pdf; mortality Value
"[""optimized_artifact"",""source_value_mappings"",134,""target_field""]",target_field,string,KF_HEALTH_REGISTERED_DEATHS.OBS_VALUE
"[""optimized_artifact"",""source_value_mappings"",134,""target_code""]",target_code,null,
"[""optimized_artifact"",""source_value_mappings"",134,""target_code_label""]",target_code_label,null,
"[""optimized_artifact"",""source_value_mappings"",134,""mapping_type""]",mapping_type,string,EXACT
"[""optimized_artifact"",""source_value_mappings"",134,""target_standard""]",target_standard,string,SDMX OBS_VALUE candidate
"[""optimized_artifact"",""source_value_mappings"",134,""notes""]",notes,string,Numeric registered-deaths value.
"[""optimized_artifact"",""source_value_mappings"",134,""evidence_quote""]",evidence_quote,string,Value
"[""optimized_artifact"",""source_value_mappings"",135]",135,object,
"[""optimized_artifact"",""source_value_mappings"",135,""source_value""]",source_value,string,Value
"[""optimized_artifact"",""source_value_mappings"",135,""source_context""]",source_context,string,example_02_health_system.pdf; hospital beds Value
"[""optimized_artifact"",""source_value_mappings"",135,""target_field""]",target_field,string,KF_HEALTH_AVAILABLE_HOSPITAL_BEDS.OBS_VALUE
"[""optimized_artifact"",""source_value_mappings"",135,""target_code""]",target_code,null,
"[""optimized_artifact"",""source_value_mappings"",135,""target_code_label""]",target_code_label,null,
"[""optimized_artifact"",""source_value_mappings"",135,""mapping_type""]",mapping_type,string,EXACT
"[""optimized_artifact"",""source_value_mappings"",135,""target_standard""]",target_standard,string,SDMX OBS_VALUE candidate
"[""optimized_artifact"",""source_value_mappings"",135,""notes""]",notes,string,Numeric hospital-bed value.
"[""optimized_artifact"",""source_value_mappings"",135,""evidence_quote""]",evidence_quote,string,Value
"[""optimized_artifact"",""source_value_mappings"",136]",136,object,
"[""optimized_artifact"",""source_value_mappings"",136,""source_value""]",source_value,string,Deaths
"[""optimized_artifact"",""source_value_mappings"",136,""source_context""]",source_context,string,example_02_health_system.pdf; mortality Unit
"[""optimized_artifact"",""source_value_mappings"",136,""target_field""]",target_field,string,KF_HEALTH_REGISTERED_DEATHS.UNIT_MEASURE
"[""optimized_artifact"",""source_value_mappings"",136,""target_code""]",target_code,string,DEATHS
"[""optimized_artifact"",""source_value_mappings"",136,""target_code_label""]",target_code_label,string,Deaths
"[""optimized_artifact"",""source_value_mappings"",136,""mapping_type""]",mapping_type,string,LOCAL_EQUIVALENT
"[""optimized_artifact"",""source_value_mappings"",136,""target_standard""]",target_standard,string,CL_HEALTH_UNIT_MEASURE_LOCAL v1.0-proposed
"[""optimized_artifact"",""source_value_mappings"",136,""notes""]",notes,string,Health local unit.
"[""optimized_artifact"",""source_value_mappings"",136,""evidence_quote""]",evidence_quote,string,Deaths
"[""optimized_artifact"",""source_value_mappings"",137]",137,object,
"[""optimized_artifact"",""source_value_mappings"",137,""source_value""]",source_value,string,Beds
"[""optimized_artifact"",""source_value_mappings"",137,""source_context""]",source_context,string,example_02_health_system.pdf; hospital beds Unit
"[""optimized_artifact"",""source_value_mappings"",137,""target_field""]",target_field,string,KF_HEALTH_AVAILABLE_HOSPITAL_BEDS.UNIT_MEASURE
"[""optimized_artifact"",""source_value_mappings"",137,""target_code""]",target_code,string,BEDS
"[""optimized_artifact"",""source_value_mappings"",137,""target_code_label""]",target_code_label,string,Beds
"[""optimized_artifact"",""source_value_mappings"",137,""mapping_type""]",mapping_type,string,LOCAL_EQUIVALENT
"[""optimized_artifact"",""source_value_mappings"",137,""target_standard""]",target_standard,string,CL_HEALTH_UNIT_MEASURE_LOCAL v1.0-proposed
"[""optimized_artifact"",""source_value_mappings"",137,""notes""]",notes,string,Health local unit.
"[""optimized_artifact"",""source_value_mappings"",137,""evidence_quote""]",evidence_quote,string,Beds
"[""optimized_artifact"",""source_value_mappings"",138]",138,object,
"[""optimized_artifact"",""source_value_mappings"",138,""source_value""]",source_value,string,Final
"[""optimized_artifact"",""source_value_mappings"",138,""source_context""]",source_context,string,example_02_health_system.pdf; mortality Status
"[""optimized_artifact"",""source_value_mappings"",138,""target_field""]",target_field,string,KF_HEALTH_REGISTERED_DEATHS.OBS_STATUS
"[""optimized_artifact"",""source_value_mappings"",138,""target_code""]",target_code,string,FINAL
"[""optimized_artifact"",""source_value_mappings"",138,""target_code_label""]",target_code_label,string,Final
"[""optimized_artifact"",""source_value_mappings"",138,""mapping_type""]",mapping_type,string,LOCAL_EQUIVALENT
"[""optimized_artifact"",""source_value_mappings"",138,""target_standard""]",target_standard,string,CL_HEALTH_OBS_STATUS_LOCAL v1.0-proposed
"[""optimized_artifact"",""source_value_mappings"",138,""notes""]",notes,string,Health local status.
"[""optimized_artifact"",""source_value_mappings"",138,""evidence_quote""]",evidence_quote,string,Final
"[""optimized_artifact"",""source_value_mappings"",139]",139,object,
"[""optimized_artifact"",""source_value_mappings"",139,""source_value""]",source_value,string,Provisional
"[""optimized_artifact"",""source_value_mappings"",139,""source_context""]",source_context,string,example_02_health_system.pdf; mortality Status
"[""optimized_artifact"",""source_value_mappings"",139,""target_field""]",target_field,string,KF_HEALTH_REGISTERED_DEATHS.OBS_STATUS
"[""optimized_artifact"",""source_value_mappings"",139,""target_code""]",target_code,string,PROVISIONAL
"[""optimized_artifact"",""source_value_mappings"",139,""target_code_label""]",target_code_label,string,Provisional
"[""optimized_artifact"",""source_value_mappings"",139,""mapping_type""]",mapping_type,string,LOCAL_EQUIVALENT
"[""optimized_artifact"",""source_value_mappings"",139,""target_standard""]",target_standard,string,CL_HEALTH_OBS_STATUS_LOCAL v1.0-proposed
"[""optimized_artifact"",""source_value_mappings"",139,""notes""]",notes,string,Health local status.
"[""optimized_artifact"",""source_value_mappings"",139,""evidence_quote""]",evidence_quote,string,Provisional
"[""optimized_artifact"",""source_value_mappings"",140]",140,object,
"[""optimized_artifact"",""source_value_mappings"",140,""source_value""]",source_value,string,Footnote: 2024 death counts are provisional.
"[""optimized_artifact"",""source_value_mappings"",140,""source_context""]",source_context,string,example_02_health_system.pdf; mortality footnote
"[""optimized_artifact"",""source_value_mappings"",140,""target_field""]",target_field,string,KF_HEALTH_REGISTERED_DEATHS.OBS_STATUS
"[""optimized_artifact"",""source_value_mappings"",140,""target_code""]",target_code,string,PROVISIONAL
"[""optimized_artifact"",""source_value_mappings"",140,""target_code_label""]",target_code_label,string,Provisional
"[""optimized_artifact"",""source_value_mappings"",140,""mapping_type""]",mapping_type,string,DERIVED
"[""optimized_artifact"",""source_value_mappings"",140,""target_standard""]",target_standard,string,CL_HEALTH_OBS_STATUS_LOCAL v1.0-proposed
"[""optimized_artifact"",""source_value_mappings"",140,""notes""]",notes,string,Restored rule assigning provisional to 2024 death counts.
"[""optimized_artifact"",""source_value_mappings"",140,""evidence_quote""]",evidence_quote,string,Footnote: 2024 death counts are provisional.
"[""optimized_artifact"",""source_value_mappings"",141]",141,object,
"[""optimized_artifact"",""source_value_mappings"",141,""source_value""]",source_value,string,Final
"[""optimized_artifact"",""source_value_mappings"",141,""source_context""]",source_context,string,example_02_health_system.pdf; hospital beds Status
"[""optimized_artifact"",""source_value_mappings"",141,""target_field""]",target_field,string,KF_HEALTH_AVAILABLE_HOSPITAL_BEDS.OBS_STATUS
"[""optimized_artifact"",""source_value_mappings"",141,""target_code""]",target_code,string,FINAL
"[""optimized_artifact"",""source_value_mappings"",141,""target_code_label""]",target_code_label,string,Final
"[""optimized_artifact"",""source_value_mappings"",141,""mapping_type""]",mapping_type,string,LOCAL_EQUIVALENT
"[""optimized_artifact"",""source_value_mappings"",141,""target_standard""]",target_standard,string,CL_HEALTH_OBS_STATUS_LOCAL v1.0-proposed
"[""optimized_artifact"",""source_value_mappings"",141,""notes""]",notes,string,Health local status.
"[""optimized_artifact"",""source_value_mappings"",141,""evidence_quote""]",evidence_quote,string,Final
"[""optimized_artifact"",""source_value_mappings"",142]",142,object,
"[""optimized_artifact"",""source_value_mappings"",142,""source_value""]",source_value,string,Estimated
"[""optimized_artifact"",""source_value_mappings"",142,""source_context""]",source_context,string,example_02_health_system.pdf; hospital beds Status
"[""optimized_artifact"",""source_value_mappings"",142,""target_field""]",target_field,string,KF_HEALTH_AVAILABLE_HOSPITAL_BEDS.OBS_STATUS
"[""optimized_artifact"",""source_value_mappings"",142,""target_code""]",target_code,string,ESTIMATED
"[""optimized_artifact"",""source_value_mappings"",142,""target_code_label""]",target_code_label,string,Estimated
"[""optimized_artifact"",""source_value_mappings"",142,""mapping_type""]",mapping_type,string,LOCAL_EQUIVALENT
"[""optimized_artifact"",""source_value_mappings"",142,""target_standard""]",target_standard,string,CL_HEALTH_OBS_STATUS_LOCAL v1.0-proposed
"[""optimized_artifact"",""source_value_mappings"",142,""notes""]",notes,string,Health local status.
"[""optimized_artifact"",""source_value_mappings"",142,""evidence_quote""]",evidence_quote,string,Estimated
"[""optimized_artifact"",""source_value_mappings"",143]",143,object,
"[""optimized_artifact"",""source_value_mappings"",143,""source_value""]",source_value,string,Footnote: Private for-profit 2024 values are estimated.
"[""optimized_artifact"",""source_value_mappings"",143,""source_context""]",source_context,string,example_02_health_system.pdf; hospital beds footnote
"[""optimized_artifact"",""source_value_mappings"",143,""target_field""]",target_field,string,KF_HEALTH_AVAILABLE_HOSPITAL_BEDS.OBS_STATUS
"[""optimized_artifact"",""source_value_mappings"",143,""target_code""]",target_code,string,ESTIMATED
"[""optimized_artifact"",""source_value_mappings"",143,""target_code_label""]",target_code_label,string,Estimated
"[""optimized_artifact"",""source_value_mappings"",143,""mapping_type""]",mapping_type,string,DERIVED
"[""optimized_artifact"",""source_value_mappings"",143,""target_standard""]",target_standard,string,CL_HEALTH_OBS_STATUS_LOCAL v1.0-proposed
"[""optimized_artifact"",""source_value_mappings"",143,""notes""]",notes,string,Restored rule assigning Estimated to 2024 private for-profit bed observation.
"[""optimized_artifact"",""source_value_mappings"",143,""evidence_quote""]",evidence_quote,string,Footnote: Private for-profit 2024 values are estimated.
"[""optimized_artifact"",""source_value_mappings"",144]",144,object,
"[""optimized_artifact"",""source_value_mappings"",144,""source_value""]",source_value,string,Publication date: 3 July 2026
"[""optimized_artifact"",""source_value_mappings"",144,""source_context""]",source_context,string,example_02_health_system.pdf; metadata
"[""optimized_artifact"",""source_value_mappings"",144,""target_field""]",target_field,string,REPORT_METADATA.PUBLICATION_DATE
"[""optimized_artifact"",""source_value_mappings"",144,""target_code""]",target_code,null,
"[""optimized_artifact"",""source_value_mappings"",144,""target_code_label""]",target_code_label,string,2026-07-03
"[""optimized_artifact"",""source_value_mappings"",144,""mapping_type""]",mapping_type,string,DERIVED
"[""optimized_artifact"",""source_value_mappings"",144,""target_standard""]",target_standard,string,Reference metadata date
"[""optimized_artifact"",""source_value_mappings"",144,""notes""]",notes,string,Health publication date.
"[""optimized_artifact"",""source_value_mappings"",144,""evidence_quote""]",evidence_quote,string,Publication date: 3 July 2026
"[""optimized_artifact"",""source_value_mappings"",145]",145,object,
"[""optimized_artifact"",""source_value_mappings"",145,""source_value""]",source_value,string,Synthetic Public Health Agency
"[""optimized_artifact"",""source_value_mappings"",145,""source_context""]",source_context,string,example_02_health_system.pdf; publisher
"[""optimized_artifact"",""source_value_mappings"",145,""target_field""]",target_field,string,REPORT_METADATA.COMPILING_ORG
"[""optimized_artifact"",""source_value_mappings"",145,""target_code""]",target_code,null,
"[""optimized_artifact"",""source_value_mappings"",145,""target_code_label""]",target_code_label,null,
"[""optimized_artifact"",""source_value_mappings"",145,""mapping_type""]",mapping_type,string,EXACT
"[""optimized_artifact"",""source_value_mappings"",145,""target_standard""]",target_standard,string,Reference metadata COMPILING_ORG
"[""optimized_artifact"",""source_value_mappings"",145,""notes""]",notes,string,Health publisher.
"[""optimized_artifact"",""source_value_mappings"",145,""evidence_quote""]",evidence_quote,string,Synthetic Public Health Agency
"[""optimized_artifact"",""source_value_mappings"",146]",146,object,
"[""optimized_artifact"",""source_value_mappings"",146,""source_value""]",source_value,string,Deaths are synthetic registered events classified by underlying cause and age group. Hospital beds are a year-end stock measure collected from facilities and should not share the mortality DSD.
"[""optimized_artifact"",""source_value_mappings"",146,""source_context""]",source_context,string,example_02_health_system.pdf; Methodology
"[""optimized_artifact"",""source_value_mappings"",146,""target_field""]",target_field,string,REPORT_METADATA.METHODOLOGY
"[""optimized_artifact"",""source_value_mappings"",146,""target_code""]",target_code,null,
"[""optimized_artifact"",""source_value_mappings"",146,""target_code_label""]",target_code_label,null,
"[""optimized_artifact"",""source_value_mappings"",146,""mapping_type""]",mapping_type,string,EXACT
"[""optimized_artifact"",""source_value_mappings"",146,""target_standard""]",target_standard,string,Reference metadata
"[""optimized_artifact"",""source_value_mappings"",146,""notes""]",notes,string,Health methodology metadata.
"[""optimized_artifact"",""source_value_mappings"",146,""evidence_quote""]",evidence_quote,string,Deaths are synthetic registered events classified by underlying cause and age group. Hospital beds are a year-end stock measure collected from facilities and should not share the mortality DSD.
"[""optimized_artifact"",""source_value_mappings"",147]",147,object,
"[""optimized_artifact"",""source_value_mappings"",147,""source_value""]",source_value,string,Synthetic Civil Registration System and Synthetic Facility Census.
"[""optimized_artifact"",""source_value_mappings"",147,""source_context""]",source_context,string,example_02_health_system.pdf; Source description
"[""optimized_artifact"",""source_value_mappings"",147,""target_field""]",target_field,string,REPORT_METADATA.SOURCE_DATA
"[""optimized_artifact"",""source_value_mappings"",147,""target_code""]",target_code,null,
"[""optimized_artifact"",""source_value_mappings"",147,""target_code_label""]",target_code_label,null,
"[""optimized_artifact"",""source_value_mappings"",147,""mapping_type""]",mapping_type,string,EXACT
"[""optimized_artifact"",""source_value_mappings"",147,""target_standard""]",target_standard,string,Reference metadata
"[""optimized_artifact"",""source_value_mappings"",147,""notes""]",notes,string,Restored health source-data mapping.
"[""optimized_artifact"",""source_value_mappings"",147,""evidence_quote""]",evidence_quote,string,Synthetic Civil Registration System and Synthetic Facility Census.
"[""optimized_artifact"",""source_value_mappings"",148]",148,object,
"[""optimized_artifact"",""source_value_mappings"",148,""source_value""]",source_value,string,Registered deaths count events during the calendar year. Available beds are staffed beds available on 31 December.
"[""optimized_artifact"",""source_value_mappings"",148,""source_context""]",source_context,string,example_02_health_system.pdf; Definitions
"[""optimized_artifact"",""source_value_mappings"",148,""target_field""]",target_field,string,REPORT_METADATA.STAT_CONCEPT_DEF
"[""optimized_artifact"",""source_value_mappings"",148,""target_code""]",target_code,null,
"[""optimized_artifact"",""source_value_mappings"",148,""target_code_label""]",target_code_label,null,
"[""optimized_artifact"",""source_value_mappings"",148,""mapping_type""]",mapping_type,string,EXACT
"[""optimized_artifact"",""source_value_mappings"",148,""target_standard""]",target_standard,string,Reference metadata
"[""optimized_artifact"",""source_value_mappings"",148,""notes""]",notes,string,Health definitions.
"[""optimized_artifact"",""source_value_mappings"",148,""evidence_quote""]",evidence_quote,string,Registered deaths count events during the calendar year. Available beds are staffed beds available on 31 December.
"[""optimized_artifact"",""source_value_mappings"",149]",149,object,
"[""optimized_artifact"",""source_value_mappings"",149,""source_value""]",source_value,string,Cause labels resemble broad ICD families but no ICD version is confirmed. Private-sector bed reporting is incomplete in 2024.
"[""optimized_artifact"",""source_value_mappings"",149,""source_context""]",source_context,string,example_02_health_system.pdf; Caveats and limitations
"[""optimized_artifact"",""source_value_mappings"",149,""target_field""]",target_field,string,REPORT_METADATA.LIMITATIONS
"[""optimized_artifact"",""source_value_mappings"",149,""target_code""]",target_code,null,
"[""optimized_artifact"",""source_value_mappings"",149,""target_code_label""]",target_code_label,null,
"[""optimized_artifact"",""source_value_mappings"",149,""mapping_type""]",mapping_type,string,EXACT
"[""optimized_artifact"",""source_value_mappings"",149,""target_standard""]",target_standard,string,Reference metadata
"[""optimized_artifact"",""source_value_mappings"",149,""notes""]",notes,string,"Full health limitations restored, including private-sector bed reporting caveat."
"[""optimized_artifact"",""source_value_mappings"",149,""evidence_quote""]",evidence_quote,string,Cause labels resemble broad ICD families but no ICD version is confirmed. Private-sector bed reporting is incomplete in 2024.
"[""optimized_artifact"",""source_value_mappings"",150]",150,object,
"[""optimized_artifact"",""source_value_mappings"",150,""source_value""]",source_value,string,Provisional death counts are revised when late registrations arrive. Estimated bed counts are replaced after facility validation.
"[""optimized_artifact"",""source_value_mappings"",150,""source_context""]",source_context,string,example_02_health_system.pdf; Revision policy
"[""optimized_artifact"",""source_value_mappings"",150,""target_field""]",target_field,string,REPORT_METADATA.DATA_REV
"[""optimized_artifact"",""source_value_mappings"",150,""target_code""]",target_code,null,
"[""optimized_artifact"",""source_value_mappings"",150,""target_code_label""]",target_code_label,null,
"[""optimized_artifact"",""source_value_mappings"",150,""mapping_type""]",mapping_type,string,EXACT
"[""optimized_artifact"",""source_value_mappings"",150,""target_standard""]",target_standard,string,Reference metadata
"[""optimized_artifact"",""source_value_mappings"",150,""notes""]",notes,string,Health revision policy.
"[""optimized_artifact"",""source_value_mappings"",150,""evidence_quote""]",evidence_quote,string,Provisional death counts are revised when late registrations arrive. Estimated bed counts are replaced after facility validation.
"[""optimized_artifact"",""source_value_mappings"",151]",151,object,
"[""optimized_artifact"",""source_value_mappings"",151,""source_value""]",source_value,string,All records and values are synthetic. No person-level or confidential data are included.
"[""optimized_artifact"",""source_value_mappings"",151,""source_context""]",source_context,string,example_02_health_system.pdf; Confidentiality
"[""optimized_artifact"",""source_value_mappings"",151,""target_field""]",target_field,string,REPORT_METADATA.CONF
"[""optimized_artifact"",""source_value_mappings"",151,""target_code""]",target_code,null,
"[""optimized_artifact"",""source_value_mappings"",151,""target_code_label""]",target_code_label,null,
"[""optimized_artifact"",""source_value_mappings"",151,""mapping_type""]",mapping_type,string,EXACT
"[""optimized_artifact"",""source_value_mappings"",151,""target_standard""]",target_standard,string,Reference metadata CONF candidate
"[""optimized_artifact"",""source_value_mappings"",151,""notes""]",notes,string,Health confidentiality metadata.
"[""optimized_artifact"",""source_value_mappings"",151,""evidence_quote""]",evidence_quote,string,All records and values are synthetic. No person-level or confidential data are included.
"[""optimized_artifact"",""source_value_mappings"",152]",152,object,
"[""optimized_artifact"",""source_value_mappings"",152,""source_value""]",source_value,string,"Table 1. Enrollment by education level, sex and year"
"[""optimized_artifact"",""source_value_mappings"",152,""source_context""]",source_context,string,example_03_education.pdf; table routing
"[""optimized_artifact"",""source_value_mappings"",152,""target_field""]",target_field,string,STRUCTURE_ID
"[""optimized_artifact"",""source_value_mappings"",152,""target_code""]",target_code,string,KF_EDU_ENROLLMENT
"[""optimized_artifact"",""source_value_mappings"",152,""target_code_label""]",target_code_label,string,Education enrollment
"[""optimized_artifact"",""source_value_mappings"",152,""mapping_type""]",mapping_type,string,DERIVED
"[""optimized_artifact"",""source_value_mappings"",152,""target_standard""]",target_standard,string,Accepted Key Family
"[""optimized_artifact"",""source_value_mappings"",152,""notes""]",notes,string,Route enrollment rows.
"[""optimized_artifact"",""source_value_mappings"",152,""evidence_quote""]",evidence_quote,string,"Table 1. Enrollment by education level, sex and year"
"[""optimized_artifact"",""source_value_mappings"",153]",153,object,
"[""optimized_artifact"",""source_value_mappings"",153,""source_value""]",source_value,string,Table 2. Lower-secondary completion by wealth quintile
"[""optimized_artifact"",""source_value_mappings"",153,""source_context""]",source_context,string,example_03_education.pdf; table routing
"[""optimized_artifact"",""source_value_mappings"",153,""target_field""]",target_field,string,STRUCTURE_ID
"[""optimized_artifact"",""source_value_mappings"",153,""target_code""]",target_code,string,KF_EDU_LOWER_SECONDARY_COMPLETION
"[""optimized_artifact"",""source_value_mappings"",153,""target_code_label""]",target_code_label,string,Lower-secondary completion rate
"[""optimized_artifact"",""source_value_mappings"",153,""mapping_type""]",mapping_type,string,DERIVED
"[""optimized_artifact"",""source_value_mappings"",153,""target_standard""]",target_standard,string,Accepted Key Family
"[""optimized_artifact"",""source_value_mappings"",153,""notes""]",notes,string,Route completion rows.
"[""optimized_artifact"",""source_value_mappings"",153,""evidence_quote""]",evidence_quote,string,Table 2. Lower-secondary completion by wealth quintile
"[""optimized_artifact"",""source_value_mappings"",154]",154,object,
"[""optimized_artifact"",""source_value_mappings"",154,""source_value""]",source_value,string,Year
"[""optimized_artifact"",""source_value_mappings"",154,""source_context""]",source_context,string,example_03_education.pdf; enrollment Year column; FREQ derivation
"[""optimized_artifact"",""source_value_mappings"",154,""target_field""]",target_field,string,KF_EDU_ENROLLMENT.FREQ
"[""optimized_artifact"",""source_value_mappings"",154,""target_code""]",target_code,null,
"[""optimized_artifact"",""source_value_mappings"",154,""target_code_label""]",target_code_label,null,
"[""optimized_artifact"",""source_value_mappings"",154,""mapping_type""]",mapping_type,string,UNRESOLVED
"[""optimized_artifact"",""source_value_mappings"",154,""target_standard""]",target_standard,string,SDMX CL_FREQ candidate
"[""optimized_artifact"",""source_value_mappings"",154,""notes""]",notes,string,Annual semantics derived but not automatically coded.
"[""optimized_artifact"",""source_value_mappings"",154,""evidence_quote""]",evidence_quote,string,Education level Sex Year Value Unit Status
"[""optimized_artifact"",""source_value_mappings"",155]",155,object,
"[""optimized_artifact"",""source_value_mappings"",155,""source_value""]",source_value,string,Year
"[""optimized_artifact"",""source_value_mappings"",155,""source_context""]",source_context,string,example_03_education.pdf; completion Year column; FREQ derivation
"[""optimized_artifact"",""source_value_mappings"",155,""target_field""]",target_field,string,KF_EDU_LOWER_SECONDARY_COMPLETION.FREQ
"[""optimized_artifact"",""source_value_mappings"",155,""target_code""]",target_code,null,
"[""optimized_artifact"",""source_value_mappings"",155,""target_code_label""]",target_code_label,null,
"[""optimized_artifact"",""source_value_mappings"",155,""mapping_type""]",mapping_type,string,UNRESOLVED
"[""optimized_artifact"",""source_value_mappings"",155,""target_standard""]",target_standard,string,SDMX CL_FREQ candidate
"[""optimized_artifact"",""source_value_mappings"",155,""notes""]",notes,string,Annual semantics derived but not automatically coded.
"[""optimized_artifact"",""source_value_mappings"",155,""evidence_quote""]",evidence_quote,string,Wealth quintile Sex Year Value Unit Status
"[""optimized_artifact"",""source_value_mappings"",156]",156,object,
"[""optimized_artifact"",""source_value_mappings"",156,""source_value""]",source_value,string,Education-level labels require ISCED mapping review.
"[""optimized_artifact"",""source_value_mappings"",156,""source_context""]",source_context,string,example_03_education.pdf; caveats
"[""optimized_artifact"",""source_value_mappings"",156,""target_field""]",target_field,string,KF_EDU_ENROLLMENT.EDUCATION_LEVEL
"[""optimized_artifact"",""source_value_mappings"",156,""target_code""]",target_code,null,
"[""optimized_artifact"",""source_value_mappings"",156,""target_code_label""]",target_code_label,null,
"[""optimized_artifact"",""source_value_mappings"",156,""mapping_type""]",mapping_type,string,UNRESOLVED
"[""optimized_artifact"",""source_value_mappings"",156,""target_standard""]",target_standard,string,UNESCO ISCED candidate
"[""optimized_artifact"",""source_value_mappings"",156,""notes""]",notes,string,No automatic ISCED mapping.
"[""optimized_artifact"",""source_value_mappings"",156,""evidence_quote""]",evidence_quote,string,Education-level labels require ISCED mapping review.
"[""optimized_artifact"",""source_value_mappings"",157]",157,object,
"[""optimized_artifact"",""source_value_mappings"",157,""source_value""]",source_value,string,Primary
"[""optimized_artifact"",""source_value_mappings"",157,""source_context""]",source_context,string,example_03_education.pdf; Education level
"[""optimized_artifact"",""source_value_mappings"",157,""target_field""]",target_field,string,KF_EDU_ENROLLMENT.EDUCATION_LEVEL
"[""optimized_artifact"",""source_value_mappings"",157,""target_code""]",target_code,string,PRIMARY
"[""optimized_artifact"",""source_value_mappings"",157,""target_code_label""]",target_code_label,string,Primary
"[""optimized_artifact"",""source_value_mappings"",157,""mapping_type""]",mapping_type,string,LOCAL_EQUIVALENT
"[""optimized_artifact"",""source_value_mappings"",157,""target_standard""]",target_standard,string,CL_EDUCATION_LEVEL_REPORT_LOCAL v2025-report
"[""optimized_artifact"",""source_value_mappings"",157,""notes""]",notes,string,Local staging; ISCED unresolved.
"[""optimized_artifact"",""source_value_mappings"",157,""evidence_quote""]",evidence_quote,string,Primary Female 2024 78748 Students Final
"[""optimized_artifact"",""source_value_mappings"",158]",158,object,
"[""optimized_artifact"",""source_value_mappings"",158,""source_value""]",source_value,string,Lower secondary
"[""optimized_artifact"",""source_value_mappings"",158,""source_context""]",source_context,string,example_03_education.pdf; Education level
"[""optimized_artifact"",""source_value_mappings"",158,""target_field""]",target_field,string,KF_EDU_ENROLLMENT.EDUCATION_LEVEL
"[""optimized_artifact"",""source_value_mappings"",158,""target_code""]",target_code,string,LOWER_SECONDARY
"[""optimized_artifact"",""source_value_mappings"",158,""target_code_label""]",target_code_label,string,Lower secondary
"[""optimized_artifact"",""source_value_mappings"",158,""mapping_type""]",mapping_type,string,LOCAL_EQUIVALENT
"[""optimized_artifact"",""source_value_mappings"",158,""target_standard""]",target_standard,string,CL_EDUCATION_LEVEL_REPORT_LOCAL v2025-report
"[""optimized_artifact"",""source_value_mappings"",158,""notes""]",notes,string,Local staging; ISCED unresolved.
"[""optimized_artifact"",""source_value_mappings"",158,""evidence_quote""]",evidence_quote,string,Lower secondary Female 2024 115063 Students Final
"[""optimized_artifact"",""source_value_mappings"",159]",159,object,
"[""optimized_artifact"",""source_value_mappings"",159,""source_value""]",source_value,string,Upper secondary
"[""optimized_artifact"",""source_value_mappings"",159,""source_context""]",source_context,string,example_03_education.pdf; Education level
"[""optimized_artifact"",""source_value_mappings"",159,""target_field""]",target_field,string,KF_EDU_ENROLLMENT.EDUCATION_LEVEL
"[""optimized_artifact"",""source_value_mappings"",159,""target_code""]",target_code,string,UPPER_SECONDARY
"[""optimized_artifact"",""source_value_mappings"",159,""target_code_label""]",target_code_label,string,Upper secondary
"[""optimized_artifact"",""source_value_mappings"",159,""mapping_type""]",mapping_type,string,LOCAL_EQUIVALENT
"[""optimized_artifact"",""source_value_mappings"",159,""target_standard""]",target_standard,string,CL_EDUCATION_LEVEL_REPORT_LOCAL v2025-report
"[""optimized_artifact"",""source_value_mappings"",159,""notes""]",notes,string,Local staging; ISCED unresolved.
"[""optimized_artifact"",""source_value_mappings"",159,""evidence_quote""]",evidence_quote,string,Upper secondary Female 2024 129817 Students Final
"[""optimized_artifact"",""source_value_mappings"",160]",160,object,
"[""optimized_artifact"",""source_value_mappings"",160,""source_value""]",source_value,string,Female
"[""optimized_artifact"",""source_value_mappings"",160,""source_context""]",source_context,string,example_03_education.pdf; enrollment Sex
"[""optimized_artifact"",""source_value_mappings"",160,""target_field""]",target_field,string,KF_EDU_ENROLLMENT.SEX
"[""optimized_artifact"",""source_value_mappings"",160,""target_code""]",target_code,string,FEMALE
"[""optimized_artifact"",""source_value_mappings"",160,""target_code_label""]",target_code_label,string,Female
"[""optimized_artifact"",""source_value_mappings"",160,""mapping_type""]",mapping_type,string,LOCAL_EQUIVALENT
"[""optimized_artifact"",""source_value_mappings"",160,""target_standard""]",target_standard,string,CL_SEX_REPORT_LOCAL v2025-report
"[""optimized_artifact"",""source_value_mappings"",160,""notes""]",notes,string,Education local sex code; SDMX CL_SEX unresolved.
"[""optimized_artifact"",""source_value_mappings"",160,""evidence_quote""]",evidence_quote,string,Primary Female 2024 78748 Students Final
"[""optimized_artifact"",""source_value_mappings"",161]",161,object,
"[""optimized_artifact"",""source_value_mappings"",161,""source_value""]",source_value,string,Male
"[""optimized_artifact"",""source_value_mappings"",161,""source_context""]",source_context,string,example_03_education.pdf; enrollment Sex
"[""optimized_artifact"",""source_value_mappings"",161,""target_field""]",target_field,string,KF_EDU_ENROLLMENT.SEX
"[""optimized_artifact"",""source_value_mappings"",161,""target_code""]",target_code,string,MALE
"[""optimized_artifact"",""source_value_mappings"",161,""target_code_label""]",target_code_label,string,Male
"[""optimized_artifact"",""source_value_mappings"",161,""mapping_type""]",mapping_type,string,LOCAL_EQUIVALENT
"[""optimized_artifact"",""source_value_mappings"",161,""target_standard""]",target_standard,string,CL_SEX_REPORT_LOCAL v2025-report
"[""optimized_artifact"",""source_value_mappings"",161,""notes""]",notes,string,Education local sex code.
"[""optimized_artifact"",""source_value_mappings"",161,""evidence_quote""]",evidence_quote,string,Primary Male 2024 106731 Students Final
"[""optimized_artifact"",""source_value_mappings"",162]",162,object,
"[""optimized_artifact"",""source_value_mappings"",162,""source_value""]",source_value,string,Total
"[""optimized_artifact"",""source_value_mappings"",162,""source_context""]",source_context,string,example_03_education.pdf; enrollment Sex only
"[""optimized_artifact"",""source_value_mappings"",162,""target_field""]",target_field,string,KF_EDU_ENROLLMENT.SEX
"[""optimized_artifact"",""source_value_mappings"",162,""target_code""]",target_code,string,TOTAL
"[""optimized_artifact"",""source_value_mappings"",162,""target_code_label""]",target_code_label,string,Total
"[""optimized_artifact"",""source_value_mappings"",162,""mapping_type""]",mapping_type,string,LOCAL_EQUIVALENT
"[""optimized_artifact"",""source_value_mappings"",162,""target_standard""]",target_standard,string,CL_SEX_REPORT_LOCAL v2025-report
"[""optimized_artifact"",""source_value_mappings"",162,""notes""]",notes,string,Allowed for enrollment only; inclusion rules unresolved.
"[""optimized_artifact"",""source_value_mappings"",162,""evidence_quote""]",evidence_quote,string,Primary Total 2024 58913 Students Final
"[""optimized_artifact"",""source_value_mappings"",163]",163,object,
"[""optimized_artifact"",""source_value_mappings"",163,""source_value""]",source_value,string,Female
"[""optimized_artifact"",""source_value_mappings"",163,""source_context""]",source_context,string,example_03_education.pdf; completion Sex
"[""optimized_artifact"",""source_value_mappings"",163,""target_field""]",target_field,string,KF_EDU_LOWER_SECONDARY_COMPLETION.SEX
"[""optimized_artifact"",""source_value_mappings"",163,""target_code""]",target_code,string,FEMALE
"[""optimized_artifact"",""source_value_mappings"",163,""target_code_label""]",target_code_label,string,Female
"[""optimized_artifact"",""source_value_mappings"",163,""mapping_type""]",mapping_type,string,LOCAL_EQUIVALENT
"[""optimized_artifact"",""source_value_mappings"",163,""target_standard""]",target_standard,string,CL_SEX_REPORT_LOCAL v2025-report
"[""optimized_artifact"",""source_value_mappings"",163,""notes""]",notes,string,Education completion sex; Total not approved.
"[""optimized_artifact"",""source_value_mappings"",163,""evidence_quote""]",evidence_quote,string,Lowest quintile Female 2024 64.0 Percent Modelled estimate
"[""optimized_artifact"",""source_value_mappings"",164]",164,object,
"[""optimized_artifact"",""source_value_mappings"",164,""source_value""]",source_value,string,Male
"[""optimized_artifact"",""source_value_mappings"",164,""source_context""]",source_context,string,example_03_education.pdf; completion Sex
"[""optimized_artifact"",""source_value_mappings"",164,""target_field""]",target_field,string,KF_EDU_LOWER_SECONDARY_COMPLETION.SEX
"[""optimized_artifact"",""source_value_mappings"",164,""target_code""]",target_code,string,MALE
"[""optimized_artifact"",""source_value_mappings"",164,""target_code_label""]",target_code_label,string,Male
"[""optimized_artifact"",""source_value_mappings"",164,""mapping_type""]",mapping_type,string,LOCAL_EQUIVALENT
"[""optimized_artifact"",""source_value_mappings"",164,""target_standard""]",target_standard,string,CL_SEX_REPORT_LOCAL v2025-report
"[""optimized_artifact"",""source_value_mappings"",164,""notes""]",notes,string,Education completion sex; Total not approved.
"[""optimized_artifact"",""source_value_mappings"",164,""evidence_quote""]",evidence_quote,string,Lowest quintile Male 2024 57.9 Percent Modelled estimate
"[""optimized_artifact"",""source_value_mappings"",165]",165,object,
"[""optimized_artifact"",""source_value_mappings"",165,""source_value""]",source_value,string,Lowest quintile
"[""optimized_artifact"",""source_value_mappings"",165,""source_context""]",source_context,string,example_03_education.pdf; completion Wealth quintile
"[""optimized_artifact"",""source_value_mappings"",165,""target_field""]",target_field,string,KF_EDU_LOWER_SECONDARY_COMPLETION.WEALTH_QUINTILE
"[""optimized_artifact"",""source_value_mappings"",165,""target_code""]",target_code,string,LOWEST_QUINTILE
"[""optimized_artifact"",""source_value_mappings"",165,""target_code_label""]",target_code_label,string,Lowest quintile
"[""optimized_artifact"",""source_value_mappings"",165,""mapping_type""]",mapping_type,string,LOCAL_EQUIVALENT
"[""optimized_artifact"",""source_value_mappings"",165,""target_standard""]",target_standard,string,CL_WEALTH_QUINTILE_REPORT_LOCAL v2025-report
"[""optimized_artifact"",""source_value_mappings"",165,""notes""]",notes,string,Local survey-specific list.
"[""optimized_artifact"",""source_value_mappings"",165,""evidence_quote""]",evidence_quote,string,Lowest quintile Female 2024 64.0 Percent Modelled estimate
"[""optimized_artifact"",""source_value_mappings"",166]",166,object,
"[""optimized_artifact"",""source_value_mappings"",166,""source_value""]",source_value,string,Middle quintile
"[""optimized_artifact"",""source_value_mappings"",166,""source_context""]",source_context,string,example_03_education.pdf; completion Wealth quintile
"[""optimized_artifact"",""source_value_mappings"",166,""target_field""]",target_field,string,KF_EDU_LOWER_SECONDARY_COMPLETION.WEALTH_QUINTILE
"[""optimized_artifact"",""source_value_mappings"",166,""target_code""]",target_code,string,MIDDLE_QUINTILE
"[""optimized_artifact"",""source_value_mappings"",166,""target_code_label""]",target_code_label,string,Middle quintile
"[""optimized_artifact"",""source_value_mappings"",166,""mapping_type""]",mapping_type,string,LOCAL_EQUIVALENT
"[""optimized_artifact"",""source_value_mappings"",166,""target_standard""]",target_standard,string,CL_WEALTH_QUINTILE_REPORT_LOCAL v2025-report
"[""optimized_artifact"",""source_value_mappings"",166,""notes""]",notes,string,Local survey-specific list.
"[""optimized_artifact"",""source_value_mappings"",166,""evidence_quote""]",evidence_quote,string,Middle quintile Female 2024 89.8 Percent Modelled estimate
"[""optimized_artifact"",""source_value_mappings"",167]",167,object,
"[""optimized_artifact"",""source_value_mappings"",167,""source_value""]",source_value,string,Highest quintile
"[""optimized_artifact"",""source_value_mappings"",167,""source_context""]",source_context,string,example_03_education.pdf; completion Wealth quintile
"[""optimized_artifact"",""source_value_mappings"",167,""target_field""]",target_field,string,KF_EDU_LOWER_SECONDARY_COMPLETION.WEALTH_QUINTILE
"[""optimized_artifact"",""source_value_mappings"",167,""target_code""]",target_code,string,HIGHEST_QUINTILE
"[""optimized_artifact"",""source_value_mappings"",167,""target_code_label""]",target_code_label,string,Highest quintile
"[""optimized_artifact"",""source_value_mappings"",167,""mapping_type""]",mapping_type,string,LOCAL_EQUIVALENT
"[""optimized_artifact"",""source_value_mappings"",167,""target_standard""]",target_standard,string,CL_WEALTH_QUINTILE_REPORT_LOCAL v2025-report
"[""optimized_artifact"",""source_value_mappings"",167,""notes""]",notes,string,Local survey-specific list.
"[""optimized_artifact"",""source_value_mappings"",167,""evidence_quote""]",evidence_quote,string,Highest quintile Female 2024 70.7 Percent Modelled estimate
"[""optimized_artifact"",""source_value_mappings"",168]",168,object,
"[""optimized_artifact"",""source_value_mappings"",168,""source_value""]",source_value,string,Wealth quintiles are survey-specific
"[""optimized_artifact"",""source_value_mappings"",168,""source_context""]",source_context,string,example_03_education.pdf; caveats
"[""optimized_artifact"",""source_value_mappings"",168,""target_field""]",target_field,string,KF_EDU_LOWER_SECONDARY_COMPLETION.WEALTH_QUINTILE
"[""optimized_artifact"",""source_value_mappings"",168,""target_code""]",target_code,null,
"[""optimized_artifact"",""source_value_mappings"",168,""target_code_label""]",target_code_label,null,
"[""optimized_artifact"",""source_value_mappings"",168,""mapping_type""]",mapping_type,string,UNRESOLVED
"[""optimized_artifact"",""source_value_mappings"",168,""target_standard""]",target_standard,string,No standard income/wealth mapping
"[""optimized_artifact"",""source_value_mappings"",168,""notes""]",notes,string,Do not silently map to a standard income classification.
"[""optimized_artifact"",""source_value_mappings"",168,""evidence_quote""]",evidence_quote,string,Wealth quintiles are survey-specific and should not be silently mapped to a standard income classification.
"[""optimized_artifact"",""source_value_mappings"",169]",169,object,
"[""optimized_artifact"",""source_value_mappings"",169,""source_value""]",source_value,string,Value
"[""optimized_artifact"",""source_value_mappings"",169,""source_context""]",source_context,string,example_03_education.pdf; enrollment Value
"[""optimized_artifact"",""source_value_mappings"",169,""target_field""]",target_field,string,KF_EDU_ENROLLMENT.OBS_VALUE
"[""optimized_artifact"",""source_value_mappings"",169,""target_code""]",target_code,null,
"[""optimized_artifact"",""source_value_mappings"",169,""target_code_label""]",target_code_label,null,
"[""optimized_artifact"",""source_value_mappings"",169,""mapping_type""]",mapping_type,string,EXACT
"[""optimized_artifact"",""source_value_mappings"",169,""target_standard""]",target_standard,string,SDMX OBS_VALUE candidate
"[""optimized_artifact"",""source_value_mappings"",169,""notes""]",notes,string,Numeric enrollment value.
"[""optimized_artifact"",""source_value_mappings"",169,""evidence_quote""]",evidence_quote,string,Education level Sex Year Value Unit Status
"[""optimized_artifact"",""source_value_mappings"",170]",170,object,
"[""optimized_artifact"",""source_value_mappings"",170,""source_value""]",source_value,string,Value
"[""optimized_artifact"",""source_value_mappings"",170,""source_context""]",source_context,string,example_03_education.pdf; completion Value
"[""optimized_artifact"",""source_value_mappings"",170,""target_field""]",target_field,string,KF_EDU_LOWER_SECONDARY_COMPLETION.OBS_VALUE
"[""optimized_artifact"",""source_value_mappings"",170,""target_code""]",target_code,null,
"[""optimized_artifact"",""source_value_mappings"",170,""target_code_label""]",target_code_label,null,
"[""optimized_artifact"",""source_value_mappings"",170,""mapping_type""]",mapping_type,string,EXACT
"[""optimized_artifact"",""source_value_mappings"",170,""target_standard""]",target_standard,string,SDMX OBS_VALUE candidate
"[""optimized_artifact"",""source_value_mappings"",170,""notes""]",notes,string,Numeric completion-rate value.
"[""optimized_artifact"",""source_value_mappings"",170,""evidence_quote""]",evidence_quote,string,Wealth quintile Sex Year Value Unit Status
"[""optimized_artifact"",""source_value_mappings"",171]",171,object,
"[""optimized_artifact"",""source_value_mappings"",171,""source_value""]",source_value,string,78748
"[""optimized_artifact"",""source_value_mappings"",171,""source_context""]",source_context,string,example_03_education.pdf; enrollment Value cell
"[""optimized_artifact"",""source_value_mappings"",171,""target_field""]",target_field,string,KF_EDU_ENROLLMENT.OBS_VALUE
"[""optimized_artifact"",""source_value_mappings"",171,""target_code""]",target_code,null,
"[""optimized_artifact"",""source_value_mappings"",171,""target_code_label""]",target_code_label,string,78748
"[""optimized_artifact"",""source_value_mappings"",171,""mapping_type""]",mapping_type,string,EXACT
"[""optimized_artifact"",""source_value_mappings"",171,""target_standard""]",target_standard,string,Numeric value representation
"[""optimized_artifact"",""source_value_mappings"",171,""notes""]",notes,string,Specific numeric example restored.
"[""optimized_artifact"",""source_value_mappings"",171,""evidence_quote""]",evidence_quote,string,Primary Female 2024 78748 Students Final
"[""optimized_artifact"",""source_value_mappings"",172]",172,object,
"[""optimized_artifact"",""source_value_mappings"",172,""source_value""]",source_value,string,64.0
"[""optimized_artifact"",""source_value_mappings"",172,""source_context""]",source_context,string,example_03_education.pdf; completion Value cell
"[""optimized_artifact"",""source_value_mappings"",172,""target_field""]",target_field,string,KF_EDU_LOWER_SECONDARY_COMPLETION.OBS_VALUE
"[""optimized_artifact"",""source_value_mappings"",172,""target_code""]",target_code,null,
"[""optimized_artifact"",""source_value_mappings"",172,""target_code_label""]",target_code_label,string,64.0
"[""optimized_artifact"",""source_value_mappings"",172,""mapping_type""]",mapping_type,string,EXACT
"[""optimized_artifact"",""source_value_mappings"",172,""target_standard""]",target_standard,string,Numeric value representation
"[""optimized_artifact"",""source_value_mappings"",172,""notes""]",notes,string,Specific numeric example restored; Percent unit separate.
"[""optimized_artifact"",""source_value_mappings"",172,""evidence_quote""]",evidence_quote,string,Lowest quintile Female 2024 64.0 Percent Modelled estimate
"[""optimized_artifact"",""source_value_mappings"",173]",173,object,
"[""optimized_artifact"",""source_value_mappings"",173,""source_value""]",source_value,string,Students
"[""optimized_artifact"",""source_value_mappings"",173,""source_context""]",source_context,string,example_03_education.pdf; enrollment Unit
"[""optimized_artifact"",""source_value_mappings"",173,""target_field""]",target_field,string,KF_EDU_ENROLLMENT.UNIT_MEASURE
"[""optimized_artifact"",""source_value_mappings"",173,""target_code""]",target_code,string,STUDENTS
"[""optimized_artifact"",""source_value_mappings"",173,""target_code_label""]",target_code_label,string,Students
"[""optimized_artifact"",""source_value_mappings"",173,""mapping_type""]",mapping_type,string,LOCAL_EQUIVALENT
"[""optimized_artifact"",""source_value_mappings"",173,""target_standard""]",target_standard,string,CL_UNIT_MEASURE_EDU_REPORT_LOCAL v2025-report
"[""optimized_artifact"",""source_value_mappings"",173,""notes""]",notes,string,Education local unit.
"[""optimized_artifact"",""source_value_mappings"",173,""evidence_quote""]",evidence_quote,string,Students
"[""optimized_artifact"",""source_value_mappings"",174]",174,object,
"[""optimized_artifact"",""source_value_mappings"",174,""source_value""]",source_value,string,Percent
"[""optimized_artifact"",""source_value_mappings"",174,""source_context""]",source_context,string,example_03_education.pdf; completion Unit
"[""optimized_artifact"",""source_value_mappings"",174,""target_field""]",target_field,string,KF_EDU_LOWER_SECONDARY_COMPLETION.UNIT_MEASURE
"[""optimized_artifact"",""source_value_mappings"",174,""target_code""]",target_code,string,PERCENT
"[""optimized_artifact"",""source_value_mappings"",174,""target_code_label""]",target_code_label,string,Percent
"[""optimized_artifact"",""source_value_mappings"",174,""mapping_type""]",mapping_type,string,LOCAL_EQUIVALENT
"[""optimized_artifact"",""source_value_mappings"",174,""target_standard""]",target_standard,string,CL_UNIT_MEASURE_EDU_REPORT_LOCAL v2025-report
"[""optimized_artifact"",""source_value_mappings"",174,""notes""]",notes,string,Education local unit; not merged with labour PERCENT.
"[""optimized_artifact"",""source_value_mappings"",174,""evidence_quote""]",evidence_quote,string,Percent
"[""optimized_artifact"",""source_value_mappings"",175]",175,object,
"[""optimized_artifact"",""source_value_mappings"",175,""source_value""]",source_value,string,Final
"[""optimized_artifact"",""source_value_mappings"",175,""source_context""]",source_context,string,example_03_education.pdf; enrollment Status 2024
"[""optimized_artifact"",""source_value_mappings"",175,""target_field""]",target_field,string,KF_EDU_ENROLLMENT.OBS_STATUS
"[""optimized_artifact"",""source_value_mappings"",175,""target_code""]",target_code,string,FINAL
"[""optimized_artifact"",""source_value_mappings"",175,""target_code_label""]",target_code_label,string,Final
"[""optimized_artifact"",""source_value_mappings"",175,""mapping_type""]",mapping_type,string,LOCAL_EQUIVALENT
"[""optimized_artifact"",""source_value_mappings"",175,""target_standard""]",target_standard,string,CL_OBS_STATUS_EDU_REPORT_LOCAL v2025-report
"[""optimized_artifact"",""source_value_mappings"",175,""notes""]",notes,string,Education local status.
"[""optimized_artifact"",""source_value_mappings"",175,""evidence_quote""]",evidence_quote,string,Primary Female 2024 78748 Students Final
"[""optimized_artifact"",""source_value_mappings"",176]",176,object,
"[""optimized_artifact"",""source_value_mappings"",176,""source_value""]",source_value,string,Provisional
"[""optimized_artifact"",""source_value_mappings"",176,""source_context""]",source_context,string,example_03_education.pdf; enrollment Status 2025
"[""optimized_artifact"",""source_value_mappings"",176,""target_field""]",target_field,string,KF_EDU_ENROLLMENT.OBS_STATUS
"[""optimized_artifact"",""source_value_mappings"",176,""target_code""]",target_code,string,PROVISIONAL
"[""optimized_artifact"",""source_value_mappings"",176,""target_code_label""]",target_code_label,string,Provisional
"[""optimized_artifact"",""source_value_mappings"",176,""mapping_type""]",mapping_type,string,LOCAL_EQUIVALENT
"[""optimized_artifact"",""source_value_mappings"",176,""target_standard""]",target_standard,string,CL_OBS_STATUS_EDU_REPORT_LOCAL v2025-report
"[""optimized_artifact"",""source_value_mappings"",176,""notes""]",notes,string,Education local status.
"[""optimized_artifact"",""source_value_mappings"",176,""evidence_quote""]",evidence_quote,string,Primary Female 2025 118162 Students Provisional
"[""optimized_artifact"",""source_value_mappings"",177]",177,object,
"[""optimized_artifact"",""source_value_mappings"",177,""source_value""]",source_value,string,Modelled estimate
"[""optimized_artifact"",""source_value_mappings"",177,""source_context""]",source_context,string,example_03_education.pdf; completion Status
"[""optimized_artifact"",""source_value_mappings"",177,""target_field""]",target_field,string,KF_EDU_LOWER_SECONDARY_COMPLETION.OBS_STATUS
"[""optimized_artifact"",""source_value_mappings"",177,""target_code""]",target_code,string,MODELLED_ESTIMATE
"[""optimized_artifact"",""source_value_mappings"",177,""target_code_label""]",target_code_label,string,Modelled estimate
"[""optimized_artifact"",""source_value_mappings"",177,""mapping_type""]",mapping_type,string,LOCAL_EQUIVALENT
"[""optimized_artifact"",""source_value_mappings"",177,""target_standard""]",target_standard,string,CL_OBS_STATUS_EDU_REPORT_LOCAL v2025-report
"[""optimized_artifact"",""source_value_mappings"",177,""notes""]",notes,string,May later be estimation-method metadata.
"[""optimized_artifact"",""source_value_mappings"",177,""evidence_quote""]",evidence_quote,string,Modelled estimate
"[""optimized_artifact"",""source_value_mappings"",178]",178,object,
"[""optimized_artifact"",""source_value_mappings"",178,""source_value""]",source_value,string,Publication date: 12 June 2026
"[""optimized_artifact"",""source_value_mappings"",178,""source_context""]",source_context,string,example_03_education.pdf; metadata
"[""optimized_artifact"",""source_value_mappings"",178,""target_field""]",target_field,string,REPORT_METADATA.PUBLICATION_DATE
"[""optimized_artifact"",""source_value_mappings"",178,""target_code""]",target_code,string,2026-06-12
"[""optimized_artifact"",""source_value_mappings"",178,""target_code_label""]",target_code_label,string,12 June 2026
"[""optimized_artifact"",""source_value_mappings"",178,""mapping_type""]",mapping_type,string,DERIVED
"[""optimized_artifact"",""source_value_mappings"",178,""target_standard""]",target_standard,string,Reference metadata date
"[""optimized_artifact"",""source_value_mappings"",178,""notes""]",notes,string,Education publication date.
"[""optimized_artifact"",""source_value_mappings"",178,""evidence_quote""]",evidence_quote,string,Publication date: 12 June 2026
"[""optimized_artifact"",""source_value_mappings"",179]",179,object,
"[""optimized_artifact"",""source_value_mappings"",179,""source_value""]",source_value,string,Enrollment is an administrative headcount by education level. Completion rates are separately modelled household-survey estimates by wealth quintile and sex.
"[""optimized_artifact"",""source_value_mappings"",179,""source_context""]",source_context,string,example_03_education.pdf; Methodology
"[""optimized_artifact"",""source_value_mappings"",179,""target_field""]",target_field,string,REPORT_METADATA.METHODOLOGY
"[""optimized_artifact"",""source_value_mappings"",179,""target_code""]",target_code,null,
"[""optimized_artifact"",""source_value_mappings"",179,""target_code_label""]",target_code_label,null,
"[""optimized_artifact"",""source_value_mappings"",179,""mapping_type""]",mapping_type,string,LOCAL_EQUIVALENT
"[""optimized_artifact"",""source_value_mappings"",179,""target_standard""]",target_standard,string,Reference metadata
"[""optimized_artifact"",""source_value_mappings"",179,""notes""]",notes,string,Education methodology.
"[""optimized_artifact"",""source_value_mappings"",179,""evidence_quote""]",evidence_quote,string,Enrollment is an administrative headcount by education level. Completion rates are separately modelled household-survey estimates by wealth quintile and sex.
"[""optimized_artifact"",""source_value_mappings"",180]",180,object,
"[""optimized_artifact"",""source_value_mappings"",180,""source_value""]",source_value,string,Synthetic Education Management Information System and Synthetic Household Learning Survey.
"[""optimized_artifact"",""source_value_mappings"",180,""source_context""]",source_context,string,example_03_education.pdf; Source description
"[""optimized_artifact"",""source_value_mappings"",180,""target_field""]",target_field,string,REPORT_METADATA.SOURCE_DATA
"[""optimized_artifact"",""source_value_mappings"",180,""target_code""]",target_code,null,
"[""optimized_artifact"",""source_value_mappings"",180,""target_code_label""]",target_code_label,null,
"[""optimized_artifact"",""source_value_mappings"",180,""mapping_type""]",mapping_type,string,LOCAL_EQUIVALENT
"[""optimized_artifact"",""source_value_mappings"",180,""target_standard""]",target_standard,string,Reference metadata
"[""optimized_artifact"",""source_value_mappings"",180,""notes""]",notes,string,Restored education source-data mapping.
"[""optimized_artifact"",""source_value_mappings"",180,""evidence_quote""]",evidence_quote,string,Synthetic Education Management Information System and Synthetic Household Learning Survey.
"[""optimized_artifact"",""source_value_mappings"",181]",181,object,
"[""optimized_artifact"",""source_value_mappings"",181,""source_value""]",source_value,string,Enrollment counts learners registered on census day. Completion rate is the percentage of the relevant cohort completing the stated education cycle.
"[""optimized_artifact"",""source_value_mappings"",181,""source_context""]",source_context,string,example_03_education.pdf; Definitions
"[""optimized_artifact"",""source_value_mappings"",181,""target_field""]",target_field,string,REPORT_METADATA.STAT_CONCEPT_DEF
"[""optimized_artifact"",""source_value_mappings"",181,""target_code""]",target_code,null,
"[""optimized_artifact"",""source_value_mappings"",181,""target_code_label""]",target_code_label,null,
"[""optimized_artifact"",""source_value_mappings"",181,""mapping_type""]",mapping_type,string,LOCAL_EQUIVALENT
"[""optimized_artifact"",""source_value_mappings"",181,""target_standard""]",target_standard,string,Reference metadata
"[""optimized_artifact"",""source_value_mappings"",181,""notes""]",notes,string,Education definitions.
"[""optimized_artifact"",""source_value_mappings"",181,""evidence_quote""]",evidence_quote,string,Enrollment counts learners registered on census day. Completion rate is the percentage of the relevant cohort completing the stated education cycle.
"[""optimized_artifact"",""source_value_mappings"",182]",182,object,
"[""optimized_artifact"",""source_value_mappings"",182,""source_value""]",source_value,string,Education-level labels require ISCED mapping review. Wealth quintiles are survey-specific and should not be silently mapped to a standard income classification.
"[""optimized_artifact"",""source_value_mappings"",182,""source_context""]",source_context,string,example_03_education.pdf; Caveats and limitations
"[""optimized_artifact"",""source_value_mappings"",182,""target_field""]",target_field,string,REPORT_METADATA.LIMITATIONS
"[""optimized_artifact"",""source_value_mappings"",182,""target_code""]",target_code,null,
"[""optimized_artifact"",""source_value_mappings"",182,""target_code_label""]",target_code_label,null,
"[""optimized_artifact"",""source_value_mappings"",182,""mapping_type""]",mapping_type,string,LOCAL_EQUIVALENT
"[""optimized_artifact"",""source_value_mappings"",182,""target_standard""]",target_standard,string,Reference metadata
"[""optimized_artifact"",""source_value_mappings"",182,""notes""]",notes,string,Full education limitations restored.
"[""optimized_artifact"",""source_value_mappings"",182,""evidence_quote""]",evidence_quote,string,Education-level labels require ISCED mapping review. Wealth quintiles are survey-specific and should not be silently mapped to a standard income classification.
"[""optimized_artifact"",""source_value_mappings"",183]",183,object,
"[""optimized_artifact"",""source_value_mappings"",183,""source_value""]",source_value,string,Administrative counts become final after duplicate removal. Modelled completion estimates may change with revised survey weights.
"[""optimized_artifact"",""source_value_mappings"",183,""source_context""]",source_context,string,example_03_education.pdf; Revision policy
"[""optimized_artifact"",""source_value_mappings"",183,""target_field""]",target_field,string,REPORT_METADATA.DATA_REV
"[""optimized_artifact"",""source_value_mappings"",183,""target_code""]",target_code,null,
"[""optimized_artifact"",""source_value_mappings"",183,""target_code_label""]",target_code_label,null,
"[""optimized_artifact"",""source_value_mappings"",183,""mapping_type""]",mapping_type,string,LOCAL_EQUIVALENT
"[""optimized_artifact"",""source_value_mappings"",183,""target_standard""]",target_standard,string,Reference metadata
"[""optimized_artifact"",""source_value_mappings"",183,""notes""]",notes,string,Education revision policy.
"[""optimized_artifact"",""source_value_mappings"",183,""evidence_quote""]",evidence_quote,string,Administrative counts become final after duplicate removal. Modelled completion estimates may change with revised survey weights.
"[""optimized_artifact"",""source_value_mappings"",184]",184,object,
"[""optimized_artifact"",""source_value_mappings"",184,""source_value""]",source_value,string,All records and values are synthetic. No person-level or confidential data are included.
"[""optimized_artifact"",""source_value_mappings"",184,""source_context""]",source_context,string,example_03_education.pdf; Confidentiality
"[""optimized_artifact"",""source_value_mappings"",184,""target_field""]",target_field,string,REPORT_METADATA.CONF
"[""optimized_artifact"",""source_value_mappings"",184,""target_code""]",target_code,null,
"[""optimized_artifact"",""source_value_mappings"",184,""target_code_label""]",target_code_label,null,
"[""optimized_artifact"",""source_value_mappings"",184,""mapping_type""]",mapping_type,string,LOCAL_EQUIVALENT
"[""optimized_artifact"",""source_value_mappings"",184,""target_standard""]",target_standard,string,Reference metadata CONF candidate
"[""optimized_artifact"",""source_value_mappings"",184,""notes""]",notes,string,Education confidentiality metadata.
"[""optimized_artifact"",""source_value_mappings"",184,""evidence_quote""]",evidence_quote,string,All records and values are synthetic. No person-level or confidential data are included.
"[""optimized_artifact"",""source_value_mappings"",185]",185,object,
"[""optimized_artifact"",""source_value_mappings"",185,""source_value""]",source_value,string,Table 1. Crop area and production by region
"[""optimized_artifact"",""source_value_mappings"",185,""source_context""]",source_context,string,example_04_agriculture.pdf; table routing
"[""optimized_artifact"",""source_value_mappings"",185,""target_field""]",target_field,string,STRUCTURE_ID
"[""optimized_artifact"",""source_value_mappings"",185,""target_code""]",target_code,string,KF_AGR_CROP_AREA_PRODUCTION
"[""optimized_artifact"",""source_value_mappings"",185,""target_code_label""]",target_code_label,string,Crop area and production
"[""optimized_artifact"",""source_value_mappings"",185,""mapping_type""]",mapping_type,string,DERIVED
"[""optimized_artifact"",""source_value_mappings"",185,""target_standard""]",target_standard,string,Accepted Key Family/dataflow routing
"[""optimized_artifact"",""source_value_mappings"",185,""notes""]",notes,string,Route crop rows.
"[""optimized_artifact"",""source_value_mappings"",185,""evidence_quote""]",evidence_quote,string,Table 1. Crop area and production by region
"[""optimized_artifact"",""source_value_mappings"",186]",186,object,
"[""optimized_artifact"",""source_value_mappings"",186,""source_value""]",source_value,string,Table 2. Fertilizer retail prices by month
"[""optimized_artifact"",""source_value_mappings"",186,""source_context""]",source_context,string,example_04_agriculture.pdf; table routing
"[""optimized_artifact"",""source_value_mappings"",186,""target_field""]",target_field,string,STRUCTURE_ID
"[""optimized_artifact"",""source_value_mappings"",186,""target_code""]",target_code,string,KF_AGR_FERTILIZER_RETAIL_PRICE
"[""optimized_artifact"",""source_value_mappings"",186,""target_code_label""]",target_code_label,string,Fertilizer retail prices
"[""optimized_artifact"",""source_value_mappings"",186,""mapping_type""]",mapping_type,string,DERIVED
"[""optimized_artifact"",""source_value_mappings"",186,""target_standard""]",target_standard,string,Accepted Key Family/dataflow routing
"[""optimized_artifact"",""source_value_mappings"",186,""notes""]",notes,string,Route fertilizer rows.
"[""optimized_artifact"",""source_value_mappings"",186,""evidence_quote""]",evidence_quote,string,Table 2. Fertilizer retail prices by month
"[""optimized_artifact"",""source_value_mappings"",187]",187,object,
"[""optimized_artifact"",""source_value_mappings"",187,""source_value""]",source_value,string,Crop area and production are annual farm-survey aggregates.
"[""optimized_artifact"",""source_value_mappings"",187,""source_context""]",source_context,string,example_04_agriculture.pdf; methodology; FREQ
"[""optimized_artifact"",""source_value_mappings"",187,""target_field""]",target_field,string,KF_AGR_CROP_AREA_PRODUCTION.FREQ
"[""optimized_artifact"",""source_value_mappings"",187,""target_code""]",target_code,string,A
"[""optimized_artifact"",""source_value_mappings"",187,""target_code_label""]",target_code_label,string,Annual
"[""optimized_artifact"",""source_value_mappings"",187,""mapping_type""]",mapping_type,string,UNRESOLVED
"[""optimized_artifact"",""source_value_mappings"",187,""target_standard""]",target_standard,string,SDMX CL_FREQ candidate
"[""optimized_artifact"",""source_value_mappings"",187,""notes""]",notes,string,Candidate A retained as review-required.
"[""optimized_artifact"",""source_value_mappings"",187,""evidence_quote""]",evidence_quote,string,Crop area and production are annual farm-survey aggregates.
"[""optimized_artifact"",""source_value_mappings"",188]",188,object,
"[""optimized_artifact"",""source_value_mappings"",188,""source_value""]",source_value,string,Fertilizer retail prices come from a monthly outlet panel and form a separate price structure.
"[""optimized_artifact"",""source_value_mappings"",188,""source_context""]",source_context,string,example_04_agriculture.pdf; methodology; FREQ
"[""optimized_artifact"",""source_value_mappings"",188,""target_field""]",target_field,string,KF_AGR_FERTILIZER_RETAIL_PRICE.FREQ
"[""optimized_artifact"",""source_value_mappings"",188,""target_code""]",target_code,string,M
"[""optimized_artifact"",""source_value_mappings"",188,""target_code_label""]",target_code_label,string,Monthly
"[""optimized_artifact"",""source_value_mappings"",188,""mapping_type""]",mapping_type,string,UNRESOLVED
"[""optimized_artifact"",""source_value_mappings"",188,""target_standard""]",target_standard,string,SDMX CL_FREQ candidate
"[""optimized_artifact"",""source_value_mappings"",188,""notes""]",notes,string,Candidate M retained as review-required.
"[""optimized_artifact"",""source_value_mappings"",188,""evidence_quote""]",evidence_quote,string,Fertilizer retail prices come from a monthly outlet panel and form a separate price structure.
"[""optimized_artifact"",""source_value_mappings"",189]",189,object,
"[""optimized_artifact"",""source_value_mappings"",189,""source_value""]",source_value,string,Region
"[""optimized_artifact"",""source_value_mappings"",189,""source_context""]",source_context,string,example_04_agriculture.pdf; Table 1 column header
"[""optimized_artifact"",""source_value_mappings"",189,""target_field""]",target_field,string,KF_AGR_CROP_AREA_PRODUCTION.REF_AREA
"[""optimized_artifact"",""source_value_mappings"",189,""target_code""]",target_code,null,
"[""optimized_artifact"",""source_value_mappings"",189,""target_code_label""]",target_code_label,null,
"[""optimized_artifact"",""source_value_mappings"",189,""mapping_type""]",mapping_type,string,LOCAL_EQUIVALENT
"[""optimized_artifact"",""source_value_mappings"",189,""target_standard""]",target_standard,string,CL_AGRI_REGION_LOCAL v1.0
"[""optimized_artifact"",""source_value_mappings"",189,""notes""]",notes,string,Restored operational extraction mapping for agriculture Region column.
"[""optimized_artifact"",""source_value_mappings"",189,""evidence_quote""]",evidence_quote,string,Crop Region Year Area Area unit Production Production unit Status
"[""optimized_artifact"",""source_value_mappings"",190]",190,object,
"[""optimized_artifact"",""source_value_mappings"",190,""source_value""]",source_value,string,Northland
"[""optimized_artifact"",""source_value_mappings"",190,""source_context""]",source_context,string,example_04_agriculture.pdf; crop Region value
"[""optimized_artifact"",""source_value_mappings"",190,""target_field""]",target_field,string,KF_AGR_CROP_AREA_PRODUCTION.REF_AREA
"[""optimized_artifact"",""source_value_mappings"",190,""target_code""]",target_code,string,NORTHLAND
"[""optimized_artifact"",""source_value_mappings"",190,""target_code_label""]",target_code_label,string,Northland
"[""optimized_artifact"",""source_value_mappings"",190,""mapping_type""]",mapping_type,string,LOCAL_EQUIVALENT
"[""optimized_artifact"",""source_value_mappings"",190,""target_standard""]",target_standard,string,CL_AGRI_REGION_LOCAL v1.0
"[""optimized_artifact"",""source_value_mappings"",190,""notes""]",notes,string,Agriculture local region; not merged with labour/health.
"[""optimized_artifact"",""source_value_mappings"",190,""evidence_quote""]",evidence_quote,string,Rice Northland 2024 60388 Hectares 315315 Tonnes Final
"[""optimized_artifact"",""source_value_mappings"",191]",191,object,
"[""optimized_artifact"",""source_value_mappings"",191,""source_value""]",source_value,string,Centralia
"[""optimized_artifact"",""source_value_mappings"",191,""source_context""]",source_context,string,example_04_agriculture.pdf; crop Region value
"[""optimized_artifact"",""source_value_mappings"",191,""target_field""]",target_field,string,KF_AGR_CROP_AREA_PRODUCTION.REF_AREA
"[""optimized_artifact"",""source_value_mappings"",191,""target_code""]",target_code,string,CENTRALIA
"[""optimized_artifact"",""source_value_mappings"",191,""target_code_label""]",target_code_label,string,Centralia
"[""optimized_artifact"",""source_value_mappings"",191,""mapping_type""]",mapping_type,string,LOCAL_EQUIVALENT
"[""optimized_artifact"",""source_value_mappings"",191,""target_standard""]",target_standard,string,CL_AGRI_REGION_LOCAL v1.0
"[""optimized_artifact"",""source_value_mappings"",191,""notes""]",notes,string,Agriculture local region.
"[""optimized_artifact"",""source_value_mappings"",191,""evidence_quote""]",evidence_quote,string,Rice Centralia 2024 37859 Hectares 260371 Tonnes Final
"[""optimized_artifact"",""source_value_mappings"",192]",192,object,
"[""optimized_artifact"",""source_value_mappings"",192,""source_value""]",source_value,string,South Coast
"[""optimized_artifact"",""source_value_mappings"",192,""source_context""]",source_context,string,example_04_agriculture.pdf; crop Region value
"[""optimized_artifact"",""source_value_mappings"",192,""target_field""]",target_field,string,KF_AGR_CROP_AREA_PRODUCTION.REF_AREA
"[""optimized_artifact"",""source_value_mappings"",192,""target_code""]",target_code,string,SOUTH_COAST
"[""optimized_artifact"",""source_value_mappings"",192,""target_code_label""]",target_code_label,string,South Coast
"[""optimized_artifact"",""source_value_mappings"",192,""mapping_type""]",mapping_type,string,LOCAL_EQUIVALENT
"[""optimized_artifact"",""source_value_mappings"",192,""target_standard""]",target_standard,string,CL_AGRI_REGION_LOCAL v1.0
"[""optimized_artifact"",""source_value_mappings"",192,""notes""]",notes,string,Agriculture local region.
"[""optimized_artifact"",""source_value_mappings"",192,""evidence_quote""]",evidence_quote,string,Rice South Coast 2024 97629 Hectares 413952 Tonnes Final
"[""optimized_artifact"",""source_value_mappings"",193]",193,object,
"[""optimized_artifact"",""source_value_mappings"",193,""source_value""]",source_value,string,Crop
"[""optimized_artifact"",""source_value_mappings"",193,""source_context""]",source_context,string,example_04_agriculture.pdf; Table 1 column header
"[""optimized_artifact"",""source_value_mappings"",193,""target_field""]",target_field,string,KF_AGR_CROP_AREA_PRODUCTION.CROP
"[""optimized_artifact"",""source_value_mappings"",193,""target_code""]",target_code,null,
"[""optimized_artifact"",""source_value_mappings"",193,""target_code_label""]",target_code_label,null,
"[""optimized_artifact"",""source_value_mappings"",193,""mapping_type""]",mapping_type,string,LOCAL_EQUIVALENT
"[""optimized_artifact"",""source_value_mappings"",193,""target_standard""]",target_standard,string,CL_AGRI_CROP_LOCAL v1.0
"[""optimized_artifact"",""source_value_mappings"",193,""notes""]",notes,string,Restored operational extraction mapping for Crop column.
"[""optimized_artifact"",""source_value_mappings"",193,""evidence_quote""]",evidence_quote,string,Crop Region Year Area Area unit Production Production unit Status
"[""optimized_artifact"",""source_value_mappings"",194]",194,object,
"[""optimized_artifact"",""source_value_mappings"",194,""source_value""]",source_value,string,Rice
"[""optimized_artifact"",""source_value_mappings"",194,""source_context""]",source_context,string,example_04_agriculture.pdf; Crop value
"[""optimized_artifact"",""source_value_mappings"",194,""target_field""]",target_field,string,KF_AGR_CROP_AREA_PRODUCTION.CROP
"[""optimized_artifact"",""source_value_mappings"",194,""target_code""]",target_code,string,RICE
"[""optimized_artifact"",""source_value_mappings"",194,""target_code_label""]",target_code_label,string,Rice
"[""optimized_artifact"",""source_value_mappings"",194,""mapping_type""]",mapping_type,string,LOCAL_EQUIVALENT
"[""optimized_artifact"",""source_value_mappings"",194,""target_standard""]",target_standard,string,CL_AGRI_CROP_LOCAL v1.0
"[""optimized_artifact"",""source_value_mappings"",194,""notes""]",notes,string,Common crop label retained locally; classification review required.
"[""optimized_artifact"",""source_value_mappings"",194,""evidence_quote""]",evidence_quote,string,Rice Northland 2024 60388 Hectares 315315 Tonnes Final
"[""optimized_artifact"",""source_value_mappings"",195]",195,object,
"[""optimized_artifact"",""source_value_mappings"",195,""source_value""]",source_value,string,Maize
"[""optimized_artifact"",""source_value_mappings"",195,""source_context""]",source_context,string,example_04_agriculture.pdf; Crop value
"[""optimized_artifact"",""source_value_mappings"",195,""target_field""]",target_field,string,KF_AGR_CROP_AREA_PRODUCTION.CROP
"[""optimized_artifact"",""source_value_mappings"",195,""target_code""]",target_code,string,MAIZE
"[""optimized_artifact"",""source_value_mappings"",195,""target_code_label""]",target_code_label,string,Maize
"[""optimized_artifact"",""source_value_mappings"",195,""mapping_type""]",mapping_type,string,LOCAL_EQUIVALENT
"[""optimized_artifact"",""source_value_mappings"",195,""target_standard""]",target_standard,string,CL_AGRI_CROP_LOCAL v1.0
"[""optimized_artifact"",""source_value_mappings"",195,""notes""]",notes,string,Common crop label retained locally; classification review required.
"[""optimized_artifact"",""source_value_mappings"",195,""evidence_quote""]",evidence_quote,string,Maize Northland 2024 74135 Hectares 246372 Tonnes Final
"[""optimized_artifact"",""source_value_mappings"",196]",196,object,
"[""optimized_artifact"",""source_value_mappings"",196,""source_value""]",source_value,string,Cassava
"[""optimized_artifact"",""source_value_mappings"",196,""source_context""]",source_context,string,example_04_agriculture.pdf; Crop value
"[""optimized_artifact"",""source_value_mappings"",196,""target_field""]",target_field,string,KF_AGR_CROP_AREA_PRODUCTION.CROP
"[""optimized_artifact"",""source_value_mappings"",196,""target_code""]",target_code,string,CASSAVA
"[""optimized_artifact"",""source_value_mappings"",196,""target_code_label""]",target_code_label,string,Cassava
"[""optimized_artifact"",""source_value_mappings"",196,""mapping_type""]",mapping_type,string,LOCAL_EQUIVALENT
"[""optimized_artifact"",""source_value_mappings"",196,""target_standard""]",target_standard,string,CL_AGRI_CROP_LOCAL v1.0
"[""optimized_artifact"",""source_value_mappings"",196,""notes""]",notes,string,Common crop label retained locally; classification review required.
"[""optimized_artifact"",""source_value_mappings"",196,""evidence_quote""]",evidence_quote,string,Cassava Northland 2024 38062 Hectares 168890 Tonnes Final
"[""optimized_artifact"",""source_value_mappings"",197]",197,object,
"[""optimized_artifact"",""source_value_mappings"",197,""source_value""]",source_value,string,Crop names are common labels and require classification review.
"[""optimized_artifact"",""source_value_mappings"",197,""source_context""]",source_context,string,example_04_agriculture.pdf; caveats
"[""optimized_artifact"",""source_value_mappings"",197,""target_field""]",target_field,string,KF_AGR_CROP_AREA_PRODUCTION.CROP
"[""optimized_artifact"",""source_value_mappings"",197,""target_code""]",target_code,null,
"[""optimized_artifact"",""source_value_mappings"",197,""target_code_label""]",target_code_label,null,
"[""optimized_artifact"",""source_value_mappings"",197,""mapping_type""]",mapping_type,string,UNRESOLVED
"[""optimized_artifact"",""source_value_mappings"",197,""target_standard""]",target_standard,string,Authoritative crop/product classification not confirmed
"[""optimized_artifact"",""source_value_mappings"",197,""notes""]",notes,string,Prevents automatic crop/CPC mapping.
"[""optimized_artifact"",""source_value_mappings"",197,""evidence_quote""]",evidence_quote,string,Crop names are common labels and require classification review.
"[""optimized_artifact"",""source_value_mappings"",198]",198,object,
"[""optimized_artifact"",""source_value_mappings"",198,""source_value""]",source_value,string,Product
"[""optimized_artifact"",""source_value_mappings"",198,""source_context""]",source_context,string,example_04_agriculture.pdf; Table 2 column header
"[""optimized_artifact"",""source_value_mappings"",198,""target_field""]",target_field,string,KF_AGR_FERTILIZER_RETAIL_PRICE.PRODUCT
"[""optimized_artifact"",""source_value_mappings"",198,""target_code""]",target_code,null,
"[""optimized_artifact"",""source_value_mappings"",198,""target_code_label""]",target_code_label,null,
"[""optimized_artifact"",""source_value_mappings"",198,""mapping_type""]",mapping_type,string,LOCAL_EQUIVALENT
"[""optimized_artifact"",""source_value_mappings"",198,""target_standard""]",target_standard,string,CL_AGRI_FERTILIZER_PRODUCT_LOCAL v1.0
"[""optimized_artifact"",""source_value_mappings"",198,""notes""]",notes,string,Restored operational extraction mapping for Product column.
"[""optimized_artifact"",""source_value_mappings"",198,""evidence_quote""]",evidence_quote,string,Product Month Price Unit Status
"[""optimized_artifact"",""source_value_mappings"",199]",199,object,
"[""optimized_artifact"",""source_value_mappings"",199,""source_value""]",source_value,string,Urea
"[""optimized_artifact"",""source_value_mappings"",199,""source_context""]",source_context,string,example_04_agriculture.pdf; Product value
"[""optimized_artifact"",""source_value_mappings"",199,""target_field""]",target_field,string,KF_AGR_FERTILIZER_RETAIL_PRICE.PRODUCT
"[""optimized_artifact"",""source_value_mappings"",199,""target_code""]",target_code,string,UREA
"[""optimized_artifact"",""source_value_mappings"",199,""target_code_label""]",target_code_label,string,Urea
"[""optimized_artifact"",""source_value_mappings"",199,""mapping_type""]",mapping_type,string,LOCAL_EQUIVALENT
"[""optimized_artifact"",""source_value_mappings"",199,""target_standard""]",target_standard,string,CL_AGRI_FERTILIZER_PRODUCT_LOCAL v1.0
"[""optimized_artifact"",""source_value_mappings"",199,""notes""]",notes,string,Local market category; not verified CPC.
"[""optimized_artifact"",""source_value_mappings"",199,""evidence_quote""]",evidence_quote,string,Urea 2025-01 313.28 Local currency per 50 kg bag Observed
"[""optimized_artifact"",""source_value_mappings"",200]",200,object,
"[""optimized_artifact"",""source_value_mappings"",200,""source_value""]",source_value,string,Compound NPK
"[""optimized_artifact"",""source_value_mappings"",200,""source_context""]",source_context,string,example_04_agriculture.pdf; Product value
"[""optimized_artifact"",""source_value_mappings"",200,""target_field""]",target_field,string,KF_AGR_FERTILIZER_RETAIL_PRICE.PRODUCT
"[""optimized_artifact"",""source_value_mappings"",200,""target_code""]",target_code,string,COMPOUND_NPK
"[""optimized_artifact"",""source_value_mappings"",200,""target_code_label""]",target_code_label,string,Compound NPK
"[""optimized_artifact"",""source_value_mappings"",200,""mapping_type""]",mapping_type,string,LOCAL_EQUIVALENT
"[""optimized_artifact"",""source_value_mappings"",200,""target_standard""]",target_standard,string,CL_AGRI_FERTILIZER_PRODUCT_LOCAL v1.0
"[""optimized_artifact"",""source_value_mappings"",200,""notes""]",notes,string,Local market category; not verified CPC.
"[""optimized_artifact"",""source_value_mappings"",200,""evidence_quote""]",evidence_quote,string,Compound NPK 2025-01 387.57 Local currency per 50 kg bag Observed
"[""optimized_artifact"",""source_value_mappings"",201]",201,object,
"[""optimized_artifact"",""source_value_mappings"",201,""source_value""]",source_value,string,"Footnote: Products are local market categories, not verified CPC codes."
"[""optimized_artifact"",""source_value_mappings"",201,""source_context""]",source_context,string,example_04_agriculture.pdf; Table 2 footnote
"[""optimized_artifact"",""source_value_mappings"",201,""target_field""]",target_field,string,KF_AGR_FERTILIZER_RETAIL_PRICE.PRODUCT
"[""optimized_artifact"",""source_value_mappings"",201,""target_code""]",target_code,null,
"[""optimized_artifact"",""source_value_mappings"",201,""target_code_label""]",target_code_label,null,
"[""optimized_artifact"",""source_value_mappings"",201,""mapping_type""]",mapping_type,string,UNRESOLVED
"[""optimized_artifact"",""source_value_mappings"",201,""target_standard""]",target_standard,string,CPC/product classification not confirmed
"[""optimized_artifact"",""source_value_mappings"",201,""notes""]",notes,string,Prevents automatic CPC mapping.
"[""optimized_artifact"",""source_value_mappings"",201,""evidence_quote""]",evidence_quote,string,"Footnote: Products are local market categories, not verified CPC codes."
"[""optimized_artifact"",""source_value_mappings"",202]",202,object,
"[""optimized_artifact"",""source_value_mappings"",202,""source_value""]",source_value,string,Year
"[""optimized_artifact"",""source_value_mappings"",202,""source_context""]",source_context,string,example_04_agriculture.pdf; crop Year column header
"[""optimized_artifact"",""source_value_mappings"",202,""target_field""]",target_field,string,KF_AGR_CROP_AREA_PRODUCTION.TIME_PERIOD
"[""optimized_artifact"",""source_value_mappings"",202,""target_code""]",target_code,null,
"[""optimized_artifact"",""source_value_mappings"",202,""target_code_label""]",target_code_label,null,
"[""optimized_artifact"",""source_value_mappings"",202,""mapping_type""]",mapping_type,string,EXACT
"[""optimized_artifact"",""source_value_mappings"",202,""target_standard""]",target_standard,string,Time-period representation
"[""optimized_artifact"",""source_value_mappings"",202,""notes""]",notes,string,Restored operational extraction mapping for crop Year.
"[""optimized_artifact"",""source_value_mappings"",202,""evidence_quote""]",evidence_quote,string,Crop Region Year Area Area unit Production Production unit Status
"[""optimized_artifact"",""source_value_mappings"",203]",203,object,
"[""optimized_artifact"",""source_value_mappings"",203,""source_value""]",source_value,string,Month
"[""optimized_artifact"",""source_value_mappings"",203,""source_context""]",source_context,string,example_04_agriculture.pdf; fertilizer Month column header
"[""optimized_artifact"",""source_value_mappings"",203,""target_field""]",target_field,string,KF_AGR_FERTILIZER_RETAIL_PRICE.TIME_PERIOD
"[""optimized_artifact"",""source_value_mappings"",203,""target_code""]",target_code,null,
"[""optimized_artifact"",""source_value_mappings"",203,""target_code_label""]",target_code_label,null,
"[""optimized_artifact"",""source_value_mappings"",203,""mapping_type""]",mapping_type,string,EXACT
"[""optimized_artifact"",""source_value_mappings"",203,""target_standard""]",target_standard,string,Time-period representation
"[""optimized_artifact"",""source_value_mappings"",203,""notes""]",notes,string,Restored operational extraction mapping for fertilizer Month.
"[""optimized_artifact"",""source_value_mappings"",203,""evidence_quote""]",evidence_quote,string,Product Month Price Unit Status
"[""optimized_artifact"",""source_value_mappings"",204]",204,object,
"[""optimized_artifact"",""source_value_mappings"",204,""source_value""]",source_value,string,Area
"[""optimized_artifact"",""source_value_mappings"",204,""source_context""]",source_context,string,example_04_agriculture.pdf; Table 1 Area column header
"[""optimized_artifact"",""source_value_mappings"",204,""target_field""]",target_field,string,KF_AGR_CROP_AREA_PRODUCTION.INDICATOR
"[""optimized_artifact"",""source_value_mappings"",204,""target_code""]",target_code,string,HARVESTED_AREA
"[""optimized_artifact"",""source_value_mappings"",204,""target_code_label""]",target_code_label,string,Harvested area
"[""optimized_artifact"",""source_value_mappings"",204,""mapping_type""]",mapping_type,string,DERIVED
"[""optimized_artifact"",""source_value_mappings"",204,""target_standard""]",target_standard,string,CL_AGRI_MEASURE_LOCAL v1.0
"[""optimized_artifact"",""source_value_mappings"",204,""notes""]",notes,string,Wide Area column normalised to indicator plus OBS_VALUE.
"[""optimized_artifact"",""source_value_mappings"",204,""evidence_quote""]",evidence_quote,string,Crop Region Year Area Area unit Production Production unit Status
"[""optimized_artifact"",""source_value_mappings"",205]",205,object,
"[""optimized_artifact"",""source_value_mappings"",205,""source_value""]",source_value,string,Area
"[""optimized_artifact"",""source_value_mappings"",205,""source_context""]",source_context,string,example_04_agriculture.pdf; Table 1 Area numeric cells
"[""optimized_artifact"",""source_value_mappings"",205,""target_field""]",target_field,string,KF_AGR_CROP_AREA_PRODUCTION.OBS_VALUE
"[""optimized_artifact"",""source_value_mappings"",205,""target_code""]",target_code,null,
"[""optimized_artifact"",""source_value_mappings"",205,""target_code_label""]",target_code_label,null,
"[""optimized_artifact"",""source_value_mappings"",205,""mapping_type""]",mapping_type,string,DERIVED
"[""optimized_artifact"",""source_value_mappings"",205,""target_standard""]",target_standard,string,SDMX OBS_VALUE candidate
"[""optimized_artifact"",""source_value_mappings"",205,""notes""]",notes,string,Restored: numeric Area cells populate OBS_VALUE when INDICATOR=HARVESTED_AREA.
"[""optimized_artifact"",""source_value_mappings"",205,""evidence_quote""]",evidence_quote,string,Rice Northland 2024 60388 Hectares 315315 Tonnes Final
"[""optimized_artifact"",""source_value_mappings"",206]",206,object,
"[""optimized_artifact"",""source_value_mappings"",206,""source_value""]",source_value,string,Production
"[""optimized_artifact"",""source_value_mappings"",206,""source_context""]",source_context,string,example_04_agriculture.pdf; Table 1 Production column header
"[""optimized_artifact"",""source_value_mappings"",206,""target_field""]",target_field,string,KF_AGR_CROP_AREA_PRODUCTION.INDICATOR
"[""optimized_artifact"",""source_value_mappings"",206,""target_code""]",target_code,string,PRODUCTION
"[""optimized_artifact"",""source_value_mappings"",206,""target_code_label""]",target_code_label,string,Production
"[""optimized_artifact"",""source_value_mappings"",206,""mapping_type""]",mapping_type,string,DERIVED
"[""optimized_artifact"",""source_value_mappings"",206,""target_standard""]",target_standard,string,CL_AGRI_MEASURE_LOCAL v1.0
"[""optimized_artifact"",""source_value_mappings"",206,""notes""]",notes,string,Wide Production column normalised to indicator plus OBS_VALUE.
"[""optimized_artifact"",""source_value_mappings"",206,""evidence_quote""]",evidence_quote,string,Crop Region Year Area Area unit Production Production unit Status
"[""optimized_artifact"",""source_value_mappings"",207]",207,object,
"[""optimized_artifact"",""source_value_mappings"",207,""source_value""]",source_value,string,Production
"[""optimized_artifact"",""source_value_mappings"",207,""source_context""]",source_context,string,example_04_agriculture.pdf; Table 1 Production numeric cells
"[""optimized_artifact"",""source_value_mappings"",207,""target_field""]",target_field,string,KF_AGR_CROP_AREA_PRODUCTION.OBS_VALUE
"[""optimized_artifact"",""source_value_mappings"",207,""target_code""]",target_code,null,
"[""optimized_artifact"",""source_value_mappings"",207,""target_code_label""]",target_code_label,null,
"[""optimized_artifact"",""source_value_mappings"",207,""mapping_type""]",mapping_type,string,DERIVED
"[""optimized_artifact"",""source_value_mappings"",207,""target_standard""]",target_standard,string,SDMX OBS_VALUE candidate
"[""optimized_artifact"",""source_value_mappings"",207,""notes""]",notes,string,Restored: numeric Production cells populate OBS_VALUE when INDICATOR=PRODUCTION.
"[""optimized_artifact"",""source_value_mappings"",207,""evidence_quote""]",evidence_quote,string,Rice Northland 2024 60388 Hectares 315315 Tonnes Final
"[""optimized_artifact"",""source_value_mappings"",208]",208,object,
"[""optimized_artifact"",""source_value_mappings"",208,""source_value""]",source_value,string,Price
"[""optimized_artifact"",""source_value_mappings"",208,""source_context""]",source_context,string,example_04_agriculture.pdf; Table 2 Price numeric cells
"[""optimized_artifact"",""source_value_mappings"",208,""target_field""]",target_field,string,KF_AGR_FERTILIZER_RETAIL_PRICE.OBS_VALUE
"[""optimized_artifact"",""source_value_mappings"",208,""target_code""]",target_code,null,
"[""optimized_artifact"",""source_value_mappings"",208,""target_code_label""]",target_code_label,null,
"[""optimized_artifact"",""source_value_mappings"",208,""mapping_type""]",mapping_type,string,DERIVED
"[""optimized_artifact"",""source_value_mappings"",208,""target_standard""]",target_standard,string,SDMX OBS_VALUE candidate
"[""optimized_artifact"",""source_value_mappings"",208,""notes""]",notes,string,Restored operational extraction mapping for fertilizer Price.
"[""optimized_artifact"",""source_value_mappings"",208,""evidence_quote""]",evidence_quote,string,Urea 2025-01 313.28 Local currency per 50 kg bag Observed
"[""optimized_artifact"",""source_value_mappings"",209]",209,object,
"[""optimized_artifact"",""source_value_mappings"",209,""source_value""]",source_value,string,Area unit
"[""optimized_artifact"",""source_value_mappings"",209,""source_context""]",source_context,string,example_04_agriculture.pdf; Table 1 Area unit column header
"[""optimized_artifact"",""source_value_mappings"",209,""target_field""]",target_field,string,KF_AGR_CROP_AREA_PRODUCTION.UNIT_MEASURE
"[""optimized_artifact"",""source_value_mappings"",209,""target_code""]",target_code,string,HECTARES
"[""optimized_artifact"",""source_value_mappings"",209,""target_code_label""]",target_code_label,string,Hectares
"[""optimized_artifact"",""source_value_mappings"",209,""mapping_type""]",mapping_type,string,DERIVED
"[""optimized_artifact"",""source_value_mappings"",209,""target_standard""]",target_standard,string,CL_AGRI_UNIT_MEASURE_LOCAL v1.0
"[""optimized_artifact"",""source_value_mappings"",209,""notes""]",notes,string,Restored wide-to-long unit mapping for HARVESTED_AREA.
"[""optimized_artifact"",""source_value_mappings"",209,""evidence_quote""]",evidence_quote,string,Crop Region Year Area Area unit Production Production unit Status
"[""optimized_artifact"",""source_value_mappings"",210]",210,object,
"[""optimized_artifact"",""source_value_mappings"",210,""source_value""]",source_value,string,Hectares
"[""optimized_artifact"",""source_value_mappings"",210,""source_context""]",source_context,string,example_04_agriculture.pdf; Area unit value
"[""optimized_artifact"",""source_value_mappings"",210,""target_field""]",target_field,string,KF_AGR_CROP_AREA_PRODUCTION.UNIT_MEASURE
"[""optimized_artifact"",""source_value_mappings"",210,""target_code""]",target_code,string,HECTARES
"[""optimized_artifact"",""source_value_mappings"",210,""target_code_label""]",target_code_label,string,Hectares
"[""optimized_artifact"",""source_value_mappings"",210,""mapping_type""]",mapping_type,string,LOCAL_EQUIVALENT
"[""optimized_artifact"",""source_value_mappings"",210,""target_standard""]",target_standard,string,CL_AGRI_UNIT_MEASURE_LOCAL v1.0
"[""optimized_artifact"",""source_value_mappings"",210,""notes""]",notes,string,Unit for HARVESTED_AREA; authoritative unit code unresolved.
"[""optimized_artifact"",""source_value_mappings"",210,""evidence_quote""]",evidence_quote,string,Hectares
"[""optimized_artifact"",""source_value_mappings"",211]",211,object,
"[""optimized_artifact"",""source_value_mappings"",211,""source_value""]",source_value,string,Production unit
"[""optimized_artifact"",""source_value_mappings"",211,""source_context""]",source_context,string,example_04_agriculture.pdf; Table 1 Production unit column header
"[""optimized_artifact"",""source_value_mappings"",211,""target_field""]",target_field,string,KF_AGR_CROP_AREA_PRODUCTION.UNIT_MEASURE
"[""optimized_artifact"",""source_value_mappings"",211,""target_code""]",target_code,string,TONNES
"[""optimized_artifact"",""source_value_mappings"",211,""target_code_label""]",target_code_label,string,Tonnes
"[""optimized_artifact"",""source_value_mappings"",211,""mapping_type""]",mapping_type,string,DERIVED
"[""optimized_artifact"",""source_value_mappings"",211,""target_standard""]",target_standard,string,CL_AGRI_UNIT_MEASURE_LOCAL v1.0
"[""optimized_artifact"",""source_value_mappings"",211,""notes""]",notes,string,Restored wide-to-long unit mapping for PRODUCTION.
"[""optimized_artifact"",""source_value_mappings"",211,""evidence_quote""]",evidence_quote,string,Crop Region Year Area Area unit Production Production unit Status
"[""optimized_artifact"",""source_value_mappings"",212]",212,object,
"[""optimized_artifact"",""source_value_mappings"",212,""source_value""]",source_value,string,Tonnes
"[""optimized_artifact"",""source_value_mappings"",212,""source_context""]",source_context,string,example_04_agriculture.pdf; Production unit value
"[""optimized_artifact"",""source_value_mappings"",212,""target_field""]",target_field,string,KF_AGR_CROP_AREA_PRODUCTION.UNIT_MEASURE
"[""optimized_artifact"",""source_value_mappings"",212,""target_code""]",target_code,string,TONNES
"[""optimized_artifact"",""source_value_mappings"",212,""target_code_label""]",target_code_label,string,Tonnes
"[""optimized_artifact"",""source_value_mappings"",212,""mapping_type""]",mapping_type,string,LOCAL_EQUIVALENT
"[""optimized_artifact"",""source_value_mappings"",212,""target_standard""]",target_standard,string,CL_AGRI_UNIT_MEASURE_LOCAL v1.0
"[""optimized_artifact"",""source_value_mappings"",212,""notes""]",notes,string,Metric tonnes per report definition.
"[""optimized_artifact"",""source_value_mappings"",212,""evidence_quote""]",evidence_quote,string,Production is crop output in metric tonnes.
"[""optimized_artifact"",""source_value_mappings"",213]",213,object,
"[""optimized_artifact"",""source_value_mappings"",213,""source_value""]",source_value,string,Unit
"[""optimized_artifact"",""source_value_mappings"",213,""source_context""]",source_context,string,example_04_agriculture.pdf; Table 2 fertilizer Unit column header
"[""optimized_artifact"",""source_value_mappings"",213,""target_field""]",target_field,string,KF_AGR_FERTILIZER_RETAIL_PRICE.UNIT_MEASURE
"[""optimized_artifact"",""source_value_mappings"",213,""target_code""]",target_code,string,LOCAL_CURRENCY_PER_50KG_BAG
"[""optimized_artifact"",""source_value_mappings"",213,""target_code_label""]",target_code_label,string,Local currency per 50 kg bag
"[""optimized_artifact"",""source_value_mappings"",213,""mapping_type""]",mapping_type,string,DERIVED
"[""optimized_artifact"",""source_value_mappings"",213,""target_standard""]",target_standard,string,CL_AGRI_UNIT_MEASURE_LOCAL v1.0
"[""optimized_artifact"",""source_value_mappings"",213,""notes""]",notes,string,Restored operational extraction mapping for fertilizer Unit.
"[""optimized_artifact"",""source_value_mappings"",213,""evidence_quote""]",evidence_quote,string,Product Month Price Unit Status
"[""optimized_artifact"",""source_value_mappings"",214]",214,object,
"[""optimized_artifact"",""source_value_mappings"",214,""source_value""]",source_value,string,Local currency per 50 kg bag
"[""optimized_artifact"",""source_value_mappings"",214,""source_context""]",source_context,string,example_04_agriculture.pdf; fertilizer Unit value
"[""optimized_artifact"",""source_value_mappings"",214,""target_field""]",target_field,string,KF_AGR_FERTILIZER_RETAIL_PRICE.UNIT_MEASURE
"[""optimized_artifact"",""source_value_mappings"",214,""target_code""]",target_code,string,LOCAL_CURRENCY_PER_50KG_BAG
"[""optimized_artifact"",""source_value_mappings"",214,""target_code_label""]",target_code_label,string,Local currency per 50 kg bag
"[""optimized_artifact"",""source_value_mappings"",214,""mapping_type""]",mapping_type,string,LOCAL_EQUIVALENT
"[""optimized_artifact"",""source_value_mappings"",214,""target_standard""]",target_standard,string,CL_AGRI_UNIT_MEASURE_LOCAL v1.0
"[""optimized_artifact"",""source_value_mappings"",214,""notes""]",notes,string,Currency unnamed; ISO 4217 unresolved.
"[""optimized_artifact"",""source_value_mappings"",214,""evidence_quote""]",evidence_quote,string,Local currency per 50 kg bag
"[""optimized_artifact"",""source_value_mappings"",215]",215,object,
"[""optimized_artifact"",""source_value_mappings"",215,""source_value""]",source_value,string,The local currency is deliberately unnamed.
"[""optimized_artifact"",""source_value_mappings"",215,""source_context""]",source_context,string,example_04_agriculture.pdf; caveats
"[""optimized_artifact"",""source_value_mappings"",215,""target_field""]",target_field,string,KF_AGR_FERTILIZER_RETAIL_PRICE.UNIT_MEASURE
"[""optimized_artifact"",""source_value_mappings"",215,""target_code""]",target_code,string,LOCAL_CURRENCY_PER_50KG_BAG
"[""optimized_artifact"",""source_value_mappings"",215,""target_code_label""]",target_code_label,string,Local currency per 50 kg bag
"[""optimized_artifact"",""source_value_mappings"",215,""mapping_type""]",mapping_type,string,UNRESOLVED
"[""optimized_artifact"",""source_value_mappings"",215,""target_standard""]",target_standard,string,ISO 4217 and authoritative unit mapping unresolved
"[""optimized_artifact"",""source_value_mappings"",215,""notes""]",notes,string,Do not infer ISO currency.
"[""optimized_artifact"",""source_value_mappings"",215,""evidence_quote""]",evidence_quote,string,The local currency is deliberately unnamed.
"[""optimized_artifact"",""source_value_mappings"",216]",216,object,
"[""optimized_artifact"",""source_value_mappings"",216,""source_value""]",source_value,string,Status
"[""optimized_artifact"",""source_value_mappings"",216,""source_context""]",source_context,string,example_04_agriculture.pdf; Table 1 crop status column header
"[""optimized_artifact"",""source_value_mappings"",216,""target_field""]",target_field,string,KF_AGR_CROP_AREA_PRODUCTION.OBS_STATUS
"[""optimized_artifact"",""source_value_mappings"",216,""target_code""]",target_code,null,
"[""optimized_artifact"",""source_value_mappings"",216,""target_code_label""]",target_code_label,null,
"[""optimized_artifact"",""source_value_mappings"",216,""mapping_type""]",mapping_type,string,LOCAL_EQUIVALENT
"[""optimized_artifact"",""source_value_mappings"",216,""target_standard""]",target_standard,string,CL_AGRI_STATUS_LOCAL v1.0
"[""optimized_artifact"",""source_value_mappings"",216,""notes""]",notes,string,Restored operational extraction mapping for crop Status.
"[""optimized_artifact"",""source_value_mappings"",216,""evidence_quote""]",evidence_quote,string,Crop Region Year Area Area unit Production Production unit Status
"[""optimized_artifact"",""source_value_mappings"",217]",217,object,
"[""optimized_artifact"",""source_value_mappings"",217,""source_value""]",source_value,string,Status
"[""optimized_artifact"",""source_value_mappings"",217,""source_context""]",source_context,string,example_04_agriculture.pdf; Table 2 fertilizer status column header
"[""optimized_artifact"",""source_value_mappings"",217,""target_field""]",target_field,string,KF_AGR_FERTILIZER_RETAIL_PRICE.OBS_STATUS
"[""optimized_artifact"",""source_value_mappings"",217,""target_code""]",target_code,null,
"[""optimized_artifact"",""source_value_mappings"",217,""target_code_label""]",target_code_label,null,
"[""optimized_artifact"",""source_value_mappings"",217,""mapping_type""]",mapping_type,string,LOCAL_EQUIVALENT
"[""optimized_artifact"",""source_value_mappings"",217,""target_standard""]",target_standard,string,CL_AGRI_STATUS_LOCAL v1.0
"[""optimized_artifact"",""source_value_mappings"",217,""notes""]",notes,string,Restored operational extraction mapping for fertilizer Status.
"[""optimized_artifact"",""source_value_mappings"",217,""evidence_quote""]",evidence_quote,string,Product Month Price Unit Status
"[""optimized_artifact"",""source_value_mappings"",218]",218,object,
"[""optimized_artifact"",""source_value_mappings"",218,""source_value""]",source_value,string,Final
"[""optimized_artifact"",""source_value_mappings"",218,""source_context""]",source_context,string,example_04_agriculture.pdf; crop Status value
"[""optimized_artifact"",""source_value_mappings"",218,""target_field""]",target_field,string,KF_AGR_CROP_AREA_PRODUCTION.OBS_STATUS
"[""optimized_artifact"",""source_value_mappings"",218,""target_code""]",target_code,string,FINAL
"[""optimized_artifact"",""source_value_mappings"",218,""target_code_label""]",target_code_label,string,Final
"[""optimized_artifact"",""source_value_mappings"",218,""mapping_type""]",mapping_type,string,LOCAL_EQUIVALENT
"[""optimized_artifact"",""source_value_mappings"",218,""target_standard""]",target_standard,string,CL_AGRI_STATUS_LOCAL v1.0
"[""optimized_artifact"",""source_value_mappings"",218,""notes""]",notes,string,Agriculture local status.
"[""optimized_artifact"",""source_value_mappings"",218,""evidence_quote""]",evidence_quote,string,Final
"[""optimized_artifact"",""source_value_mappings"",219]",219,object,
"[""optimized_artifact"",""source_value_mappings"",219,""source_value""]",source_value,string,Forecast
"[""optimized_artifact"",""source_value_mappings"",219,""source_context""]",source_context,string,example_04_agriculture.pdf; crop Status value for 2025
"[""optimized_artifact"",""source_value_mappings"",219,""target_field""]",target_field,string,KF_AGR_CROP_AREA_PRODUCTION.OBS_STATUS
"[""optimized_artifact"",""source_value_mappings"",219,""target_code""]",target_code,string,FORECAST
"[""optimized_artifact"",""source_value_mappings"",219,""target_code_label""]",target_code_label,string,Forecast
"[""optimized_artifact"",""source_value_mappings"",219,""mapping_type""]",mapping_type,string,LOCAL_EQUIVALENT
"[""optimized_artifact"",""source_value_mappings"",219,""target_standard""]",target_standard,string,CL_AGRI_STATUS_LOCAL v1.0
"[""optimized_artifact"",""source_value_mappings"",219,""notes""]",notes,string,Forecast crop values are not observed output.
"[""optimized_artifact"",""source_value_mappings"",219,""evidence_quote""]",evidence_quote,string,Footnote: 2025 area and production are forecasts.
"[""optimized_artifact"",""source_value_mappings"",220]",220,object,
"[""optimized_artifact"",""source_value_mappings"",220,""source_value""]",source_value,string,Forecast production is not observed output.
"[""optimized_artifact"",""source_value_mappings"",220,""source_context""]",source_context,string,example_04_agriculture.pdf; caveats
"[""optimized_artifact"",""source_value_mappings"",220,""target_field""]",target_field,string,KF_AGR_CROP_AREA_PRODUCTION.OBS_STATUS
"[""optimized_artifact"",""source_value_mappings"",220,""target_code""]",target_code,string,FORECAST
"[""optimized_artifact"",""source_value_mappings"",220,""target_code_label""]",target_code_label,string,Forecast
"[""optimized_artifact"",""source_value_mappings"",220,""mapping_type""]",mapping_type,string,LOCAL_EQUIVALENT
"[""optimized_artifact"",""source_value_mappings"",220,""target_standard""]",target_standard,string,CL_AGRI_STATUS_LOCAL v1.0
"[""optimized_artifact"",""source_value_mappings"",220,""notes""]",notes,string,Explicit restored caveat/status mapping.
"[""optimized_artifact"",""source_value_mappings"",220,""evidence_quote""]",evidence_quote,string,Forecast production is not observed output.
"[""optimized_artifact"",""source_value_mappings"",221]",221,object,
"[""optimized_artifact"",""source_value_mappings"",221,""source_value""]",source_value,string,Observed
"[""optimized_artifact"",""source_value_mappings"",221,""source_context""]",source_context,string,example_04_agriculture.pdf; fertilizer Status value
"[""optimized_artifact"",""source_value_mappings"",221,""target_field""]",target_field,string,KF_AGR_FERTILIZER_RETAIL_PRICE.OBS_STATUS
"[""optimized_artifact"",""source_value_mappings"",221,""target_code""]",target_code,string,OBSERVED
"[""optimized_artifact"",""source_value_mappings"",221,""target_code_label""]",target_code_label,string,Observed
"[""optimized_artifact"",""source_value_mappings"",221,""mapping_type""]",mapping_type,string,LOCAL_EQUIVALENT
"[""optimized_artifact"",""source_value_mappings"",221,""target_standard""]",target_standard,string,CL_AGRI_STATUS_LOCAL v1.0
"[""optimized_artifact"",""source_value_mappings"",221,""notes""]",notes,string,Agriculture local observed-status value.
"[""optimized_artifact"",""source_value_mappings"",221,""evidence_quote""]",evidence_quote,string,Observed
"[""optimized_artifact"",""source_value_mappings"",222]",222,object,
"[""optimized_artifact"",""source_value_mappings"",222,""source_value""]",source_value,string,Publication date: 28 May 2026
"[""optimized_artifact"",""source_value_mappings"",222,""source_context""]",source_context,string,example_04_agriculture.pdf; metadata
"[""optimized_artifact"",""source_value_mappings"",222,""target_field""]",target_field,string,REPORT_METADATA.PUBLICATION_DATE
"[""optimized_artifact"",""source_value_mappings"",222,""target_code""]",target_code,string,2026-05-28
"[""optimized_artifact"",""source_value_mappings"",222,""target_code_label""]",target_code_label,string,28 May 2026
"[""optimized_artifact"",""source_value_mappings"",222,""mapping_type""]",mapping_type,string,DERIVED
"[""optimized_artifact"",""source_value_mappings"",222,""target_standard""]",target_standard,string,Reference metadata date
"[""optimized_artifact"",""source_value_mappings"",222,""notes""]",notes,string,Agriculture publication date.
"[""optimized_artifact"",""source_value_mappings"",222,""evidence_quote""]",evidence_quote,string,Publication date: 28 May 2026
"[""optimized_artifact"",""source_value_mappings"",223]",223,object,
"[""optimized_artifact"",""source_value_mappings"",223,""source_value""]",source_value,string,Synthetic Agricultural Statistics Bureau
"[""optimized_artifact"",""source_value_mappings"",223,""source_context""]",source_context,string,example_04_agriculture.pdf; publisher
"[""optimized_artifact"",""source_value_mappings"",223,""target_field""]",target_field,string,REPORT_METADATA.COMPILING_ORG
"[""optimized_artifact"",""source_value_mappings"",223,""target_code""]",target_code,null,
"[""optimized_artifact"",""source_value_mappings"",223,""target_code_label""]",target_code_label,null,
"[""optimized_artifact"",""source_value_mappings"",223,""mapping_type""]",mapping_type,string,EXACT
"[""optimized_artifact"",""source_value_mappings"",223,""target_standard""]",target_standard,string,Reference metadata COMPILING_ORG
"[""optimized_artifact"",""source_value_mappings"",223,""notes""]",notes,string,Agriculture publisher.
"[""optimized_artifact"",""source_value_mappings"",223,""evidence_quote""]",evidence_quote,string,Synthetic Agricultural Statistics Bureau
"[""optimized_artifact"",""source_value_mappings"",224]",224,object,
"[""optimized_artifact"",""source_value_mappings"",224,""source_value""]",source_value,string,Crop area and production are annual farm-survey aggregates. Fertilizer retail prices come from a monthly outlet panel and form a separate price structure.
"[""optimized_artifact"",""source_value_mappings"",224,""source_context""]",source_context,string,example_04_agriculture.pdf; Methodology
"[""optimized_artifact"",""source_value_mappings"",224,""target_field""]",target_field,string,REPORT_METADATA.METHODOLOGY
"[""optimized_artifact"",""source_value_mappings"",224,""target_code""]",target_code,null,
"[""optimized_artifact"",""source_value_mappings"",224,""target_code_label""]",target_code_label,null,
"[""optimized_artifact"",""source_value_mappings"",224,""mapping_type""]",mapping_type,string,EXACT
"[""optimized_artifact"",""source_value_mappings"",224,""target_standard""]",target_standard,string,Reference metadata
"[""optimized_artifact"",""source_value_mappings"",224,""notes""]",notes,string,Agriculture methodology.
"[""optimized_artifact"",""source_value_mappings"",224,""evidence_quote""]",evidence_quote,string,Crop area and production are annual farm-survey aggregates. Fertilizer retail prices come from a monthly outlet panel and form a separate price structure.
"[""optimized_artifact"",""source_value_mappings"",225]",225,object,
"[""optimized_artifact"",""source_value_mappings"",225,""source_value""]",source_value,string,Synthetic Annual Farm Survey and Synthetic Agricultural Price Panel.
"[""optimized_artifact"",""source_value_mappings"",225,""source_context""]",source_context,string,example_04_agriculture.pdf; Source description
"[""optimized_artifact"",""source_value_mappings"",225,""target_field""]",target_field,string,REPORT_METADATA.SOURCE_DATA
"[""optimized_artifact"",""source_value_mappings"",225,""target_code""]",target_code,null,
"[""optimized_artifact"",""source_value_mappings"",225,""target_code_label""]",target_code_label,null,
"[""optimized_artifact"",""source_value_mappings"",225,""mapping_type""]",mapping_type,string,EXACT
"[""optimized_artifact"",""source_value_mappings"",225,""target_standard""]",target_standard,string,Reference metadata
"[""optimized_artifact"",""source_value_mappings"",225,""notes""]",notes,string,Restored agriculture source-data mapping.
"[""optimized_artifact"",""source_value_mappings"",225,""evidence_quote""]",evidence_quote,string,Synthetic Annual Farm Survey and Synthetic Agricultural Price Panel.
"[""optimized_artifact"",""source_value_mappings"",226]",226,object,
"[""optimized_artifact"",""source_value_mappings"",226,""source_value""]",source_value,string,Crop names are common labels and require classification review. The local currency is deliberately unnamed. Forecast production is not observed output.
"[""optimized_artifact"",""source_value_mappings"",226,""source_context""]",source_context,string,example_04_agriculture.pdf; Caveats and limitations
"[""optimized_artifact"",""source_value_mappings"",226,""target_field""]",target_field,string,REPORT_METADATA.LIMITATIONS
"[""optimized_artifact"",""source_value_mappings"",226,""target_code""]",target_code,null,
"[""optimized_artifact"",""source_value_mappings"",226,""target_code_label""]",target_code_label,null,
"[""optimized_artifact"",""source_value_mappings"",226,""mapping_type""]",mapping_type,string,EXACT
"[""optimized_artifact"",""source_value_mappings"",226,""target_standard""]",target_standard,string,Reference metadata
"[""optimized_artifact"",""source_value_mappings"",226,""notes""]",notes,string,Full agriculture limitations restored.
"[""optimized_artifact"",""source_value_mappings"",226,""evidence_quote""]",evidence_quote,string,Crop names are common labels and require classification review. The local currency is deliberately unnamed. Forecast production is not observed output.
"[""optimized_artifact"",""source_value_mappings"",227]",227,object,
"[""optimized_artifact"",""source_value_mappings"",227,""source_value""]",source_value,string,Forecasts are replaced by provisional estimates after harvest and finalized after survey reconciliation.
"[""optimized_artifact"",""source_value_mappings"",227,""source_context""]",source_context,string,example_04_agriculture.pdf; Revision policy
"[""optimized_artifact"",""source_value_mappings"",227,""target_field""]",target_field,string,REPORT_METADATA.DATA_REV
"[""optimized_artifact"",""source_value_mappings"",227,""target_code""]",target_code,null,
"[""optimized_artifact"",""source_value_mappings"",227,""target_code_label""]",target_code_label,null,
"[""optimized_artifact"",""source_value_mappings"",227,""mapping_type""]",mapping_type,string,EXACT
"[""optimized_artifact"",""source_value_mappings"",227,""target_standard""]",target_standard,string,Reference metadata
"[""optimized_artifact"",""source_value_mappings"",227,""notes""]",notes,string,Agriculture revision policy.
"[""optimized_artifact"",""source_value_mappings"",227,""evidence_quote""]",evidence_quote,string,Forecasts are replaced by provisional estimates after harvest and finalized after survey reconciliation.
"[""optimized_artifact"",""source_value_mappings"",228]",228,object,
"[""optimized_artifact"",""source_value_mappings"",228,""source_value""]",source_value,string,All records and values are synthetic. No person-level or confidential data are included.
"[""optimized_artifact"",""source_value_mappings"",228,""source_context""]",source_context,string,example_04_agriculture.pdf; Confidentiality
"[""optimized_artifact"",""source_value_mappings"",228,""target_field""]",target_field,string,REPORT_METADATA.CONF
"[""optimized_artifact"",""source_value_mappings"",228,""target_code""]",target_code,null,
"[""optimized_artifact"",""source_value_mappings"",228,""target_code_label""]",target_code_label,null,
"[""optimized_artifact"",""source_value_mappings"",228,""mapping_type""]",mapping_type,string,EXACT
"[""optimized_artifact"",""source_value_mappings"",228,""target_standard""]",target_standard,string,Reference metadata CONF candidate
"[""optimized_artifact"",""source_value_mappings"",228,""notes""]",notes,string,Agriculture confidentiality metadata.
"[""optimized_artifact"",""source_value_mappings"",228,""evidence_quote""]",evidence_quote,string,All records and values are synthetic. No person-level or confidential data are included.
"[""optimized_artifact"",""source_value_mappings"",229]",229,object,
"[""optimized_artifact"",""source_value_mappings"",229,""source_value""]",source_value,string,The CPI is a monthly fixed-basket index classified by consumption division.
"[""optimized_artifact"",""source_value_mappings"",229,""source_context""]",source_context,string,example_05_prices_consumption.pdf; methodology/routing
"[""optimized_artifact"",""source_value_mappings"",229,""target_field""]",target_field,string,STRUCTURE_ID
"[""optimized_artifact"",""source_value_mappings"",229,""target_code""]",target_code,string,KF_SYNTH_CPI_DIVISION_MONTHLY
"[""optimized_artifact"",""source_value_mappings"",229,""target_code_label""]",target_code_label,string,Monthly CPI by consumption division
"[""optimized_artifact"",""source_value_mappings"",229,""mapping_type""]",mapping_type,string,DERIVED
"[""optimized_artifact"",""source_value_mappings"",229,""target_standard""]",target_standard,string,Accepted Key Family
"[""optimized_artifact"",""source_value_mappings"",229,""notes""]",notes,string,Route CPI observations to PDF CPI structure.
"[""optimized_artifact"",""source_value_mappings"",229,""evidence_quote""]",evidence_quote,string,The CPI is a monthly fixed-basket index classified by consumption division.
"[""optimized_artifact"",""source_value_mappings"",230]",230,object,
"[""optimized_artifact"",""source_value_mappings"",230,""source_value""]",source_value,string,Household spending is an annual survey estimate by residence and expenditure quintile and is not a CPI observation.
"[""optimized_artifact"",""source_value_mappings"",230,""source_context""]",source_context,string,example_05_prices_consumption.pdf; methodology/routing
"[""optimized_artifact"",""source_value_mappings"",230,""target_field""]",target_field,string,STRUCTURE_ID
"[""optimized_artifact"",""source_value_mappings"",230,""target_code""]",target_code,string,KF_SYNTH_HH_SPENDING_RESIDENCE_QUINTILE_ANNUAL
"[""optimized_artifact"",""source_value_mappings"",230,""target_code_label""]",target_code_label,string,Annual household spending
"[""optimized_artifact"",""source_value_mappings"",230,""mapping_type""]",mapping_type,string,DERIVED
"[""optimized_artifact"",""source_value_mappings"",230,""target_standard""]",target_standard,string,Accepted Key Family
"[""optimized_artifact"",""source_value_mappings"",230,""notes""]",notes,string,"Route household spending observations, not CPI."
"[""optimized_artifact"",""source_value_mappings"",230,""evidence_quote""]",evidence_quote,string,Household spending is an annual survey estimate by residence and expenditure quintile and is not a CPI observation.
"[""optimized_artifact"",""source_value_mappings"",231]",231,object,
"[""optimized_artifact"",""source_value_mappings"",231,""source_value""]",source_value,string,The CPI is a monthly fixed-basket index classified by consumption division.
"[""optimized_artifact"",""source_value_mappings"",231,""source_context""]",source_context,string,example_05_prices_consumption.pdf; methodology; FREQ
"[""optimized_artifact"",""source_value_mappings"",231,""target_field""]",target_field,string,KF_SYNTH_CPI_DIVISION_MONTHLY.FREQ
"[""optimized_artifact"",""source_value_mappings"",231,""target_code""]",target_code,string,M
"[""optimized_artifact"",""source_value_mappings"",231,""target_code_label""]",target_code_label,string,Monthly
"[""optimized_artifact"",""source_value_mappings"",231,""mapping_type""]",mapping_type,string,DERIVED
"[""optimized_artifact"",""source_value_mappings"",231,""target_standard""]",target_standard,string,SDMX CL_FREQ candidate; version/code unconfirmed
"[""optimized_artifact"",""source_value_mappings"",231,""notes""]",notes,string,Verify before production automation.
"[""optimized_artifact"",""source_value_mappings"",231,""evidence_quote""]",evidence_quote,string,The CPI is a monthly fixed-basket index classified by consumption division.
"[""optimized_artifact"",""source_value_mappings"",232]",232,object,
"[""optimized_artifact"",""source_value_mappings"",232,""source_value""]",source_value,string,Household spending is an annual survey estimate by residence and expenditure quintile and is not a CPI observation.
"[""optimized_artifact"",""source_value_mappings"",232,""source_context""]",source_context,string,example_05_prices_consumption.pdf; methodology; FREQ
"[""optimized_artifact"",""source_value_mappings"",232,""target_field""]",target_field,string,KF_SYNTH_HH_SPENDING_RESIDENCE_QUINTILE_ANNUAL.FREQ
"[""optimized_artifact"",""source_value_mappings"",232,""target_code""]",target_code,string,A
"[""optimized_artifact"",""source_value_mappings"",232,""target_code_label""]",target_code_label,string,Annual
"[""optimized_artifact"",""source_value_mappings"",232,""mapping_type""]",mapping_type,string,DERIVED
"[""optimized_artifact"",""source_value_mappings"",232,""target_standard""]",target_standard,string,SDMX CL_FREQ candidate; version/code unconfirmed
"[""optimized_artifact"",""source_value_mappings"",232,""notes""]",notes,string,Verify before production automation.
"[""optimized_artifact"",""source_value_mappings"",232,""evidence_quote""]",evidence_quote,string,Household spending is an annual survey estimate by residence and expenditure quintile
"[""optimized_artifact"",""source_value_mappings"",233]",233,object,
"[""optimized_artifact"",""source_value_mappings"",233,""source_value""]",source_value,string,Food and non-alcoholic beverages
"[""optimized_artifact"",""source_value_mappings"",233,""source_context""]",source_context,string,example_05_prices_consumption.pdf; Division column
"[""optimized_artifact"",""source_value_mappings"",233,""target_field""]",target_field,string,KF_SYNTH_CPI_DIVISION_MONTHLY.CONSUMPTION_DIVISION
"[""optimized_artifact"",""source_value_mappings"",233,""target_code""]",target_code,string,FOOD_NAB
"[""optimized_artifact"",""source_value_mappings"",233,""target_code_label""]",target_code_label,string,Food and non-alcoholic beverages
"[""optimized_artifact"",""source_value_mappings"",233,""mapping_type""]",mapping_type,string,EXACT
"[""optimized_artifact"",""source_value_mappings"",233,""target_standard""]",target_standard,string,CL_LOCAL_CPI_DIVISION v1.0
"[""optimized_artifact"",""source_value_mappings"",233,""notes""]",notes,string,PDF local CPI division; COICOP revision unconfirmed.
"[""optimized_artifact"",""source_value_mappings"",233,""evidence_quote""]",evidence_quote,string,Food and non-alcoholic beverages
"[""optimized_artifact"",""source_value_mappings"",234]",234,object,
"[""optimized_artifact"",""source_value_mappings"",234,""source_value""]",source_value,string,Housing and utilities
"[""optimized_artifact"",""source_value_mappings"",234,""source_context""]",source_context,string,example_05_prices_consumption.pdf; Division column
"[""optimized_artifact"",""source_value_mappings"",234,""target_field""]",target_field,string,KF_SYNTH_CPI_DIVISION_MONTHLY.CONSUMPTION_DIVISION
"[""optimized_artifact"",""source_value_mappings"",234,""target_code""]",target_code,string,HOUS_UTIL
"[""optimized_artifact"",""source_value_mappings"",234,""target_code_label""]",target_code_label,string,Housing and utilities
"[""optimized_artifact"",""source_value_mappings"",234,""mapping_type""]",mapping_type,string,EXACT
"[""optimized_artifact"",""source_value_mappings"",234,""target_standard""]",target_standard,string,CL_LOCAL_CPI_DIVISION v1.0
"[""optimized_artifact"",""source_value_mappings"",234,""notes""]",notes,string,PDF local CPI division.
"[""optimized_artifact"",""source_value_mappings"",234,""evidence_quote""]",evidence_quote,string,Housing and utilities
"[""optimized_artifact"",""source_value_mappings"",235]",235,object,
"[""optimized_artifact"",""source_value_mappings"",235,""source_value""]",source_value,string,Transport
"[""optimized_artifact"",""source_value_mappings"",235,""source_context""]",source_context,string,example_05_prices_consumption.pdf; Division column
"[""optimized_artifact"",""source_value_mappings"",235,""target_field""]",target_field,string,KF_SYNTH_CPI_DIVISION_MONTHLY.CONSUMPTION_DIVISION
"[""optimized_artifact"",""source_value_mappings"",235,""target_code""]",target_code,string,TRANSPORT
"[""optimized_artifact"",""source_value_mappings"",235,""target_code_label""]",target_code_label,string,Transport
"[""optimized_artifact"",""source_value_mappings"",235,""mapping_type""]",mapping_type,string,EXACT
"[""optimized_artifact"",""source_value_mappings"",235,""target_standard""]",target_standard,string,CL_LOCAL_CPI_DIVISION v1.0
"[""optimized_artifact"",""source_value_mappings"",235,""notes""]",notes,string,PDF local CPI division.
"[""optimized_artifact"",""source_value_mappings"",235,""evidence_quote""]",evidence_quote,string,Transport
"[""optimized_artifact"",""source_value_mappings"",236]",236,object,
"[""optimized_artifact"",""source_value_mappings"",236,""source_value""]",source_value,string,Consumption divisions resemble COICOP but the revision is not confirmed.
"[""optimized_artifact"",""source_value_mappings"",236,""source_context""]",source_context,string,example_05_prices_consumption.pdf; caveats
"[""optimized_artifact"",""source_value_mappings"",236,""target_field""]",target_field,string,KF_SYNTH_CPI_DIVISION_MONTHLY.CONSUMPTION_DIVISION
"[""optimized_artifact"",""source_value_mappings"",236,""target_code""]",target_code,null,
"[""optimized_artifact"",""source_value_mappings"",236,""target_code_label""]",target_code_label,null,
"[""optimized_artifact"",""source_value_mappings"",236,""mapping_type""]",mapping_type,string,UNRESOLVED
"[""optimized_artifact"",""source_value_mappings"",236,""target_standard""]",target_standard,string,UNSD COICOP / SDMX CL_COICOP_2018 candidate
"[""optimized_artifact"",""source_value_mappings"",236,""notes""]",notes,string,Prevents confirmed COICOP mapping.
"[""optimized_artifact"",""source_value_mappings"",236,""evidence_quote""]",evidence_quote,string,Consumption divisions resemble COICOP but the revision is not confirmed.
"[""optimized_artifact"",""source_value_mappings"",237]",237,object,
"[""optimized_artifact"",""source_value_mappings"",237,""source_value""]",source_value,string,Month
"[""optimized_artifact"",""source_value_mappings"",237,""source_context""]",source_context,string,example_05_prices_consumption.pdf; CPI Table 1 Month column header
"[""optimized_artifact"",""source_value_mappings"",237,""target_field""]",target_field,string,KF_SYNTH_CPI_DIVISION_MONTHLY.TIME_PERIOD
"[""optimized_artifact"",""source_value_mappings"",237,""target_code""]",target_code,null,
"[""optimized_artifact"",""source_value_mappings"",237,""target_code_label""]",target_code_label,null,
"[""optimized_artifact"",""source_value_mappings"",237,""mapping_type""]",mapping_type,string,LOCAL_EQUIVALENT
"[""optimized_artifact"",""source_value_mappings"",237,""target_standard""]",target_standard,string,SDMX TIME_PERIOD candidate
"[""optimized_artifact"",""source_value_mappings"",237,""notes""]",notes,string,Restored operational extraction mapping for CPI Month.
"[""optimized_artifact"",""source_value_mappings"",237,""evidence_quote""]",evidence_quote,string,Month
"[""optimized_artifact"",""source_value_mappings"",238]",238,object,
"[""optimized_artifact"",""source_value_mappings"",238,""source_value""]",source_value,string,2025-01
"[""optimized_artifact"",""source_value_mappings"",238,""source_context""]",source_context,string,example_05_prices_consumption.pdf; CPI Month value
"[""optimized_artifact"",""source_value_mappings"",238,""target_field""]",target_field,string,KF_SYNTH_CPI_DIVISION_MONTHLY.TIME_PERIOD
"[""optimized_artifact"",""source_value_mappings"",238,""target_code""]",target_code,null,
"[""optimized_artifact"",""source_value_mappings"",238,""target_code_label""]",target_code_label,string,2025-01
"[""optimized_artifact"",""source_value_mappings"",238,""mapping_type""]",mapping_type,string,EXACT
"[""optimized_artifact"",""source_value_mappings"",238,""target_standard""]",target_standard,string,Time-period representation
"[""optimized_artifact"",""source_value_mappings"",238,""notes""]",notes,string,Monthly time value copied.
"[""optimized_artifact"",""source_value_mappings"",238,""evidence_quote""]",evidence_quote,string,2025-01
"[""optimized_artifact"",""source_value_mappings"",239]",239,object,
"[""optimized_artifact"",""source_value_mappings"",239,""source_value""]",source_value,string,2025-04
"[""optimized_artifact"",""source_value_mappings"",239,""source_context""]",source_context,string,example_05_prices_consumption.pdf; CPI Month value with provisional status
"[""optimized_artifact"",""source_value_mappings"",239,""target_field""]",target_field,string,KF_SYNTH_CPI_DIVISION_MONTHLY.TIME_PERIOD
"[""optimized_artifact"",""source_value_mappings"",239,""target_code""]",target_code,null,
"[""optimized_artifact"",""source_value_mappings"",239,""target_code_label""]",target_code_label,string,2025-04
"[""optimized_artifact"",""source_value_mappings"",239,""mapping_type""]",mapping_type,string,EXACT
"[""optimized_artifact"",""source_value_mappings"",239,""target_standard""]",target_standard,string,Time-period representation
"[""optimized_artifact"",""source_value_mappings"",239,""notes""]",notes,string,Monthly time value copied.
"[""optimized_artifact"",""source_value_mappings"",239,""evidence_quote""]",evidence_quote,string,2025-04
"[""optimized_artifact"",""source_value_mappings"",240]",240,object,
"[""optimized_artifact"",""source_value_mappings"",240,""source_value""]",source_value,string,Index
"[""optimized_artifact"",""source_value_mappings"",240,""source_context""]",source_context,string,example_05_prices_consumption.pdf; CPI Index column header
"[""optimized_artifact"",""source_value_mappings"",240,""target_field""]",target_field,string,KF_SYNTH_CPI_DIVISION_MONTHLY.OBS_VALUE
"[""optimized_artifact"",""source_value_mappings"",240,""target_code""]",target_code,null,
"[""optimized_artifact"",""source_value_mappings"",240,""target_code_label""]",target_code_label,null,
"[""optimized_artifact"",""source_value_mappings"",240,""mapping_type""]",mapping_type,string,LOCAL_EQUIVALENT
"[""optimized_artifact"",""source_value_mappings"",240,""target_standard""]",target_standard,string,SDMX OBS_VALUE candidate
"[""optimized_artifact"",""source_value_mappings"",240,""notes""]",notes,string,Source Index column carries numeric CPI value.
"[""optimized_artifact"",""source_value_mappings"",240,""evidence_quote""]",evidence_quote,string,Index
"[""optimized_artifact"",""source_value_mappings"",241]",241,object,
"[""optimized_artifact"",""source_value_mappings"",241,""source_value""]",source_value,string,108.92
"[""optimized_artifact"",""source_value_mappings"",241,""source_context""]",source_context,string,example_05_prices_consumption.pdf; CPI Index value
"[""optimized_artifact"",""source_value_mappings"",241,""target_field""]",target_field,string,KF_SYNTH_CPI_DIVISION_MONTHLY.OBS_VALUE
"[""optimized_artifact"",""source_value_mappings"",241,""target_code""]",target_code,null,
"[""optimized_artifact"",""source_value_mappings"",241,""target_code_label""]",target_code_label,string,108.92
"[""optimized_artifact"",""source_value_mappings"",241,""mapping_type""]",mapping_type,string,EXACT
"[""optimized_artifact"",""source_value_mappings"",241,""target_standard""]",target_standard,string,Numeric decimal measure
"[""optimized_artifact"",""source_value_mappings"",241,""notes""]",notes,string,CPI numeric example restored.
"[""optimized_artifact"",""source_value_mappings"",241,""evidence_quote""]",evidence_quote,string,108.92
"[""optimized_artifact"",""source_value_mappings"",242]",242,object,
"[""optimized_artifact"",""source_value_mappings"",242,""source_value""]",source_value,string,"Index, 2023=100"
"[""optimized_artifact"",""source_value_mappings"",242,""source_context""]",source_context,string,example_05_prices_consumption.pdf; CPI Unit column
"[""optimized_artifact"",""source_value_mappings"",242,""target_field""]",target_field,string,KF_SYNTH_CPI_DIVISION_MONTHLY.UNIT_MEASURE
"[""optimized_artifact"",""source_value_mappings"",242,""target_code""]",target_code,string,IDX_2023_100
"[""optimized_artifact"",""source_value_mappings"",242,""target_code_label""]",target_code_label,string,"Index, 2023=100"
"[""optimized_artifact"",""source_value_mappings"",242,""mapping_type""]",mapping_type,string,EXACT
"[""optimized_artifact"",""source_value_mappings"",242,""target_standard""]",target_standard,string,CL_LOCAL_UNIT_MEASURE v1.0
"[""optimized_artifact"",""source_value_mappings"",242,""notes""]",notes,string,Source-preserving CPI unit code.
"[""optimized_artifact"",""source_value_mappings"",242,""evidence_quote""]",evidence_quote,string,"Index, 2023=100"
"[""optimized_artifact"",""source_value_mappings"",243]",243,object,
"[""optimized_artifact"",""source_value_mappings"",243,""source_value""]",source_value,string,"Index, 2023=100"
"[""optimized_artifact"",""source_value_mappings"",243,""source_context""]",source_context,string,example_05_prices_consumption.pdf; optional base-period qualifier
"[""optimized_artifact"",""source_value_mappings"",243,""target_field""]",target_field,string,KF_SYNTH_CPI_DIVISION_MONTHLY.BASE_PERIOD
"[""optimized_artifact"",""source_value_mappings"",243,""target_code""]",target_code,null,
"[""optimized_artifact"",""source_value_mappings"",243,""target_code_label""]",target_code_label,string,2023
"[""optimized_artifact"",""source_value_mappings"",243,""mapping_type""]",mapping_type,string,DERIVED
"[""optimized_artifact"",""source_value_mappings"",243,""target_standard""]",target_standard,string,Local BASE_PERIOD attribute
"[""optimized_artifact"",""source_value_mappings"",243,""notes""]",notes,string,Optional qualifier derived from unit string.
"[""optimized_artifact"",""source_value_mappings"",243,""evidence_quote""]",evidence_quote,string,"Index, 2023=100"
"[""optimized_artifact"",""source_value_mappings"",244]",244,object,
"[""optimized_artifact"",""source_value_mappings"",244,""source_value""]",source_value,string,CPI measures price change relative to 2023=100.
"[""optimized_artifact"",""source_value_mappings"",244,""source_context""]",source_context,string,example_05_prices_consumption.pdf; definitions
"[""optimized_artifact"",""source_value_mappings"",244,""target_field""]",target_field,string,KF_SYNTH_CPI_DIVISION_MONTHLY.BASE_PERIOD
"[""optimized_artifact"",""source_value_mappings"",244,""target_code""]",target_code,null,
"[""optimized_artifact"",""source_value_mappings"",244,""target_code_label""]",target_code_label,string,2023
"[""optimized_artifact"",""source_value_mappings"",244,""mapping_type""]",mapping_type,string,DERIVED
"[""optimized_artifact"",""source_value_mappings"",244,""target_standard""]",target_standard,string,Local BASE_PERIOD attribute
"[""optimized_artifact"",""source_value_mappings"",244,""notes""]",notes,string,Restored base-period derivation from definition text.
"[""optimized_artifact"",""source_value_mappings"",244,""evidence_quote""]",evidence_quote,string,CPI measures price change relative to 2023=100.
"[""optimized_artifact"",""source_value_mappings"",245]",245,object,
"[""optimized_artifact"",""source_value_mappings"",245,""source_value""]",source_value,string,Final
"[""optimized_artifact"",""source_value_mappings"",245,""source_context""]",source_context,string,example_05_prices_consumption.pdf; CPI Status
"[""optimized_artifact"",""source_value_mappings"",245,""target_field""]",target_field,string,KF_SYNTH_CPI_DIVISION_MONTHLY.OBS_STATUS
"[""optimized_artifact"",""source_value_mappings"",245,""target_code""]",target_code,string,FINAL
"[""optimized_artifact"",""source_value_mappings"",245,""target_code_label""]",target_code_label,string,Final
"[""optimized_artifact"",""source_value_mappings"",245,""mapping_type""]",mapping_type,string,EXACT
"[""optimized_artifact"",""source_value_mappings"",245,""target_standard""]",target_standard,string,CL_LOCAL_REPORT_STATUS v1.0
"[""optimized_artifact"",""source_value_mappings"",245,""notes""]",notes,string,Local CPI status.
"[""optimized_artifact"",""source_value_mappings"",245,""evidence_quote""]",evidence_quote,string,Final
"[""optimized_artifact"",""source_value_mappings"",246]",246,object,
"[""optimized_artifact"",""source_value_mappings"",246,""source_value""]",source_value,string,Provisional
"[""optimized_artifact"",""source_value_mappings"",246,""source_context""]",source_context,string,example_05_prices_consumption.pdf; CPI Status
"[""optimized_artifact"",""source_value_mappings"",246,""target_field""]",target_field,string,KF_SYNTH_CPI_DIVISION_MONTHLY.OBS_STATUS
"[""optimized_artifact"",""source_value_mappings"",246,""target_code""]",target_code,string,PROVISIONAL
"[""optimized_artifact"",""source_value_mappings"",246,""target_code_label""]",target_code_label,string,Provisional
"[""optimized_artifact"",""source_value_mappings"",246,""mapping_type""]",mapping_type,string,EXACT
"[""optimized_artifact"",""source_value_mappings"",246,""target_standard""]",target_standard,string,CL_LOCAL_REPORT_STATUS v1.0
"[""optimized_artifact"",""source_value_mappings"",246,""notes""]",notes,string,Local CPI status.
"[""optimized_artifact"",""source_value_mappings"",246,""evidence_quote""]",evidence_quote,string,Provisional
"[""optimized_artifact"",""source_value_mappings"",247]",247,object,
"[""optimized_artifact"",""source_value_mappings"",247,""source_value""]",source_value,string,The latest CPI month is provisional.
"[""optimized_artifact"",""source_value_mappings"",247,""source_context""]",source_context,string,example_05_prices_consumption.pdf; Revision policy
"[""optimized_artifact"",""source_value_mappings"",247,""target_field""]",target_field,string,KF_SYNTH_CPI_DIVISION_MONTHLY.OBS_STATUS
"[""optimized_artifact"",""source_value_mappings"",247,""target_code""]",target_code,string,PROVISIONAL
"[""optimized_artifact"",""source_value_mappings"",247,""target_code_label""]",target_code_label,string,Provisional
"[""optimized_artifact"",""source_value_mappings"",247,""mapping_type""]",mapping_type,string,DERIVED
"[""optimized_artifact"",""source_value_mappings"",247,""target_standard""]",target_standard,string,CL_LOCAL_REPORT_STATUS v1.0
"[""optimized_artifact"",""source_value_mappings"",247,""notes""]",notes,string,Restored rule supporting provisional status for latest CPI month.
"[""optimized_artifact"",""source_value_mappings"",247,""evidence_quote""]",evidence_quote,string,The latest CPI month is provisional.
"[""optimized_artifact"",""source_value_mappings"",248]",248,object,
"[""optimized_artifact"",""source_value_mappings"",248,""source_value""]",source_value,string,Residence
"[""optimized_artifact"",""source_value_mappings"",248,""source_context""]",source_context,string,example_05_prices_consumption.pdf; household Table 2 Residence column header
"[""optimized_artifact"",""source_value_mappings"",248,""target_field""]",target_field,string,KF_SYNTH_HH_SPENDING_RESIDENCE_QUINTILE_ANNUAL.RESIDENCE_TYPE
"[""optimized_artifact"",""source_value_mappings"",248,""target_code""]",target_code,null,
"[""optimized_artifact"",""source_value_mappings"",248,""target_code_label""]",target_code_label,null,
"[""optimized_artifact"",""source_value_mappings"",248,""mapping_type""]",mapping_type,string,LOCAL_EQUIVALENT
"[""optimized_artifact"",""source_value_mappings"",248,""target_standard""]",target_standard,string,CL_LOCAL_RESIDENCE v1.0
"[""optimized_artifact"",""source_value_mappings"",248,""notes""]",notes,string,Restored operational extraction mapping for Residence.
"[""optimized_artifact"",""source_value_mappings"",248,""evidence_quote""]",evidence_quote,string,Residence
"[""optimized_artifact"",""source_value_mappings"",249]",249,object,
"[""optimized_artifact"",""source_value_mappings"",249,""source_value""]",source_value,string,Urban
"[""optimized_artifact"",""source_value_mappings"",249,""source_context""]",source_context,string,example_05_prices_consumption.pdf; Residence column
"[""optimized_artifact"",""source_value_mappings"",249,""target_field""]",target_field,string,KF_SYNTH_HH_SPENDING_RESIDENCE_QUINTILE_ANNUAL.RESIDENCE_TYPE
"[""optimized_artifact"",""source_value_mappings"",249,""target_code""]",target_code,string,URBAN
"[""optimized_artifact"",""source_value_mappings"",249,""target_code_label""]",target_code_label,string,Urban
"[""optimized_artifact"",""source_value_mappings"",249,""mapping_type""]",mapping_type,string,EXACT
"[""optimized_artifact"",""source_value_mappings"",249,""target_standard""]",target_standard,string,CL_LOCAL_RESIDENCE v1.0
"[""optimized_artifact"",""source_value_mappings"",249,""notes""]",notes,string,Local residence category.
"[""optimized_artifact"",""source_value_mappings"",249,""evidence_quote""]",evidence_quote,string,Urban
"[""optimized_artifact"",""source_value_mappings"",250]",250,object,
"[""optimized_artifact"",""source_value_mappings"",250,""source_value""]",source_value,string,Rural
"[""optimized_artifact"",""source_value_mappings"",250,""source_context""]",source_context,string,example_05_prices_consumption.pdf; Residence column
"[""optimized_artifact"",""source_value_mappings"",250,""target_field""]",target_field,string,KF_SYNTH_HH_SPENDING_RESIDENCE_QUINTILE_ANNUAL.RESIDENCE_TYPE
"[""optimized_artifact"",""source_value_mappings"",250,""target_code""]",target_code,string,RURAL
"[""optimized_artifact"",""source_value_mappings"",250,""target_code_label""]",target_code_label,string,Rural
"[""optimized_artifact"",""source_value_mappings"",250,""mapping_type""]",mapping_type,string,EXACT
"[""optimized_artifact"",""source_value_mappings"",250,""target_standard""]",target_standard,string,CL_LOCAL_RESIDENCE v1.0
"[""optimized_artifact"",""source_value_mappings"",250,""notes""]",notes,string,Local residence category.
"[""optimized_artifact"",""source_value_mappings"",250,""evidence_quote""]",evidence_quote,string,Rural
"[""optimized_artifact"",""source_value_mappings"",251]",251,object,
"[""optimized_artifact"",""source_value_mappings"",251,""source_value""]",source_value,string,Expenditure quintile
"[""optimized_artifact"",""source_value_mappings"",251,""source_context""]",source_context,string,example_05_prices_consumption.pdf; household Table 2 column header
"[""optimized_artifact"",""source_value_mappings"",251,""target_field""]",target_field,string,KF_SYNTH_HH_SPENDING_RESIDENCE_QUINTILE_ANNUAL.EXPENDITURE_QUINTILE
"[""optimized_artifact"",""source_value_mappings"",251,""target_code""]",target_code,null,
"[""optimized_artifact"",""source_value_mappings"",251,""target_code_label""]",target_code_label,null,
"[""optimized_artifact"",""source_value_mappings"",251,""mapping_type""]",mapping_type,string,LOCAL_EQUIVALENT
"[""optimized_artifact"",""source_value_mappings"",251,""target_standard""]",target_standard,string,CL_LOCAL_EXPENDITURE_QUINTILE v1.0
"[""optimized_artifact"",""source_value_mappings"",251,""notes""]",notes,string,Restored operational extraction mapping for Expenditure quintile.
"[""optimized_artifact"",""source_value_mappings"",251,""evidence_quote""]",evidence_quote,string,Expenditure quintile
"[""optimized_artifact"",""source_value_mappings"",252]",252,object,
"[""optimized_artifact"",""source_value_mappings"",252,""source_value""]",source_value,string,Lowest quintile
"[""optimized_artifact"",""source_value_mappings"",252,""source_context""]",source_context,string,example_05_prices_consumption.pdf; Expenditure quintile
"[""optimized_artifact"",""source_value_mappings"",252,""target_field""]",target_field,string,KF_SYNTH_HH_SPENDING_RESIDENCE_QUINTILE_ANNUAL.EXPENDITURE_QUINTILE
"[""optimized_artifact"",""source_value_mappings"",252,""target_code""]",target_code,string,LOWEST
"[""optimized_artifact"",""source_value_mappings"",252,""target_code_label""]",target_code_label,string,Lowest quintile
"[""optimized_artifact"",""source_value_mappings"",252,""mapping_type""]",mapping_type,string,EXACT
"[""optimized_artifact"",""source_value_mappings"",252,""target_standard""]",target_standard,string,CL_LOCAL_EXPENDITURE_QUINTILE v1.0
"[""optimized_artifact"",""source_value_mappings"",252,""notes""]",notes,string,Local survey-distribution quintile.
"[""optimized_artifact"",""source_value_mappings"",252,""evidence_quote""]",evidence_quote,string,Lowest quintile
"[""optimized_artifact"",""source_value_mappings"",253]",253,object,
"[""optimized_artifact"",""source_value_mappings"",253,""source_value""]",source_value,string,Highest quintile
"[""optimized_artifact"",""source_value_mappings"",253,""source_context""]",source_context,string,example_05_prices_consumption.pdf; Expenditure quintile
"[""optimized_artifact"",""source_value_mappings"",253,""target_field""]",target_field,string,KF_SYNTH_HH_SPENDING_RESIDENCE_QUINTILE_ANNUAL.EXPENDITURE_QUINTILE
"[""optimized_artifact"",""source_value_mappings"",253,""target_code""]",target_code,string,HIGHEST
"[""optimized_artifact"",""source_value_mappings"",253,""target_code_label""]",target_code_label,string,Highest quintile
"[""optimized_artifact"",""source_value_mappings"",253,""mapping_type""]",mapping_type,string,EXACT
"[""optimized_artifact"",""source_value_mappings"",253,""target_standard""]",target_standard,string,CL_LOCAL_EXPENDITURE_QUINTILE v1.0
"[""optimized_artifact"",""source_value_mappings"",253,""notes""]",notes,string,Local survey-distribution quintile.
"[""optimized_artifact"",""source_value_mappings"",253,""evidence_quote""]",evidence_quote,string,Highest quintile
"[""optimized_artifact"",""source_value_mappings"",254]",254,object,
"[""optimized_artifact"",""source_value_mappings"",254,""source_value""]",source_value,string,Footnote: Quintiles are defined within the synthetic survey distribution.
"[""optimized_artifact"",""source_value_mappings"",254,""source_context""]",source_context,string,example_05_prices_consumption.pdf; Table 2 footnote
"[""optimized_artifact"",""source_value_mappings"",254,""target_field""]",target_field,string,KF_SYNTH_HH_SPENDING_RESIDENCE_QUINTILE_ANNUAL.EXPENDITURE_QUINTILE
"[""optimized_artifact"",""source_value_mappings"",254,""target_code""]",target_code,null,
"[""optimized_artifact"",""source_value_mappings"",254,""target_code_label""]",target_code_label,null,
"[""optimized_artifact"",""source_value_mappings"",254,""mapping_type""]",mapping_type,string,DERIVED
"[""optimized_artifact"",""source_value_mappings"",254,""target_standard""]",target_standard,string,CL_LOCAL_EXPENDITURE_QUINTILE v1.0
"[""optimized_artifact"",""source_value_mappings"",254,""notes""]",notes,string,Restored definition context for local expenditure-quintile codes.
"[""optimized_artifact"",""source_value_mappings"",254,""evidence_quote""]",evidence_quote,string,Footnote: Quintiles are defined within the synthetic survey distribution.
"[""optimized_artifact"",""source_value_mappings"",255]",255,object,
"[""optimized_artifact"",""source_value_mappings"",255,""source_value""]",source_value,string,Year
"[""optimized_artifact"",""source_value_mappings"",255,""source_context""]",source_context,string,example_05_prices_consumption.pdf; household Table 2 Year column header
"[""optimized_artifact"",""source_value_mappings"",255,""target_field""]",target_field,string,KF_SYNTH_HH_SPENDING_RESIDENCE_QUINTILE_ANNUAL.TIME_PERIOD
"[""optimized_artifact"",""source_value_mappings"",255,""target_code""]",target_code,null,
"[""optimized_artifact"",""source_value_mappings"",255,""target_code_label""]",target_code_label,null,
"[""optimized_artifact"",""source_value_mappings"",255,""mapping_type""]",mapping_type,string,LOCAL_EQUIVALENT
"[""optimized_artifact"",""source_value_mappings"",255,""target_standard""]",target_standard,string,SDMX TIME_PERIOD candidate
"[""optimized_artifact"",""source_value_mappings"",255,""notes""]",notes,string,Restored operational extraction mapping for household Year.
"[""optimized_artifact"",""source_value_mappings"",255,""evidence_quote""]",evidence_quote,string,Year
"[""optimized_artifact"",""source_value_mappings"",256]",256,object,
"[""optimized_artifact"",""source_value_mappings"",256,""source_value""]",source_value,string,2024
"[""optimized_artifact"",""source_value_mappings"",256,""source_context""]",source_context,string,example_05_prices_consumption.pdf; household spending Year value
"[""optimized_artifact"",""source_value_mappings"",256,""target_field""]",target_field,string,KF_SYNTH_HH_SPENDING_RESIDENCE_QUINTILE_ANNUAL.TIME_PERIOD
"[""optimized_artifact"",""source_value_mappings"",256,""target_code""]",target_code,null,
"[""optimized_artifact"",""source_value_mappings"",256,""target_code_label""]",target_code_label,string,2024
"[""optimized_artifact"",""source_value_mappings"",256,""mapping_type""]",mapping_type,string,EXACT
"[""optimized_artifact"",""source_value_mappings"",256,""target_standard""]",target_standard,string,Time-period representation
"[""optimized_artifact"",""source_value_mappings"",256,""notes""]",notes,string,Annual time value copied.
"[""optimized_artifact"",""source_value_mappings"",256,""evidence_quote""]",evidence_quote,string,2024
"[""optimized_artifact"",""source_value_mappings"",257]",257,object,
"[""optimized_artifact"",""source_value_mappings"",257,""source_value""]",source_value,string,Value
"[""optimized_artifact"",""source_value_mappings"",257,""source_context""]",source_context,string,example_05_prices_consumption.pdf; household Value column
"[""optimized_artifact"",""source_value_mappings"",257,""target_field""]",target_field,string,KF_SYNTH_HH_SPENDING_RESIDENCE_QUINTILE_ANNUAL.OBS_VALUE
"[""optimized_artifact"",""source_value_mappings"",257,""target_code""]",target_code,null,
"[""optimized_artifact"",""source_value_mappings"",257,""target_code_label""]",target_code_label,null,
"[""optimized_artifact"",""source_value_mappings"",257,""mapping_type""]",mapping_type,string,LOCAL_EQUIVALENT
"[""optimized_artifact"",""source_value_mappings"",257,""target_standard""]",target_standard,string,SDMX OBS_VALUE candidate
"[""optimized_artifact"",""source_value_mappings"",257,""notes""]",notes,string,Restored operational extraction mapping; comma separators normalised.
"[""optimized_artifact"",""source_value_mappings"",257,""evidence_quote""]",evidence_quote,string,Value
"[""optimized_artifact"",""source_value_mappings"",258]",258,object,
"[""optimized_artifact"",""source_value_mappings"",258,""source_value""]",source_value,string,"7,072"
"[""optimized_artifact"",""source_value_mappings"",258,""source_context""]",source_context,string,example_05_prices_consumption.pdf; household Value example
"[""optimized_artifact"",""source_value_mappings"",258,""target_field""]",target_field,string,KF_SYNTH_HH_SPENDING_RESIDENCE_QUINTILE_ANNUAL.OBS_VALUE
"[""optimized_artifact"",""source_value_mappings"",258,""target_code""]",target_code,null,
"[""optimized_artifact"",""source_value_mappings"",258,""target_code_label""]",target_code_label,string,7072
"[""optimized_artifact"",""source_value_mappings"",258,""mapping_type""]",mapping_type,string,DERIVED
"[""optimized_artifact"",""source_value_mappings"",258,""target_standard""]",target_standard,string,Numeric decimal measure
"[""optimized_artifact"",""source_value_mappings"",258,""notes""]",notes,string,Remove thousands separator; no unit conversion.
"[""optimized_artifact"",""source_value_mappings"",258,""evidence_quote""]",evidence_quote,string,"7,072"
"[""optimized_artifact"",""source_value_mappings"",259]",259,object,
"[""optimized_artifact"",""source_value_mappings"",259,""source_value""]",source_value,string,"2,734"
"[""optimized_artifact"",""source_value_mappings"",259,""source_context""]",source_context,string,example_05_prices_consumption.pdf; household Value example
"[""optimized_artifact"",""source_value_mappings"",259,""target_field""]",target_field,string,KF_SYNTH_HH_SPENDING_RESIDENCE_QUINTILE_ANNUAL.OBS_VALUE
"[""optimized_artifact"",""source_value_mappings"",259,""target_code""]",target_code,null,
"[""optimized_artifact"",""source_value_mappings"",259,""target_code_label""]",target_code_label,string,2734
"[""optimized_artifact"",""source_value_mappings"",259,""mapping_type""]",mapping_type,string,DERIVED
"[""optimized_artifact"",""source_value_mappings"",259,""target_standard""]",target_standard,string,Numeric decimal measure
"[""optimized_artifact"",""source_value_mappings"",259,""notes""]",notes,string,Specific thousands-separator example restored.
"[""optimized_artifact"",""source_value_mappings"",259,""evidence_quote""]",evidence_quote,string,"2,734"
"[""optimized_artifact"",""source_value_mappings"",260]",260,object,
"[""optimized_artifact"",""source_value_mappings"",260,""source_value""]",source_value,string,Local currency per household per month
"[""optimized_artifact"",""source_value_mappings"",260,""source_context""]",source_context,string,example_05_prices_consumption.pdf; household Unit
"[""optimized_artifact"",""source_value_mappings"",260,""target_field""]",target_field,string,KF_SYNTH_HH_SPENDING_RESIDENCE_QUINTILE_ANNUAL.UNIT_MEASURE
"[""optimized_artifact"",""source_value_mappings"",260,""target_code""]",target_code,string,LCU_PER_HH_PER_MONTH
"[""optimized_artifact"",""source_value_mappings"",260,""target_code_label""]",target_code_label,string,Local currency per household per month
"[""optimized_artifact"",""source_value_mappings"",260,""mapping_type""]",mapping_type,string,EXACT
"[""optimized_artifact"",""source_value_mappings"",260,""target_standard""]",target_standard,string,CL_LOCAL_UNIT_MEASURE v1.0
"[""optimized_artifact"",""source_value_mappings"",260,""notes""]",notes,string,No ISO 4217 currency code because currency not named.
"[""optimized_artifact"",""source_value_mappings"",260,""evidence_quote""]",evidence_quote,string,Local currency per household per month
"[""optimized_artifact"",""source_value_mappings"",261]",261,object,
"[""optimized_artifact"",""source_value_mappings"",261,""source_value""]",source_value,string,The report does not name the local currency.
"[""optimized_artifact"",""source_value_mappings"",261,""source_context""]",source_context,string,example_05_prices_consumption.pdf; caveats
"[""optimized_artifact"",""source_value_mappings"",261,""target_field""]",target_field,string,KF_SYNTH_HH_SPENDING_RESIDENCE_QUINTILE_ANNUAL.UNIT_MEASURE
"[""optimized_artifact"",""source_value_mappings"",261,""target_code""]",target_code,null,
"[""optimized_artifact"",""source_value_mappings"",261,""target_code_label""]",target_code_label,null,
"[""optimized_artifact"",""source_value_mappings"",261,""mapping_type""]",mapping_type,string,UNRESOLVED
"[""optimized_artifact"",""source_value_mappings"",261,""target_standard""]",target_standard,string,ISO 4217 candidate
"[""optimized_artifact"",""source_value_mappings"",261,""notes""]",notes,string,Do not infer ISO 4217 code.
"[""optimized_artifact"",""source_value_mappings"",261,""evidence_quote""]",evidence_quote,string,The report does not name the local currency.
"[""optimized_artifact"",""source_value_mappings"",262]",262,object,
"[""optimized_artifact"",""source_value_mappings"",262,""source_value""]",source_value,string,Survey estimate
"[""optimized_artifact"",""source_value_mappings"",262,""source_context""]",source_context,string,example_05_prices_consumption.pdf; household Status
"[""optimized_artifact"",""source_value_mappings"",262,""target_field""]",target_field,string,KF_SYNTH_HH_SPENDING_RESIDENCE_QUINTILE_ANNUAL.ESTIMATION_TYPE
"[""optimized_artifact"",""source_value_mappings"",262,""target_code""]",target_code,string,SURVEY_ESTIMATE
"[""optimized_artifact"",""source_value_mappings"",262,""target_code_label""]",target_code_label,string,Survey estimate
"[""optimized_artifact"",""source_value_mappings"",262,""mapping_type""]",mapping_type,string,EXACT
"[""optimized_artifact"",""source_value_mappings"",262,""target_standard""]",target_standard,string,CL_LOCAL_REPORT_STATUS v1.0 used as estimation-type qualifier
"[""optimized_artifact"",""source_value_mappings"",262,""notes""]",notes,string,"Mapped as ESTIMATION_TYPE, not OBS_STATUS."
"[""optimized_artifact"",""source_value_mappings"",262,""evidence_quote""]",evidence_quote,string,Survey estimate
"[""optimized_artifact"",""source_value_mappings"",263]",263,object,
"[""optimized_artifact"",""source_value_mappings"",263,""source_value""]",source_value,string,Survey estimates are subject to sampling error.
"[""optimized_artifact"",""source_value_mappings"",263,""source_context""]",source_context,string,example_05_prices_consumption.pdf; caveats
"[""optimized_artifact"",""source_value_mappings"",263,""target_field""]",target_field,string,KF_SYNTH_HH_SPENDING_RESIDENCE_QUINTILE_ANNUAL.ESTIMATION_TYPE
"[""optimized_artifact"",""source_value_mappings"",263,""target_code""]",target_code,string,SURVEY_ESTIMATE
"[""optimized_artifact"",""source_value_mappings"",263,""target_code_label""]",target_code_label,string,Survey estimate
"[""optimized_artifact"",""source_value_mappings"",263,""mapping_type""]",mapping_type,string,DERIVED
"[""optimized_artifact"",""source_value_mappings"",263,""target_standard""]",target_standard,string,CL_LOCAL_REPORT_STATUS v1.0 used as estimation-type qualifier
"[""optimized_artifact"",""source_value_mappings"",263,""notes""]",notes,string,Restored sampling-error caveat mapping to survey-estimate qualifier.
"[""optimized_artifact"",""source_value_mappings"",263,""evidence_quote""]",evidence_quote,string,Survey estimates are subject to sampling error.
"[""optimized_artifact"",""source_value_mappings"",264]",264,object,
"[""optimized_artifact"",""source_value_mappings"",264,""source_value""]",source_value,string,Household spending is mean monthly consumption expenditure per household.
"[""optimized_artifact"",""source_value_mappings"",264,""source_context""]",source_context,string,example_05_prices_consumption.pdf; definitions
"[""optimized_artifact"",""source_value_mappings"",264,""target_field""]",target_field,string,KF_SYNTH_HH_SPENDING_RESIDENCE_QUINTILE_ANNUAL.STAT_UNIT
"[""optimized_artifact"",""source_value_mappings"",264,""target_code""]",target_code,null,
"[""optimized_artifact"",""source_value_mappings"",264,""target_code_label""]",target_code_label,string,household
"[""optimized_artifact"",""source_value_mappings"",264,""mapping_type""]",mapping_type,string,DERIVED
"[""optimized_artifact"",""source_value_mappings"",264,""target_standard""]",target_standard,string,Local controlled string
"[""optimized_artifact"",""source_value_mappings"",264,""notes""]",notes,string,Derives household statistical unit.
"[""optimized_artifact"",""source_value_mappings"",264,""evidence_quote""]",evidence_quote,string,Household spending is mean monthly consumption expenditure per household.
"[""optimized_artifact"",""source_value_mappings"",265]",265,object,
"[""optimized_artifact"",""source_value_mappings"",265,""source_value""]",source_value,string,CPI measures price change relative to 2023=100. Household spending is mean monthly consumption expenditure per household.
"[""optimized_artifact"",""source_value_mappings"",265,""source_context""]",source_context,string,example_05_prices_consumption.pdf; Definitions
"[""optimized_artifact"",""source_value_mappings"",265,""target_field""]",target_field,string,REPORT_METADATA.STAT_CONCEPT_DEF
"[""optimized_artifact"",""source_value_mappings"",265,""target_code""]",target_code,null,
"[""optimized_artifact"",""source_value_mappings"",265,""target_code_label""]",target_code_label,null,
"[""optimized_artifact"",""source_value_mappings"",265,""mapping_type""]",mapping_type,string,EXACT
"[""optimized_artifact"",""source_value_mappings"",265,""target_standard""]",target_standard,string,Reference metadata
"[""optimized_artifact"",""source_value_mappings"",265,""notes""]",notes,string,Prices/consumption definitions.
"[""optimized_artifact"",""source_value_mappings"",265,""evidence_quote""]",evidence_quote,string,CPI measures price change relative to 2023=100. Household spending is mean monthly consumption expenditure per household.
"[""optimized_artifact"",""source_value_mappings"",266]",266,object,
"[""optimized_artifact"",""source_value_mappings"",266,""source_value""]",source_value,string,The CPI is a monthly fixed-basket index classified by consumption division. Household spending is an annual survey estimate by residence and expenditure quintile and is not a CPI observation.
"[""optimized_artifact"",""source_value_mappings"",266,""source_context""]",source_context,string,example_05_prices_consumption.pdf; Methodology
"[""optimized_artifact"",""source_value_mappings"",266,""target_field""]",target_field,string,REPORT_METADATA.METHODOLOGY
"[""optimized_artifact"",""source_value_mappings"",266,""target_code""]",target_code,null,
"[""optimized_artifact"",""source_value_mappings"",266,""target_code_label""]",target_code_label,null,
"[""optimized_artifact"",""source_value_mappings"",266,""mapping_type""]",mapping_type,string,EXACT
"[""optimized_artifact"",""source_value_mappings"",266,""target_standard""]",target_standard,string,Reference metadata
"[""optimized_artifact"",""source_value_mappings"",266,""notes""]",notes,string,Prices/consumption methodology.
"[""optimized_artifact"",""source_value_mappings"",266,""evidence_quote""]",evidence_quote,string,The CPI is a monthly fixed-basket index classified by consumption division. Household spending is an annual survey estimate by residence and expenditure quintile and is not a CPI observation.
"[""optimized_artifact"",""source_value_mappings"",267]",267,object,
"[""optimized_artifact"",""source_value_mappings"",267,""source_value""]",source_value,string,Consumption divisions resemble COICOP but the revision is not confirmed. The report does not name the local currency. Survey estimates are subject to sampling error.
"[""optimized_artifact"",""source_value_mappings"",267,""source_context""]",source_context,string,example_05_prices_consumption.pdf; Caveats and limitations
"[""optimized_artifact"",""source_value_mappings"",267,""target_field""]",target_field,string,REPORT_METADATA.LIMITATIONS
"[""optimized_artifact"",""source_value_mappings"",267,""target_code""]",target_code,null,
"[""optimized_artifact"",""source_value_mappings"",267,""target_code_label""]",target_code_label,null,
"[""optimized_artifact"",""source_value_mappings"",267,""mapping_type""]",mapping_type,string,EXACT
"[""optimized_artifact"",""source_value_mappings"",267,""target_standard""]",target_standard,string,Reference metadata
"[""optimized_artifact"",""source_value_mappings"",267,""notes""]",notes,string,Full prices/consumption limitations restored.
"[""optimized_artifact"",""source_value_mappings"",267,""evidence_quote""]",evidence_quote,string,Consumption divisions resemble COICOP but the revision is not confirmed. The report does not name the local currency. Survey estimates are subject to sampling error.
"[""optimized_artifact"",""source_value_mappings"",268]",268,object,
"[""optimized_artifact"",""source_value_mappings"",268,""source_value""]",source_value,string,The latest CPI month is provisional.
"[""optimized_artifact"",""source_value_mappings"",268,""source_context""]",source_context,string,example_05_prices_consumption.pdf; Revision policy
"[""optimized_artifact"",""source_value_mappings"",268,""target_field""]",target_field,string,REPORT_METADATA.DATA_REV
"[""optimized_artifact"",""source_value_mappings"",268,""target_code""]",target_code,null,
"[""optimized_artifact"",""source_value_mappings"",268,""target_code_label""]",target_code_label,null,
"[""optimized_artifact"",""source_value_mappings"",268,""mapping_type""]",mapping_type,string,EXACT
"[""optimized_artifact"",""source_value_mappings"",268,""target_standard""]",target_standard,string,Reference metadata
"[""optimized_artifact"",""source_value_mappings"",268,""notes""]",notes,string,Prices/consumption revision policy.
"[""optimized_artifact"",""source_value_mappings"",268,""evidence_quote""]",evidence_quote,string,The latest CPI month is provisional.
"[""optimized_artifact"",""source_value_mappings"",269]",269,object,
"[""optimized_artifact"",""source_value_mappings"",269,""source_value""]",source_value,string,All records and values are synthetic. No person-level or confidential data are included.
"[""optimized_artifact"",""source_value_mappings"",269,""source_context""]",source_context,string,example_05_prices_consumption.pdf; Confidentiality
"[""optimized_artifact"",""source_value_mappings"",269,""target_field""]",target_field,string,REPORT_METADATA.CONF
"[""optimized_artifact"",""source_value_mappings"",269,""target_code""]",target_code,null,
"[""optimized_artifact"",""source_value_mappings"",269,""target_code_label""]",target_code_label,null,
"[""optimized_artifact"",""source_value_mappings"",269,""mapping_type""]",mapping_type,string,EXACT
"[""optimized_artifact"",""source_value_mappings"",269,""target_standard""]",target_standard,string,Reference metadata CONF candidate
"[""optimized_artifact"",""source_value_mappings"",269,""notes""]",notes,string,Prices/consumption confidentiality metadata.
"[""optimized_artifact"",""source_value_mappings"",269,""evidence_quote""]",evidence_quote,string,All records and values are synthetic. No person-level or confidential data are included.
"[""optimized_artifact"",""unresolved""]",unresolved,array,
"[""optimized_artifact"",""unresolved"",0]",0,string,"Confirm exact SDMX CL_FREQ maintenance agency, version and code values for quarterly, monthly and annual frequencies. PDF labour uses local QUARTERLY/MONTHLY; health and education annual FREQ remains blank/unresolved; agriculture and prices A/M are review-required candidates; XML codelists are source-local with versions not stated."
"[""optimized_artifact"",""unresolved"",1]",1,string,"Confirm exact SDMX CL_SEX version/codes before mapping PDF Women/Female, Men/Male and Total categories. XML labour CL_LAB_SEX is preserved separately and is not evidence for PDF sex-code mappings."
"[""optimized_artifact"",""unresolved"",2]",2,string,"Confirm exact SDMX CL_OBS_STATUS version and mappings for Final, Provisional, Estimated, Modelled estimate, Forecast and Observed. Survey estimate in prices remains ESTIMATION_TYPE, not OBS_STATUS."
"[""optimized_artifact"",""unresolved"",3]",3,string,"Confirm whether education Modelled estimate belongs in OBS_STATUS, a separate estimation-method attribute, or reference metadata."
"[""optimized_artifact"",""unresolved"",4]",4,string,Confirm SDMX CL_SEASONAL_ADJUST version/code for Seasonally adjusted before replacing the PDF labour local seasonal-adjustment code.
"[""optimized_artifact"",""unresolved"",5]",5,string,"Confirm whether any authoritative geography code system applies to Northland, Centralia and South Coast. Do not merge labour, health and agriculture local area lists until governance and semantic identity are established."
"[""optimized_artifact"",""unresolved"",6]",6,string,"Do not map labour Manufacturing, Construction or Information services to ISIC without confirmed revision and correspondence."
"[""optimized_artifact"",""unresolved"",7]",7,string,Do not map health Circulatory diseases or Neoplasms to ICD without confirmed ICD version and scope.
"[""optimized_artifact"",""unresolved"",8]",8,string,"Perform UNESCO ISCED mapping review for Primary, Lower secondary and Upper secondary, including revision/version and code scope."
"[""optimized_artifact"",""unresolved"",9]",9,string,Clarify education enrollment Total sex inclusion rules; do not assume it aggregates only Female and Male.
"[""optimized_artifact"",""unresolved"",10]",10,string,Clarify education wealth-quintile construction and complete category set; do not invent missing quintiles.
"[""optimized_artifact"",""unresolved"",11]",11,string,"Review Rice, Maize and Cassava against authoritative crop/product classifications and record version."
"[""optimized_artifact"",""unresolved"",12]",12,string,Review Urea and Compound NPK against CPC or another fertilizer product classification and record version.
"[""optimized_artifact"",""unresolved"",13]",13,string,"Confirm authoritative unit codelist/code mappings for Percent, Open positions, Deaths, Beds, Students, Hectares, Tonnes, CPI index 2023=100, USD_MN and local-currency units."
"[""optimized_artifact"",""unresolved"",14]",14,string,Agriculture fertilizer price unit and prices household spending unit cannot be fully standardised until unnamed local currency is identified or a governed placeholder policy is approved.
"[""optimized_artifact"",""unresolved"",15]",15,string,"Confirm COICOP revision and exact codes for PDF Food and non-alcoholic beverages, Housing and utilities and Transport before external classification mapping; keep XML CPI PRODUCT_GROUP codes separate."
"[""optimized_artifact"",""unresolved"",16]",16,string,"Confirm whether prices Urban and Rural follow a standard residence, urban/rural or degree-of-urbanisation classification before external mapping."
"[""optimized_artifact"",""unresolved"",17]",17,string,Only lowest and highest expenditure quintiles are evidenced in prices/consumption; do not create middle-quintile codes without evidence.
"[""optimized_artifact"",""unresolved"",18]",18,string,"No REF_AREA is stated for PDF labour vacancies, PDF education or PDF prices/consumption; do not invent geographic mappings without source evidence."
"[""optimized_artifact"",""unresolved"",19]",19,string,"Confirm exact SDMX reference metadata concept IDs and attachment levels for compiling organisation, publication date, methodology, source data, definitions, limitations, revision policy, confidentiality and source URL before formal MSD production."
"[""optimized_artifact"",""unresolved"",20]",20,string,"Population, consumer-prices, labour-market and external-trade XML artefacts were mechanically imported; external standard sources, exact codelist versions and source URLs were not stated in XML and must be verified before production dissemination."
"[""optimized_artifact"",""unresolved"",21]",21,string,"STRUCTURE_ID values are local aggregate routing aliases, not mechanically imported XML field values unless separately governed by accepted DSD/dataflow artefacts."
